{"type":"FeatureCollection","features":[{"type":"Feature","id":0,"geometry":{"type":"Point","coordinates":[-98.204238174907616,37.970853384590256]},"properties":{"FID":0,"STATE":"Kansas","NHGISST":"200","PLACE":"Abbyville city","NAME":"Abbyville","NHGISPLACE":"G200001000","YEAR":1990,"GISJOIN":"G20000100"}},{"type":"Feature","id":1,"geometry":{"type":"Point","coordinates":[-97.213917512091754,38.917228398301617]},"properties":{"FID":1,"STATE":"Kansas","NHGISST":"200","PLACE":"Abilene city","NAME":"Abilene","NHGISPLACE":"G200001250","YEAR":1990,"GISJOIN":"G20000125"}},{"type":"Feature","id":2,"geometry":{"type":"Point","coordinates":[-96.103056895090262,38.641126518215735]},"properties":{"FID":2,"STATE":"Kansas","NHGISST":"200","PLACE":"Admire city","NAME":"Admire","NHGISPLACE":"G200003250","YEAR":1990,"GISJOIN":"G20000325"}},{"type":"Feature","id":3,"geometry":{"type":"Point","coordinates":[-97.431711748572184,39.707786612419916]},"properties":{"FID":3,"STATE":"Kansas","NHGISST":"200","PLACE":"Agenda city","NAME":"Agenda","NHGISPLACE":"G200004750","YEAR":1990,"GISJOIN":"G20000475"}},{"type":"Feature","id":4,"geometry":{"type":"Point","coordinates":[-99.119263086988724,39.761684414350547]},"properties":{"FID":4,"STATE":"Kansas","NHGISST":"200","PLACE":"Agra city","NAME":"Agra","NHGISPLACE":"G200005500","YEAR":1990,"GISJOIN":"G20000550"}},{"type":"Feature","id":5,"geometry":{"type":"Point","coordinates":[-99.011492125067079,38.45279721434396]},"properties":{"FID":5,"STATE":"Kansas","NHGISST":"200","PLACE":"Albert city","NAME":"Albert","NHGISPLACE":"G200008250","YEAR":1990,"GISJOIN":"G20000825"}},{"type":"Feature","id":6,"geometry":{"type":"Point","coordinates":[-98.312018827628521,38.242240122162585]},"properties":{"FID":6,"STATE":"Kansas","NHGISST":"200","PLACE":"Alden city","NAME":"Alden","NHGISPLACE":"G200009500","YEAR":1990,"GISJOIN":"G20000950"}},{"type":"Feature","id":7,"geometry":{"type":"Point","coordinates":[-99.55317836319351,38.469465384675487]},"properties":{"FID":7,"STATE":"Kansas","NHGISST":"200","PLACE":"Alexander city","NAME":"Alexander","NHGISPLACE":"G200010500","YEAR":1990,"GISJOIN":"G20001050"}},{"type":"Feature","id":8,"geometry":{"type":"Point","coordinates":[-96.169725113788601,38.656125916226344]},"properties":{"FID":8,"STATE":"Kansas","NHGISST":"200","PLACE":"Allen city","NAME":"Allen","NHGISPLACE":"G200012750","YEAR":1990,"GISJOIN":"G20001275"}},{"type":"Feature","id":9,"geometry":{"type":"Point","coordinates":[-96.289170280332556,39.016672569440274]},"properties":{"FID":9,"STATE":"Kansas","NHGISST":"200","PLACE":"Alma city","NAME":"Alma","NHGISPLACE":"G200013500","YEAR":1990,"GISJOIN":"G20001350"}},{"type":"Feature","id":10,"geometry":{"type":"Point","coordinates":[-99.707066849075801,39.892236196409939]},"properties":{"FID":10,"STATE":"Kansas","NHGISST":"200","PLACE":"Almena city","NAME":"Almena","NHGISPLACE":"G200014250","YEAR":1990,"GISJOIN":"G20001425"}},{"type":"Feature","id":11,"geometry":{"type":"Point","coordinates":[-95.297200253849567,37.190351414310605]},"properties":{"FID":11,"STATE":"Kansas","NHGISST":"200","PLACE":"Altamont city","NAME":"Altamont","NHGISPLACE":"G200015500","YEAR":1990,"GISJOIN":"G20001550"}},{"type":"Feature","id":12,"geometry":{"type":"Point","coordinates":[-96.489175718114993,38.863898432644028]},"properties":{"FID":12,"STATE":"Kansas","NHGISST":"200","PLACE":"Alta Vista city","NAME":"Alta Vista","NHGISPLACE":"G200015750","YEAR":1990,"GISJOIN":"G20001575"}},{"type":"Feature","id":13,"geometry":{"type":"Point","coordinates":[-98.948147512595213,39.470850479309526]},"properties":{"FID":13,"STATE":"Kansas","NHGISST":"200","PLACE":"Alton city","NAME":"Alton","NHGISPLACE":"G200016000","YEAR":1990,"GISJOIN":"G20001600"}},{"type":"Feature","id":14,"geometry":{"type":"Point","coordinates":[-95.661377178433682,37.523950052442608]},"properties":{"FID":14,"STATE":"Kansas","NHGISST":"200","PLACE":"Altoona city","NAME":"Altoona","NHGISPLACE":"G200016250","YEAR":1990,"GISJOIN":"G20001625"}},{"type":"Feature","id":15,"geometry":{"type":"Point","coordinates":[-96.261950324175629,38.506962786291574]},"properties":{"FID":15,"STATE":"Kansas","NHGISST":"200","PLACE":"Americus city","NAME":"Americus","NHGISPLACE":"G200016750","YEAR":1990,"GISJOIN":"G20001675"}},{"type":"Feature","id":16,"geometry":{"type":"Point","coordinates":[-97.629500112488174,37.790573587672107]},"properties":{"FID":16,"STATE":"Kansas","NHGISST":"200","PLACE":"Andale city","NAME":"Andale","NHGISPLACE":"G200017750","YEAR":1990,"GISJOIN":"G20001775"}},{"type":"Feature","id":17,"geometry":{"type":"Point","coordinates":[-97.136437378979551,37.713910703301799]},"properties":{"FID":17,"STATE":"Kansas","NHGISST":"200","PLACE":"Andover city","NAME":"Andover","NHGISPLACE":"G200018000","YEAR":1990,"GISJOIN":"G20001800"}},{"type":"Feature","id":18,"geometry":{"type":"Point","coordinates":[-98.031180957586983,37.15336185825899]},"properties":{"FID":18,"STATE":"Kansas","NHGISST":"200","PLACE":"Anthony city","NAME":"Anthony","NHGISPLACE":"G200019750","YEAR":1990,"GISJOIN":"G20001975"}},{"type":"Feature","id":19,"geometry":{"type":"Point","coordinates":[-94.623855414146931,37.641996029617751]},"properties":{"FID":19,"STATE":"Kansas","NHGISST":"200","PLACE":"Arcadia city","NAME":"Arcadia","NHGISPLACE":"G200021750","YEAR":1990,"GISJOIN":"G20002175"}},{"type":"Feature","id":20,"geometry":{"type":"Point","coordinates":[-97.765617300429639,37.265860491682083]},"properties":{"FID":20,"STATE":"Kansas","NHGISST":"200","PLACE":"Argonia city","NAME":"Argonia","NHGISPLACE":"G200022500","YEAR":1990,"GISJOIN":"G20002250"}},{"type":"Feature","id":21,"geometry":{"type":"Point","coordinates":[-97.038379096170488,37.061980097890249]},"properties":{"FID":21,"STATE":"Kansas","NHGISST":"200","PLACE":"Arkansas City city","NAME":"Arkansas City","NHGISPLACE":"G200023000","YEAR":1990,"GISJOIN":"G20002300"}},{"type":"Feature","id":22,"geometry":{"type":"Point","coordinates":[-98.178682162047295,37.896687373649236]},"properties":{"FID":22,"STATE":"Kansas","NHGISST":"200","PLACE":"Arlington city","NAME":"Arlington","NHGISPLACE":"G200023250","YEAR":1990,"GISJOIN":"G20002325"}},{"type":"Feature","id":23,"geometry":{"type":"Point","coordinates":[-94.700246826118743,37.543942508649621]},"properties":{"FID":23,"STATE":"Kansas","NHGISST":"200","PLACE":"Arma city","NAME":"Arma","NHGISPLACE":"G200023750","YEAR":1990,"GISJOIN":"G20002375"}},{"type":"Feature","id":24,"geometry":{"type":"Point","coordinates":[-99.765691995397873,37.188643965949076]},"properties":{"FID":24,"STATE":"Kansas","NHGISST":"200","PLACE":"Ashland city","NAME":"Ashland","NHGISPLACE":"G200026750","YEAR":1990,"GISJOIN":"G20002675"}},{"type":"Feature","id":25,"geometry":{"type":"Point","coordinates":[-97.604488789525021,38.68028933635712]},"properties":{"FID":25,"STATE":"Kansas","NHGISST":"200","PLACE":"Assaria city","NAME":"Assaria","NHGISPLACE":"G200028500","YEAR":1990,"GISJOIN":"G20002850"}},{"type":"Feature","id":26,"geometry":{"type":"Point","coordinates":[-95.121643225206128,39.563059129490064]},"properties":{"FID":26,"STATE":"Kansas","NHGISST":"200","PLACE":"Atchison city","NAME":"Atchison","NHGISPLACE":"G200029000","YEAR":1990,"GISJOIN":"G20002900"}},{"type":"Feature","id":27,"geometry":{"type":"Point","coordinates":[-98.919532837032421,39.765018526891055]},"properties":{"FID":27,"STATE":"Kansas","NHGISST":"200","PLACE":"Athol city","NAME":"Athol","NHGISPLACE":"G200030250","YEAR":1990,"GISJOIN":"G20003025"}},{"type":"Feature","id":28,"geometry":{"type":"Point","coordinates":[-96.764759558501666,37.436416976931774]},"properties":{"FID":28,"STATE":"Kansas","NHGISST":"200","PLACE":"Atlanta city","NAME":"Atlanta","NHGISPLACE":"G200030500","YEAR":1990,"GISJOIN":"G20003050"}},{"type":"Feature","id":29,"geometry":{"type":"Point","coordinates":[-98.226743214447126,37.24141656164165]},"properties":{"FID":29,"STATE":"Kansas","NHGISST":"200","PLACE":"Attica city","NAME":"Attica","NHGISPLACE":"G200031000","YEAR":1990,"GISJOIN":"G20003100"}},{"type":"Feature","id":30,"geometry":{"type":"Point","coordinates":[-101.04211037324718,39.80667469616499]},"properties":{"FID":30,"STATE":"Kansas","NHGISST":"200","PLACE":"Atwood city","NAME":"Atwood","NHGISPLACE":"G200031500","YEAR":1990,"GISJOIN":"G20003150"}},{"type":"Feature","id":31,"geometry":{"type":"Point","coordinates":[-95.816104544867514,38.906120879040245]},"properties":{"FID":31,"STATE":"Kansas","NHGISST":"200","PLACE":"Auburn city","NAME":"Auburn","NHGISPLACE":"G200032500","YEAR":1990,"GISJOIN":"G20003250"}},{"type":"Feature","id":32,"geometry":{"type":"Point","coordinates":[-96.976710334513314,37.686691007654886]},"properties":{"FID":32,"STATE":"Kansas","NHGISST":"200","PLACE":"Augusta city","NAME":"Augusta","NHGISPLACE":"G200033000","YEAR":1990,"GISJOIN":"G20003300"}},{"type":"Feature","id":33,"geometry":{"type":"Point","coordinates":[-97.527264746764303,39.451949665098674]},"properties":{"FID":33,"STATE":"Kansas","NHGISST":"200","PLACE":"Aurora city","NAME":"Aurora","NHGISPLACE":"G200034250","YEAR":1990,"GISJOIN":"G20003425"}},{"type":"Feature","id":34,"geometry":{"type":"Point","coordinates":[-96.258906457846976,39.871673211291366]},"properties":{"FID":34,"STATE":"Kansas","NHGISST":"200","PLACE":"Axtell city","NAME":"Axtell","NHGISPLACE":"G200036000","YEAR":1990,"GISJOIN":"G20003600"}},{"type":"Feature","id":35,"geometry":{"type":"Point","coordinates":[-95.186367865694848,38.775013893053504]},"properties":{"FID":35,"STATE":"Kansas","NHGISST":"200","PLACE":"Baldwin City city","NAME":"Baldwin City","NHGISPLACE":"G200039000","YEAR":1990,"GISJOIN":"G20003900"}},{"type":"Feature","id":36,"geometry":{"type":"Point","coordinates":[-98.041999751807751,39.190567191509757]},"properties":{"FID":36,"STATE":"Kansas","NHGISST":"200","PLACE":"Barnard city","NAME":"Barnard","NHGISPLACE":"G200042250","YEAR":1990,"GISJOIN":"G20004225"}},{"type":"Feature","id":37,"geometry":{"type":"Point","coordinates":[-96.874473903112502,39.711953447209659]},"properties":{"FID":37,"STATE":"Kansas","NHGISST":"200","PLACE":"Barnes city","NAME":"Barnes","NHGISPLACE":"G200042500","YEAR":1990,"GISJOIN":"G20004250"}},{"type":"Feature","id":38,"geometry":{"type":"Point","coordinates":[-95.21080662067854,37.054799295554595]},"properties":{"FID":38,"STATE":"Kansas","NHGISST":"200","PLACE":"Bartlett city","NAME":"Bartlett","NHGISPLACE":"G200043500","YEAR":1990,"GISJOIN":"G20004350"}},{"type":"Feature","id":39,"geometry":{"type":"Point","coordinates":[-94.938583834184868,39.141676169401684]},"properties":{"FID":39,"STATE":"Kansas","NHGISST":"200","PLACE":"Basehor city","NAME":"Basehor","NHGISPLACE":"G200044000","YEAR":1990,"GISJOIN":"G20004400"}},{"type":"Feature","id":40,"geometry":{"type":"Point","coordinates":[-95.404155743452066,37.90282093255199]},"properties":{"FID":40,"STATE":"Kansas","NHGISST":"200","PLACE":"Bassett city","NAME":"Bassett","NHGISPLACE":"G200044500","YEAR":1990,"GISJOIN":"G20004450"}},{"type":"Feature","id":41,"geometry":{"type":"Point","coordinates":[-94.735511491978627,37.023682515029222]},"properties":{"FID":41,"STATE":"Kansas","NHGISST":"200","PLACE":"Baxter Springs city","NAME":"Baxter Springs","NHGISPLACE":"G200046250","YEAR":1990,"GISJOIN":"G20004625"}},{"type":"Feature","id":42,"geometry":{"type":"Point","coordinates":[-99.692071695110968,38.444465971837985]},"properties":{"FID":42,"STATE":"Kansas","NHGISST":"200","PLACE":"Bazine city","NAME":"Bazine","NHGISPLACE":"G200047750","YEAR":1990,"GISJOIN":"G20004775"}},{"type":"Feature","id":43,"geometry":{"type":"Point","coordinates":[-96.419744399383376,39.861118698988363]},"properties":{"FID":43,"STATE":"Kansas","NHGISST":"200","PLACE":"Beattie city","NAME":"Beattie","NHGISPLACE":"G200049000","YEAR":1990,"GISJOIN":"G20004900"}},{"type":"Feature","id":44,"geometry":{"type":"Point","coordinates":[-97.281162987520233,37.393916340467861]},"properties":{"FID":44,"STATE":"Kansas","NHGISST":"200","PLACE":"Belle Plaine city","NAME":"Belle Plaine","NHGISPLACE":"G200055000","YEAR":1990,"GISJOIN":"G20005500"}},{"type":"Feature","id":45,"geometry":{"type":"Point","coordinates":[-97.632549812345999,39.824457018331181]},"properties":{"FID":45,"STATE":"Kansas","NHGISST":"200","PLACE":"Belleville city","NAME":"Belleville","NHGISPLACE":"G200056000","YEAR":1990,"GISJOIN":"G20005600"}},{"type":"Feature","id":46,"geometry":{"type":"Point","coordinates":[-98.106167895498686,39.456124630008603]},"properties":{"FID":46,"STATE":"Kansas","NHGISST":"200","PLACE":"Beloit city","NAME":"Beloit","NHGISPLACE":"G200057750","YEAR":1990,"GISJOIN":"G20005775"}},{"type":"Feature","id":47,"geometry":{"type":"Point","coordinates":[-99.100390899291156,37.950022028734438]},"properties":{"FID":47,"STATE":"Kansas","NHGISST":"200","PLACE":"Belpre city","NAME":"Belpre","NHGISPLACE":"G200058250","YEAR":1990,"GISJOIN":"G20005825"}},{"type":"Feature","id":48,"geometry":{"type":"Point","coordinates":[-96.178058870079212,39.216670309045718]},"properties":{"FID":48,"STATE":"Kansas","NHGISST":"200","PLACE":"Belvue city","NAME":"Belvue","NHGISPLACE":"G200059250","YEAR":1990,"GISJOIN":"G20005925"}},{"type":"Feature","id":49,"geometry":{"type":"Point","coordinates":[-95.750544910210891,37.62533336515191]},"properties":{"FID":49,"STATE":"Kansas","NHGISST":"200","PLACE":"Benedict city","NAME":"Benedict","NHGISPLACE":"G200060000","YEAR":1990,"GISJOIN":"G20006000"}},{"type":"Feature","id":50,"geometry":{"type":"Point","coordinates":[-97.594207421402672,39.030562393057878]},"properties":{"FID":50,"STATE":"Kansas","NHGISST":"200","PLACE":"Bennington city","NAME":"Bennington","NHGISPLACE":"G200060750","YEAR":1990,"GISJOIN":"G20006075"}},{"type":"Feature","id":51,"geometry":{"type":"Point","coordinates":[-97.516996091478532,37.886129410497894]},"properties":{"FID":51,"STATE":"Kansas","NHGISST":"200","PLACE":"Bentley city","NAME":"Bentley","NHGISPLACE":"G200061250","YEAR":1990,"GISJOIN":"G20006125"}},{"type":"Feature","id":52,"geometry":{"type":"Point","coordinates":[-97.108657778076676,37.788910517244155]},"properties":{"FID":52,"STATE":"Kansas","NHGISST":"200","PLACE":"Benton city","NAME":"Benton","NHGISPLACE":"G200061750","YEAR":1990,"GISJOIN":"G20006175"}},{"type":"Feature","id":53,"geometry":{"type":"Point","coordinates":[-95.971950091209237,39.962228842949663]},"properties":{"FID":53,"STATE":"Kansas","NHGISST":"200","PLACE":"Bern city","NAME":"Bern","NHGISPLACE":"G200062750","YEAR":1990,"GISJOIN":"G20006275"}},{"type":"Feature","id":54,"geometry":{"type":"Point","coordinates":[-97.975610516978762,39.012789267617087]},"properties":{"FID":54,"STATE":"Kansas","NHGISST":"200","PLACE":"Beverly city","NAME":"Beverly","NHGISPLACE":"G200065000","YEAR":1990,"GISJOIN":"G20006500"}},{"type":"Feature","id":55,"geometry":{"type":"Point","coordinates":[-101.53295308761103,39.750835354988702]},"properties":{"FID":55,"STATE":"Kansas","NHGISST":"200","PLACE":"Bird City city","NAME":"Bird City","NHGISPLACE":"G200068250","YEAR":1990,"GISJOIN":"G20006825"}},{"type":"Feature","id":56,"geometry":{"type":"Point","coordinates":[-99.197330978614261,38.522797414518834]},"properties":{"FID":56,"STATE":"Kansas","NHGISST":"200","PLACE":"Bison city","NAME":"Bison","NHGISPLACE":"G200069500","YEAR":1990,"GISJOIN":"G20006950"}},{"type":"Feature","id":57,"geometry":{"type":"Point","coordinates":[-95.006366755889871,38.090037087135869]},"properties":{"FID":57,"STATE":"Kansas","NHGISST":"200","PLACE":"Blue Mound city","NAME":"Blue Mound","NHGISPLACE":"G200076000","YEAR":1990,"GISJOIN":"G20007600"}},{"type":"Feature","id":58,"geometry":{"type":"Point","coordinates":[-96.659746743665337,39.681951655640191]},"properties":{"FID":58,"STATE":"Kansas","NHGISST":"200","PLACE":"Blue Rapids city","NAME":"Blue Rapids","NHGISPLACE":"G200076500","YEAR":1990,"GISJOIN":"G20007650"}},{"type":"Feature","id":59,"geometry":{"type":"Point","coordinates":[-97.875065310662251,37.076418953793031]},"properties":{"FID":59,"STATE":"Kansas","NHGISST":"200","PLACE":"Bluff City city","NAME":"Bluff City","NHGISPLACE":"G200077750","YEAR":1990,"GISJOIN":"G20007775"}},{"type":"Feature","id":60,"geometry":{"type":"Point","coordinates":[-99.687345187320076,39.362513816184624]},"properties":{"FID":60,"STATE":"Kansas","NHGISST":"200","PLACE":"Bogue city","NAME":"Bogue","NHGISPLACE":"G200078250","YEAR":1990,"GISJOIN":"G20007825"}},{"type":"Feature","id":61,"geometry":{"type":"Point","coordinates":[-94.883582912105211,39.059732959287452]},"properties":{"FID":61,"STATE":"Kansas","NHGISST":"200","PLACE":"Bonner Springs city","NAME":"Bonner Springs","NHGISPLACE":"G200079750","YEAR":1990,"GISJOIN":"G20007975"}},{"type":"Feature","id":62,"geometry":{"type":"Point","coordinates":[-101.37683870738269,39.366675308546448]},"properties":{"FID":62,"STATE":"Kansas","NHGISST":"200","PLACE":"Brewster city","NAME":"Brewster","NHGISPLACE":"G200084250","YEAR":1990,"GISJOIN":"G20008425"}},{"type":"Feature","id":63,"geometry":{"type":"Point","coordinates":[-95.073315156085528,37.89587754930055]},"properties":{"FID":63,"STATE":"Kansas","NHGISST":"200","PLACE":"Bronson city","NAME":"Bronson","NHGISPLACE":"G200084750","YEAR":1990,"GISJOIN":"G20008475"}},{"type":"Feature","id":64,"geometry":{"type":"Point","coordinates":[-97.868385466196685,38.775012435826604]},"properties":{"FID":64,"STATE":"Kansas","NHGISST":"200","PLACE":"Brookville city","NAME":"Brookville","NHGISPLACE":"G200085750","YEAR":1990,"GISJOIN":"G20008575"}},{"type":"Feature","id":65,"geometry":{"type":"Point","coordinates":[-99.746237928547515,38.640298399718404]},"properties":{"FID":65,"STATE":"Kansas","NHGISST":"200","PLACE":"Brownell city","NAME":"Brownell","NHGISPLACE":"G200086750","YEAR":1990,"GISJOIN":"G20008675"}},{"type":"Feature","id":66,"geometry":{"type":"Point","coordinates":[-99.634298695793589,37.547249331665299]},"properties":{"FID":66,"STATE":"Kansas","NHGISST":"200","PLACE":"Bucklin city","NAME":"Bucklin","NHGISPLACE":"G200090000","YEAR":1990,"GISJOIN":"G20009000"}},{"type":"Feature","id":67,"geometry":{"type":"Point","coordinates":[-95.697489803867754,37.709773582947953]},"properties":{"FID":67,"STATE":"Kansas","NHGISST":"200","PLACE":"Buffalo city","NAME":"Buffalo","NHGISPLACE":"G200091500","YEAR":1990,"GISJOIN":"G20009150"}},{"type":"Feature","id":68,"geometry":{"type":"Point","coordinates":[-97.770055980004116,38.134461236410885]},"properties":{"FID":68,"STATE":"Kansas","NHGISST":"200","PLACE":"Buhler city","NAME":"Buhler","NHGISPLACE":"G200092000","YEAR":1990,"GISJOIN":"G20009200"}},{"type":"Feature","id":69,"geometry":{"type":"Point","coordinates":[-98.703973989564446,38.875851200752813]},"properties":{"FID":69,"STATE":"Kansas","NHGISST":"200","PLACE":"Bunker Hill city","NAME":"Bunker Hill","NHGISPLACE":"G200092250","YEAR":1990,"GISJOIN":"G20009225"}},{"type":"Feature","id":70,"geometry":{"type":"Point","coordinates":[-96.754205144524661,37.312809056643943]},"properties":{"FID":70,"STATE":"Kansas","NHGISST":"200","PLACE":"Burden city","NAME":"Burden","NHGISPLACE":"G200092500","YEAR":1990,"GISJOIN":"G20009250"}},{"type":"Feature","id":71,"geometry":{"type":"Point","coordinates":[-99.526793029487138,38.191966542191437]},"properties":{"FID":71,"STATE":"Kansas","NHGISST":"200","PLACE":"Burdett city","NAME":"Burdett","NHGISPLACE":"G200092750","YEAR":1990,"GISJOIN":"G20009275"}},{"type":"Feature","id":72,"geometry":{"type":"Point","coordinates":[-95.83499453506937,38.753901552580182]},"properties":{"FID":72,"STATE":"Kansas","NHGISST":"200","PLACE":"Burlingame city","NAME":"Burlingame","NHGISPLACE":"G200093500","YEAR":1990,"GISJOIN":"G20009350"}},{"type":"Feature","id":73,"geometry":{"type":"Point","coordinates":[-95.742771759548518,38.194473463703609]},"properties":{"FID":73,"STATE":"Kansas","NHGISST":"200","PLACE":"Burlington city","NAME":"Burlington","NHGISPLACE":"G200094000","YEAR":1990,"GISJOIN":"G20009400"}},{"type":"Feature","id":74,"geometry":{"type":"Point","coordinates":[-96.886422347553278,38.090302380034331]},"properties":{"FID":74,"STATE":"Kansas","NHGISST":"200","PLACE":"Burns city","NAME":"Burns","NHGISPLACE":"G200094500","YEAR":1990,"GISJOIN":"G20009450"}},{"type":"Feature","id":75,"geometry":{"type":"Point","coordinates":[-98.305061289946295,39.86613098251577]},"properties":{"FID":75,"STATE":"Kansas","NHGISST":"200","PLACE":"Burr Oak city","NAME":"Burr Oak","NHGISPLACE":"G200095250","YEAR":1990,"GISJOIN":"G20009525"}},{"type":"Feature","id":76,"geometry":{"type":"Point","coordinates":[-97.669775644267119,38.02390672381776]},"properties":{"FID":76,"STATE":"Kansas","NHGISST":"200","PLACE":"Burrton city","NAME":"Burrton","NHGISPLACE":"G200095750","YEAR":1990,"GISJOIN":"G20009575"}},{"type":"Feature","id":77,"geometry":{"type":"Point","coordinates":[-96.257227335738918,38.643070508858436]},"properties":{"FID":77,"STATE":"Kansas","NHGISST":"200","PLACE":"Bushong city","NAME":"Bushong","NHGISPLACE":"G200096750","YEAR":1990,"GISJOIN":"G20009675"}},{"type":"Feature","id":78,"geometry":{"type":"Point","coordinates":[-98.395353175411543,38.512517160934884]},"properties":{"FID":78,"STATE":"Kansas","NHGISST":"200","PLACE":"Bushton city","NAME":"Bushton","NHGISPLACE":"G200097000","YEAR":1990,"GISJOIN":"G20009700"}},{"type":"Feature","id":79,"geometry":{"type":"Point","coordinates":[-98.867049125644229,37.787523115288906]},"properties":{"FID":79,"STATE":"Kansas","NHGISST":"200","PLACE":"Byers city","NAME":"Byers","NHGISPLACE":"G200098000","YEAR":1990,"GISJOIN":"G20009800"}},{"type":"Feature","id":80,"geometry":{"type":"Point","coordinates":[-97.607002639331796,37.032253461297266]},"properties":{"FID":80,"STATE":"Kansas","NHGISST":"200","PLACE":"Caldwell city","NAME":"Caldwell","NHGISPLACE":"G200099000","YEAR":1990,"GISJOIN":"G20009900"}},{"type":"Feature","id":81,"geometry":{"type":"Point","coordinates":[-96.664476421593008,37.316144261782192]},"properties":{"FID":81,"STATE":"Kansas","NHGISST":"200","PLACE":"Cambridge city","NAME":"Cambridge","NHGISPLACE":"G200101250","YEAR":1990,"GISJOIN":"G20010125"}},{"type":"Feature","id":82,"geometry":{"type":"Point","coordinates":[-96.823965367014452,39.06443668604998]},"properties":{"FID":82,"STATE":"Kansas","NHGISST":"200","PLACE":"Camp Forsyth CDP","NAME":"Camp Forsyth","NHGISPLACE":"G200101750","YEAR":1990,"GISJOIN":"G20010175"}},{"type":"Feature","id":83,"geometry":{"type":"Point","coordinates":[-95.935266006281537,37.011467348605791]},"properties":{"FID":83,"STATE":"Kansas","NHGISST":"200","PLACE":"Caney city","NAME":"Caney","NHGISPLACE":"G200103750","YEAR":1990,"GISJOIN":"G20010375"}},{"type":"Feature","id":84,"geometry":{"type":"Point","coordinates":[-97.428097615826005,38.386126098140842]},"properties":{"FID":84,"STATE":"Kansas","NHGISST":"200","PLACE":"Canton city","NAME":"Canton","NHGISPLACE":"G200104750","YEAR":1990,"GISJOIN":"G20010475"}},{"type":"Feature","id":85,"geometry":{"type":"Point","coordinates":[-95.689157502890083,38.818622371955335]},"properties":{"FID":85,"STATE":"Kansas","NHGISST":"200","PLACE":"Carbondale city","NAME":"Carbondale","NHGISPLACE":"G200106000","YEAR":1990,"GISJOIN":"G20010600"}},{"type":"Feature","id":86,"geometry":{"type":"Point","coordinates":[-97.293366709658258,38.687232655177922]},"properties":{"FID":86,"STATE":"Kansas","NHGISST":"200","PLACE":"Carlton city","NAME":"Carlton","NHGISPLACE":"G200106750","YEAR":1990,"GISJOIN":"G20010675"}},{"type":"Feature","id":87,"geometry":{"type":"Point","coordinates":[-96.639191479688179,38.038914186180882]},"properties":{"FID":87,"STATE":"Kansas","NHGISST":"200","PLACE":"Cassoday city","NAME":"Cassoday","NHGISPLACE":"G200109250","YEAR":1990,"GISJOIN":"G20010925"}},{"type":"Feature","id":88,"geometry":{"type":"Point","coordinates":[-98.433680185612786,39.512517218239736]},"properties":{"FID":88,"STATE":"Kansas","NHGISST":"200","PLACE":"Cawker City city","NAME":"Cawker City","NHGISPLACE":"G200111750","YEAR":1990,"GISJOIN":"G20011175"}},{"type":"Feature","id":89,"geometry":{"type":"Point","coordinates":[-98.94036773018297,39.657240109064155]},"properties":{"FID":89,"STATE":"Kansas","NHGISST":"200","PLACE":"Cedar city","NAME":"Cedar","NHGISPLACE":"G200113250","YEAR":1990,"GISJOIN":"G20011325"}},{"type":"Feature","id":90,"geometry":{"type":"Point","coordinates":[-96.819748647067428,38.260023613088578]},"properties":{"FID":90,"STATE":"Kansas","NHGISST":"200","PLACE":"Cedar Point city","NAME":"Cedar Point","NHGISPLACE":"G200114250","YEAR":1990,"GISJOIN":"G20011425"}},{"type":"Feature","id":91,"geometry":{"type":"Point","coordinates":[-96.500018960840762,37.104210434261311]},"properties":{"FID":91,"STATE":"Kansas","NHGISST":"200","PLACE":"Cedar Vale city","NAME":"Cedar Vale","NHGISPLACE":"G200114500","YEAR":1990,"GISJOIN":"G20011450"}},{"type":"Feature","id":92,"geometry":{"type":"Point","coordinates":[-96.127232508880823,39.725837994878695]},"properties":{"FID":92,"STATE":"Kansas","NHGISST":"200","PLACE":"Centralia city","NAME":"Centralia","NHGISPLACE":"G200124250","YEAR":1990,"GISJOIN":"G20012425"}},{"type":"Feature","id":93,"geometry":{"type":"Point","coordinates":[-95.457210938631945,37.679220191047278]},"properties":{"FID":93,"STATE":"Kansas","NHGISST":"200","PLACE":"Chanute city","NAME":"Chanute","NHGISPLACE":"G200125000","YEAR":1990,"GISJOIN":"G20012500"}},{"type":"Feature","id":94,"geometry":{"type":"Point","coordinates":[-97.022521967667828,38.972228018800308]},"properties":{"FID":94,"STATE":"Kansas","NHGISST":"200","PLACE":"Chapman city","NAME":"Chapman","NHGISPLACE":"G200125500","YEAR":1990,"GISJOIN":"G20012550"}},{"type":"Feature","id":95,"geometry":{"type":"Point","coordinates":[-98.349519448261987,38.355017638714187]},"properties":{"FID":95,"STATE":"Kansas","NHGISST":"200","PLACE":"Chase city","NAME":"Chase","NHGISPLACE":"G200126500","YEAR":1990,"GISJOIN":"G20012650"}},{"type":"Feature","id":96,"geometry":{"type":"Point","coordinates":[-96.176663570033881,37.020341937158442]},"properties":{"FID":96,"STATE":"Kansas","NHGISST":"200","PLACE":"Chautauqua city","NAME":"Chautauqua","NHGISPLACE":"G200126750","YEAR":1990,"GISJOIN":"G20012675"}},{"type":"Feature","id":97,"geometry":{"type":"Point","coordinates":[-97.782559436289674,37.630021151787574]},"properties":{"FID":97,"STATE":"Kansas","NHGISST":"200","PLACE":"Cheney city","NAME":"Cheney","NHGISPLACE":"G200127750","YEAR":1990,"GISJOIN":"G20012775"}},{"type":"Feature","id":98,"geometry":{"type":"Point","coordinates":[-94.808857738729941,37.345894067989697]},"properties":{"FID":98,"STATE":"Kansas","NHGISST":"200","PLACE":"Cherokee city","NAME":"Cherokee","NHGISPLACE":"G200128250","YEAR":1990,"GISJOIN":"G20012825"}},{"type":"Feature","id":99,"geometry":{"type":"Point","coordinates":[-95.552486328340308,37.270350615016341]},"properties":{"FID":99,"STATE":"Kansas","NHGISST":"200","PLACE":"Cherryvale city","NAME":"Cherryvale","NHGISPLACE":"G200129250","YEAR":1990,"GISJOIN":"G20012925"}},{"type":"Feature","id":100,"geometry":{"type":"Point","coordinates":[-95.08996868745011,37.037298198438506]},"properties":{"FID":100,"STATE":"Kansas","NHGISST":"200","PLACE":"Chetopa city","NAME":"Chetopa","NHGISPLACE":"G200129500","YEAR":1990,"GISJOIN":"G20012950"}},{"type":"Feature","id":101,"geometry":{"type":"Point","coordinates":[-100.34820909606181,37.806694631662396]},"properties":{"FID":101,"STATE":"Kansas","NHGISST":"200","PLACE":"Cimarron city","NAME":"Cimarron","NHGISPLACE":"G200132750","YEAR":1990,"GISJOIN":"G20013275"}},{"type":"Feature","id":102,"geometry":{"type":"Point","coordinates":[-95.858607115276357,39.508334775881949]},"properties":{"FID":102,"STATE":"Kansas","NHGISST":"200","PLACE":"Circleville city","NAME":"Circleville","NHGISPLACE":"G200133750","YEAR":1990,"GISJOIN":"G20013375"}},{"type":"Feature","id":103,"geometry":{"type":"Point","coordinates":[-98.533692511852649,38.52501765497675]},"properties":{"FID":103,"STATE":"Kansas","NHGISST":"200","PLACE":"Claflin city","NAME":"Claflin","NHGISPLACE":"G200134250","YEAR":1990,"GISJOIN":"G20013425"}},{"type":"Feature","id":104,"geometry":{"type":"Point","coordinates":[-97.124750934743801,39.376947578185167]},"properties":{"FID":104,"STATE":"Kansas","NHGISST":"200","PLACE":"Clay Center city","NAME":"Clay Center","NHGISPLACE":"G200136250","YEAR":1990,"GISJOIN":"G20013625"}},{"type":"Feature","id":105,"geometry":{"type":"Point","coordinates":[-100.17764415018446,39.737511241741899]},"properties":{"FID":105,"STATE":"Kansas","NHGISST":"200","PLACE":"Clayton city","NAME":"Clayton","NHGISPLACE":"G200136750","YEAR":1990,"GISJOIN":"G20013675"}},{"type":"Feature","id":106,"geometry":{"type":"Point","coordinates":[-97.504500154416704,37.502802446645035]},"properties":{"FID":106,"STATE":"Kansas","NHGISST":"200","PLACE":"Clearwater city","NAME":"Clearwater","NHGISPLACE":"G200139250","YEAR":1990,"GISJOIN":"G20013925"}},{"type":"Feature","id":107,"geometry":{"type":"Point","coordinates":[-97.278649893654261,39.567227599389149]},"properties":{"FID":107,"STATE":"Kansas","NHGISST":"200","PLACE":"Clifton city","NAME":"Clifton","NHGISPLACE":"G200142000","YEAR":1990,"GISJOIN":"G20014200"}},{"type":"Feature","id":108,"geometry":{"type":"Point","coordinates":[-96.223341041920932,37.71976055551773]},"properties":{"FID":108,"STATE":"Kansas","NHGISST":"200","PLACE":"Climax city","NAME":"Climax","NHGISPLACE":"G200142750","YEAR":1990,"GISJOIN":"G20014275"}},{"type":"Feature","id":109,"geometry":{"type":"Point","coordinates":[-97.398931127983474,39.591117495885491]},"properties":{"FID":109,"STATE":"Kansas","NHGISST":"200","PLACE":"Clyde city","NAME":"Clyde","NHGISPLACE":"G200144750","YEAR":1990,"GISJOIN":"G20014475"}},{"type":"Feature","id":110,"geometry":{"type":"Point","coordinates":[-98.824270089884351,37.511970372681482]},"properties":{"FID":110,"STATE":"Kansas","NHGISST":"200","PLACE":"Coats city","NAME":"Coats","NHGISPLACE":"G200145250","YEAR":1990,"GISJOIN":"G20014525"}},{"type":"Feature","id":111,"geometry":{"type":"Point","coordinates":[-95.616374025730352,37.037307070856571]},"properties":{"FID":111,"STATE":"Kansas","NHGISST":"200","PLACE":"Coffeyville city","NAME":"Coffeyville","NHGISPLACE":"G200146000","YEAR":1990,"GISJOIN":"G20014600"}},{"type":"Feature","id":112,"geometry":{"type":"Point","coordinates":[-101.05238643089663,39.395843533213665]},"properties":{"FID":112,"STATE":"Kansas","NHGISST":"200","PLACE":"Colby city","NAME":"Colby","NHGISPLACE":"G200146500","YEAR":1990,"GISJOIN":"G20014650"}},{"type":"Feature","id":113,"geometry":{"type":"Point","coordinates":[-99.32678929425515,37.26891950440519]},"properties":{"FID":113,"STATE":"Kansas","NHGISST":"200","PLACE":"Coldwater city","NAME":"Coldwater","NHGISPLACE":"G200147000","YEAR":1990,"GISJOIN":"G20014700"}},{"type":"Feature","id":114,"geometry":{"type":"Point","coordinates":[-100.11791536153596,39.03556983868237]},"properties":{"FID":114,"STATE":"Kansas","NHGISST":"200","PLACE":"Collyer city","NAME":"Collyer","NHGISPLACE":"G200149000","YEAR":1990,"GISJOIN":"G20014900"}},{"type":"Feature","id":115,"geometry":{"type":"Point","coordinates":[-95.365543149004793,38.070869363172548]},"properties":{"FID":115,"STATE":"Kansas","NHGISST":"200","PLACE":"Colony city","NAME":"Colony","NHGISPLACE":"G200149500","YEAR":1990,"GISJOIN":"G20014950"}},{"type":"Feature","id":116,"geometry":{"type":"Point","coordinates":[-94.844131233610639,37.169234435023625]},"properties":{"FID":116,"STATE":"Kansas","NHGISST":"200","PLACE":"Columbus city","NAME":"Columbus","NHGISPLACE":"G200150750","YEAR":1990,"GISJOIN":"G20015075"}},{"type":"Feature","id":117,"geometry":{"type":"Point","coordinates":[-97.5364431873098,37.779185091240969]},"properties":{"FID":117,"STATE":"Kansas","NHGISST":"200","PLACE":"Colwich city","NAME":"Colwich","NHGISPLACE":"G200151000","YEAR":1990,"GISJOIN":"G20015100"}},{"type":"Feature","id":118,"geometry":{"type":"Point","coordinates":[-97.662547894046085,39.570842275814975]},"properties":{"FID":118,"STATE":"Kansas","NHGISST":"200","PLACE":"Concordia city","NAME":"Concordia","NHGISPLACE":"G200152000","YEAR":1990,"GISJOIN":"G20015200"}},{"type":"Feature","id":119,"geometry":{"type":"Point","coordinates":[-97.642280379257059,37.39030401953508]},"properties":{"FID":119,"STATE":"Kansas","NHGISST":"200","PLACE":"Conway Springs city","NAME":"Conway Springs","NHGISPLACE":"G200153250","YEAR":1990,"GISJOIN":"G20015325"}},{"type":"Feature","id":120,"geometry":{"type":"Point","coordinates":[-102.00880192387226,38.041686267124859]},"properties":{"FID":120,"STATE":"Kansas","NHGISST":"200","PLACE":"Coolidge city","NAME":"Coolidge","NHGISPLACE":"G200154000","YEAR":1990,"GISJOIN":"G20015400"}},{"type":"Feature","id":121,"geometry":{"type":"Point","coordinates":[-100.62960884111685,37.541974872410137]},"properties":{"FID":121,"STATE":"Kansas","NHGISST":"200","PLACE":"Copeland city","NAME":"Copeland","NHGISPLACE":"G200154750","YEAR":1990,"GISJOIN":"G20015475"}},{"type":"Feature","id":122,"geometry":{"type":"Point","coordinates":[-96.02944957561219,39.65722558972309]},"properties":{"FID":122,"STATE":"Kansas","NHGISST":"200","PLACE":"Corning city","NAME":"Corning","NHGISPLACE":"G200157250","YEAR":1990,"GISJOIN":"G20015725"}},{"type":"Feature","id":123,"geometry":{"type":"Point","coordinates":[-96.542792384994314,38.372243147763655]},"properties":{"FID":123,"STATE":"Kansas","NHGISST":"200","PLACE":"Cottonwood Falls city","NAME":"Cottonwood Falls","NHGISPLACE":"G200159000","YEAR":1990,"GISJOIN":"G20015900"}},{"type":"Feature","id":124,"geometry":{"type":"Point","coordinates":[-96.491955198855024,38.661125498543328]},"properties":{"FID":124,"STATE":"Kansas","NHGISST":"200","PLACE":"Council Grove city","NAME":"Council Grove","NHGISPLACE":"G200159250","YEAR":1990,"GISJOIN":"G20015925"}},{"type":"Feature","id":125,"geometry":{"type":"Point","coordinates":[-94.654409846958032,39.016679164982087]},"properties":{"FID":125,"STATE":"Kansas","NHGISST":"200","PLACE":"Countryside city","NAME":"Countryside","NHGISPLACE":"G200159750","YEAR":1990,"GISJOIN":"G20015975"}},{"type":"Feature","id":126,"geometry":{"type":"Point","coordinates":[-97.892830374822395,39.781404394719949]},"properties":{"FID":126,"STATE":"Kansas","NHGISST":"200","PLACE":"Courtland city","NAME":"Courtland","NHGISPLACE":"G200160250","YEAR":1990,"GISJOIN":"G20016025"}},{"type":"Feature","id":127,"geometry":{"type":"Point","coordinates":[-95.897493554621448,37.686159167432308]},"properties":{"FID":127,"STATE":"Kansas","NHGISST":"200","PLACE":"Coyville city","NAME":"Coyville","NHGISPLACE":"G200161500","YEAR":1990,"GISJOIN":"G20016150"}},{"type":"Feature","id":128,"geometry":{"type":"Point","coordinates":[-97.455880363806557,39.802787925785175]},"properties":{"FID":128,"STATE":"Kansas","NHGISST":"200","PLACE":"Cuba city","NAME":"Cuba","NHGISPLACE":"G200166250","YEAR":1990,"GISJOIN":"G20016625"}},{"type":"Feature","id":129,"geometry":{"type":"Point","coordinates":[-98.905384620483616,37.630580288085248]},"properties":{"FID":129,"STATE":"Kansas","NHGISST":"200","PLACE":"Cullison city","NAME":"Cullison","NHGISPLACE":"G200166750","YEAR":1990,"GISJOIN":"G20016675"}},{"type":"Feature","id":130,"geometry":{"type":"Point","coordinates":[-97.758935558113194,38.970842474127778]},"properties":{"FID":130,"STATE":"Kansas","NHGISST":"200","PLACE":"Culver city","NAME":"Culver","NHGISPLACE":"G200167000","YEAR":1990,"GISJOIN":"G20016700"}},{"type":"Feature","id":131,"geometry":{"type":"Point","coordinates":[-98.431196602190312,37.643913217271695]},"properties":{"FID":131,"STATE":"Kansas","NHGISST":"200","PLACE":"Cunningham city","NAME":"Cunningham","NHGISPLACE":"G200167750","YEAR":1990,"GISJOIN":"G20016775"}},{"type":"Feature","id":132,"geometry":{"type":"Point","coordinates":[-99.582618956921181,39.318903515868143]},"properties":{"FID":132,"STATE":"Kansas","NHGISST":"200","PLACE":"Damar city","NAME":"Damar","NHGISPLACE":"G200169750","YEAR":1990,"GISJOIN":"G20016975"}},{"type":"Feature","id":133,"geometry":{"type":"Point","coordinates":[-97.892009733710765,37.286137488400747]},"properties":{"FID":133,"STATE":"Kansas","NHGISST":"200","PLACE":"Danville city","NAME":"Danville","NHGISPLACE":"G200170000","YEAR":1990,"GISJOIN":"G20017000"}},{"type":"Feature","id":134,"geometry":{"type":"Point","coordinates":[-95.713319552100373,37.058694768864612]},"properties":{"FID":134,"STATE":"Kansas","NHGISST":"200","PLACE":"Dearing city","NAME":"Dearing","NHGISPLACE":"G200171500","YEAR":1990,"GISJOIN":"G20017150"}},{"type":"Feature","id":135,"geometry":{"type":"Point","coordinates":[-101.13323280549184,37.979750610775305]},"properties":{"FID":135,"STATE":"Kansas","NHGISST":"200","PLACE":"Deerfield city","NAME":"Deerfield","NHGISPLACE":"G200172250","YEAR":1990,"GISJOIN":"G20017225"}},{"type":"Feature","id":136,"geometry":{"type":"Point","coordinates":[-95.9669430172343,39.240559225896135]},"properties":{"FID":136,"STATE":"Kansas","NHGISST":"200","PLACE":"Delia city","NAME":"Delia","NHGISPLACE":"G200175250","YEAR":1990,"GISJOIN":"G20017525"}},{"type":"Feature","id":137,"geometry":{"type":"Point","coordinates":[-97.771991091818307,39.273896221601994]},"properties":{"FID":137,"STATE":"Kansas","NHGISST":"200","PLACE":"Delphos city","NAME":"Delphos","NHGISPLACE":"G200176000","YEAR":1990,"GISJOIN":"G20017600"}},{"type":"Feature","id":138,"geometry":{"type":"Point","coordinates":[-95.62804344309653,39.391670470706693]},"properties":{"FID":138,"STATE":"Kansas","NHGISST":"200","PLACE":"Denison city","NAME":"Denison","NHGISPLACE":"G200176250","YEAR":1990,"GISJOIN":"G20017625"}},{"type":"Feature","id":139,"geometry":{"type":"Point","coordinates":[-95.269427281529573,39.732783947931935]},"properties":{"FID":139,"STATE":"Kansas","NHGISST":"200","PLACE":"Denton city","NAME":"Denton","NHGISPLACE":"G200177500","YEAR":1990,"GISJOIN":"G20017750"}},{"type":"Feature","id":140,"geometry":{"type":"Point","coordinates":[-97.268941098049794,37.545580066962948]},"properties":{"FID":140,"STATE":"Kansas","NHGISST":"200","PLACE":"Derby city","NAME":"Derby","NHGISPLACE":"G200178000","YEAR":1990,"GISJOIN":"G20017800"}},{"type":"Feature","id":141,"geometry":{"type":"Point","coordinates":[-94.968585827423254,38.979177840652881]},"properties":{"FID":141,"STATE":"Kansas","NHGISST":"200","PLACE":"De Soto city","NAME":"De Soto","NHGISPLACE":"G200178500","YEAR":1990,"GISJOIN":"G20017850"}},{"type":"Feature","id":142,"geometry":{"type":"Point","coordinates":[-96.714480022241275,37.177257834856775]},"properties":{"FID":142,"STATE":"Kansas","NHGISST":"200","PLACE":"Dexter city","NAME":"Dexter","NHGISPLACE":"G200179250","YEAR":1990,"GISJOIN":"G20017925"}},{"type":"Feature","id":143,"geometry":{"type":"Point","coordinates":[-100.4670932916593,38.481967730206236]},"properties":{"FID":143,"STATE":"Kansas","NHGISST":"200","PLACE":"Dighton city","NAME":"Dighton","NHGISPLACE":"G200180500","YEAR":1990,"GISJOIN":"G20018050"}},{"type":"Feature","id":144,"geometry":{"type":"Point","coordinates":[-100.0170874099237,37.752804642697754]},"properties":{"FID":144,"STATE":"Kansas","NHGISST":"200","PLACE":"Dodge City city","NAME":"Dodge City","NHGISPLACE":"G200182500","YEAR":1990,"GISJOIN":"G20018250"}},{"type":"Feature","id":145,"geometry":{"type":"Point","coordinates":[-98.589524057719714,38.846684403066931]},"properties":{"FID":145,"STATE":"Kansas","NHGISST":"200","PLACE":"Dorrance city","NAME":"Dorrance","NHGISPLACE":"G200183250","YEAR":1990,"GISJOIN":"G20018325"}},{"type":"Feature","id":146,"geometry":{"type":"Point","coordinates":[-97.012822628853058,37.519470776747404]},"properties":{"FID":146,"STATE":"Kansas","NHGISST":"200","PLACE":"Douglass city","NAME":"Douglass","NHGISPLACE":"G200184000","YEAR":1990,"GISJOIN":"G20018400"}},{"type":"Feature","id":147,"geometry":{"type":"Point","coordinates":[-98.54201831220891,39.498628309828561]},"properties":{"FID":147,"STATE":"Kansas","NHGISST":"200","PLACE":"Downs city","NAME":"Downs","NHGISPLACE":"G200185000","YEAR":1990,"GISJOIN":"G20018500"}},{"type":"Feature","id":148,"geometry":{"type":"Point","coordinates":[-100.42237259899542,39.624177609404654]},"properties":{"FID":148,"STATE":"Kansas","NHGISST":"200","PLACE":"Dresden city","NAME":"Dresden","NHGISPLACE":"G200186000","YEAR":1990,"GISJOIN":"G20018600"}},{"type":"Feature","id":149,"geometry":{"type":"Point","coordinates":[-96.365841457551909,38.576405591374666]},"properties":{"FID":149,"STATE":"Kansas","NHGISST":"200","PLACE":"Dunlap city","NAME":"Dunlap","NHGISPLACE":"G200189500","YEAR":1990,"GISJOIN":"G20018950"}},{"type":"Feature","id":150,"geometry":{"type":"Point","coordinates":[-97.228088873645291,38.486126926726342]},"properties":{"FID":150,"STATE":"Kansas","NHGISST":"200","PLACE":"Durham city","NAME":"Durham","NHGISPLACE":"G200190500","YEAR":1990,"GISJOIN":"G20019050"}},{"type":"Feature","id":151,"geometry":{"type":"Point","coordinates":[-96.593345243389336,38.844454223121652]},"properties":{"FID":151,"STATE":"Kansas","NHGISST":"200","PLACE":"Dwight city","NAME":"Dwight","NHGISPLACE":"G200191250","YEAR":1990,"GISJOIN":"G20019125"}},{"type":"Feature","id":152,"geometry":{"type":"Point","coordinates":[-95.469154733919211,37.588113874372382]},"properties":{"FID":152,"STATE":"Kansas","NHGISST":"200","PLACE":"Earlton city","NAME":"Earlton","NHGISPLACE":"G200192750","YEAR":1990,"GISJOIN":"G20019275"}},{"type":"Feature","id":153,"geometry":{"type":"Point","coordinates":[-97.263663109001854,37.688076391581653]},"properties":{"FID":153,"STATE":"Kansas","NHGISST":"200","PLACE":"Eastborough city","NAME":"Eastborough","NHGISPLACE":"G200193000","YEAR":1990,"GISJOIN":"G20019300"}},{"type":"Feature","id":154,"geometry":{"type":"Point","coordinates":[-95.115808701541212,39.345005792781159]},"properties":{"FID":154,"STATE":"Kansas","NHGISST":"200","PLACE":"Easton city","NAME":"Easton","NHGISPLACE":"G200196000","YEAR":1990,"GISJOIN":"G20019600"}},{"type":"Feature","id":155,"geometry":{"type":"Point","coordinates":[-95.008029917209768,38.764737101727178]},"properties":{"FID":155,"STATE":"Kansas","NHGISST":"200","PLACE":"Edgerton city","NAME":"Edgerton","NHGISPLACE":"G200198250","YEAR":1990,"GISJOIN":"G20019825"}},{"type":"Feature","id":156,"geometry":{"type":"Point","coordinates":[-99.822627950072132,39.627234647891967]},"properties":{"FID":156,"STATE":"Kansas","NHGISST":"200","PLACE":"Edmond city","NAME":"Edmond","NHGISPLACE":"G200198750","YEAR":1990,"GISJOIN":"G20019875"}},{"type":"Feature","id":157,"geometry":{"type":"Point","coordinates":[-95.359423359766538,37.059802488633423]},"properties":{"FID":157,"STATE":"Kansas","NHGISST":"200","PLACE":"Edna city","NAME":"Edna","NHGISPLACE":"G200199000","YEAR":1990,"GISJOIN":"G20019900"}},{"type":"Feature","id":158,"geometry":{"type":"Point","coordinates":[-94.81969219483311,39.061122363208149]},"properties":{"FID":158,"STATE":"Kansas","NHGISST":"200","PLACE":"Edwardsville city","NAME":"Edwardsville","NHGISPLACE":"G200200000","YEAR":1990,"GISJOIN":"G20020000"}},{"type":"Feature","id":159,"geometry":{"type":"Point","coordinates":[-95.400816094849063,39.522227706155704]},"properties":{"FID":159,"STATE":"Kansas","NHGISST":"200","PLACE":"Effingham city","NAME":"Effingham","NHGISPLACE":"G200200250","YEAR":1990,"GISJOIN":"G20020025"}},{"type":"Feature","id":160,"geometry":{"type":"Point","coordinates":[-97.127818307180974,38.05279916017566]},"properties":{"FID":160,"STATE":"Kansas","NHGISST":"200","PLACE":"Elbing city","NAME":"Elbing","NHGISPLACE":"G200200500","YEAR":1990,"GISJOIN":"G20020050"}},{"type":"Feature","id":161,"geometry":{"type":"Point","coordinates":[-96.862260317010197,37.817246636331973]},"properties":{"FID":161,"STATE":"Kansas","NHGISST":"200","PLACE":"El Dorado city","NAME":"El Dorado","NHGISPLACE":"G200200750","YEAR":1990,"GISJOIN":"G20020075"}},{"type":"Feature","id":162,"geometry":{"type":"Point","coordinates":[-96.276668494390407,37.004502928941314]},"properties":{"FID":162,"STATE":"Kansas","NHGISST":"200","PLACE":"Elgin city","NAME":"Elgin","NHGISPLACE":"G200201250","YEAR":1990,"GISJOIN":"G20020125"}},{"type":"Feature","id":163,"geometry":{"type":"Point","coordinates":[-95.911659123852232,37.289233498533946]},"properties":{"FID":163,"STATE":"Kansas","NHGISST":"200","PLACE":"Elk City city","NAME":"Elk City","NHGISPLACE":"G200202500","YEAR":1990,"GISJOIN":"G20020250"}},{"type":"Feature","id":164,"geometry":{"type":"Point","coordinates":[-96.188611502299082,37.367270797205492]},"properties":{"FID":164,"STATE":"Kansas","NHGISST":"200","PLACE":"Elk Falls city","NAME":"Elk Falls","NHGISPLACE":"G200203000","YEAR":1990,"GISJOIN":"G20020300"}},{"type":"Feature","id":165,"geometry":{"type":"Point","coordinates":[-101.89017549729508,37.008085413683915]},"properties":{"FID":165,"STATE":"Kansas","NHGISST":"200","PLACE":"Elkhart city","NAME":"Elkhart","NHGISPLACE":"G200203500","YEAR":1990,"GISJOIN":"G20020350"}},{"type":"Feature","id":166,"geometry":{"type":"Point","coordinates":[-98.580919007597771,38.355574124562416]},"properties":{"FID":166,"STATE":"Kansas","NHGISST":"200","PLACE":"Ellinwood city","NAME":"Ellinwood","NHGISPLACE":"G200204250","YEAR":1990,"GISJOIN":"G20020425"}},{"type":"Feature","id":167,"geometry":{"type":"Point","coordinates":[-99.560675612367177,38.938072857651612]},"properties":{"FID":167,"STATE":"Kansas","NHGISST":"200","PLACE":"Ellis city","NAME":"Ellis","NHGISPLACE":"G200204500","YEAR":1990,"GISJOIN":"G20020450"}},{"type":"Feature","id":168,"geometry":{"type":"Point","coordinates":[-98.228120953676182,38.730571506934652]},"properties":{"FID":168,"STATE":"Kansas","NHGISST":"200","PLACE":"Ellsworth city","NAME":"Ellsworth","NHGISPLACE":"G200205000","YEAR":1990,"GISJOIN":"G20020500"}},{"type":"Feature","id":169,"geometry":{"type":"Point","coordinates":[-96.64474011153149,38.373632241993455]},"properties":{"FID":169,"STATE":"Kansas","NHGISST":"200","PLACE":"Elmdale city","NAME":"Elmdale","NHGISPLACE":"G200206750","YEAR":1990,"GISJOIN":"G20020675"}},{"type":"Feature","id":170,"geometry":{"type":"Point","coordinates":[-95.150262867602038,37.794492527626851]},"properties":{"FID":170,"STATE":"Kansas","NHGISST":"200","PLACE":"Elsmore city","NAME":"Elsmore","NHGISPLACE":"G200208750","YEAR":1990,"GISJOIN":"G20020875"}},{"type":"Feature","id":171,"geometry":{"type":"Point","coordinates":[-94.872473677157586,39.755556976006645]},"properties":{"FID":171,"STATE":"Kansas","NHGISST":"200","PLACE":"Elwood city","NAME":"Elwood","NHGISPLACE":"G200209500","YEAR":1990,"GISJOIN":"G20020950"}},{"type":"Feature","id":172,"geometry":{"type":"Point","coordinates":[-96.056112547109223,39.307225231180951]},"properties":{"FID":172,"STATE":"Kansas","NHGISST":"200","PLACE":"Emmett city","NAME":"Emmett","NHGISPLACE":"G200211000","YEAR":1990,"GISJOIN":"G20021100"}},{"type":"Feature","id":173,"geometry":{"type":"Point","coordinates":[-96.181670393621829,38.403909773347102]},"properties":{"FID":173,"STATE":"Kansas","NHGISST":"200","PLACE":"Emporia city","NAME":"Emporia","NHGISPLACE":"G200212750","YEAR":1990,"GISJOIN":"G20021275"}},{"type":"Feature","id":174,"geometry":{"type":"Point","coordinates":[-99.983477436227034,37.038368528645648]},"properties":{"FID":174,"STATE":"Kansas","NHGISST":"200","PLACE":"Englewood city","NAME":"Englewood","NHGISPLACE":"G200213500","YEAR":1990,"GISJOIN":"G20021350"}},{"type":"Feature","id":175,"geometry":{"type":"Point","coordinates":[-100.23376145426472,37.652806113011835]},"properties":{"FID":175,"STATE":"Kansas","NHGISST":"200","PLACE":"Ensign city","NAME":"Ensign","NHGISPLACE":"G200214000","YEAR":1990,"GISJOIN":"G20021400"}},{"type":"Feature","id":176,"geometry":{"type":"Point","coordinates":[-97.116969985325639,38.902784900966239]},"properties":{"FID":176,"STATE":"Kansas","NHGISST":"200","PLACE":"Enterprise city","NAME":"Enterprise","NHGISPLACE":"G200214250","YEAR":1990,"GISJOIN":"G20021425"}},{"type":"Feature","id":177,"geometry":{"type":"Point","coordinates":[-95.243318772301009,37.568113283329225]},"properties":{"FID":177,"STATE":"Kansas","NHGISST":"200","PLACE":"Erie city","NAME":"Erie","NHGISPLACE":"G200215000","YEAR":1990,"GISJOIN":"G20021500"}},{"type":"Feature","id":178,"geometry":{"type":"Point","coordinates":[-98.435900819490925,39.822241366565343]},"properties":{"FID":178,"STATE":"Kansas","NHGISST":"200","PLACE":"Esbon city","NAME":"Esbon","NHGISPLACE":"G200216000","YEAR":1990,"GISJOIN":"G20021600"}},{"type":"Feature","id":179,"geometry":{"type":"Point","coordinates":[-96.109167318134709,38.85889915406176]},"properties":{"FID":179,"STATE":"Kansas","NHGISST":"200","PLACE":"Eskridge city","NAME":"Eskridge","NHGISPLACE":"G200216500","YEAR":1990,"GISJOIN":"G20021650"}},{"type":"Feature","id":180,"geometry":{"type":"Point","coordinates":[-95.098588358108458,38.943344126815326]},"properties":{"FID":180,"STATE":"Kansas","NHGISST":"200","PLACE":"Eudora city","NAME":"Eudora","NHGISPLACE":"G200216750","YEAR":1990,"GISJOIN":"G20021675"}},{"type":"Feature","id":181,"geometry":{"type":"Point","coordinates":[-96.28917806848591,37.823923369022872]},"properties":{"FID":181,"STATE":"Kansas","NHGISST":"200","PLACE":"Eureka city","NAME":"Eureka","NHGISPLACE":"G200218000","YEAR":1990,"GISJOIN":"G20021800"}},{"type":"Feature","id":182,"geometry":{"type":"Point","coordinates":[-95.424707816574127,39.677230630244736]},"properties":{"FID":182,"STATE":"Kansas","NHGISST":"200","PLACE":"Everest city","NAME":"Everest","NHGISPLACE":"G200220250","YEAR":1990,"GISJOIN":"G20022025"}},{"type":"Feature","id":183,"geometry":{"type":"Point","coordinates":[-95.728049314166142,39.84111823818408]},"properties":{"FID":183,"STATE":"Kansas","NHGISST":"200","PLACE":"Fairview city","NAME":"Fairview","NHGISPLACE":"G200224250","YEAR":1990,"GISJOIN":"G20022425"}},{"type":"Feature","id":184,"geometry":{"type":"Point","coordinates":[-94.631909241061919,39.022234667356358]},"properties":{"FID":184,"STATE":"Kansas","NHGISST":"200","PLACE":"Fairway city","NAME":"Fairway","NHGISPLACE":"G200227000","YEAR":1990,"GISJOIN":"G20022700"}},{"type":"Feature","id":185,"geometry":{"type":"Point","coordinates":[-96.028050281881747,37.607823247492824]},"properties":{"FID":185,"STATE":"Kansas","NHGISST":"200","PLACE":"Fall River city","NAME":"Fall River","NHGISPLACE":"G200227750","YEAR":1990,"GISJOIN":"G20022775"}},{"type":"Feature","id":186,"geometry":{"type":"Point","coordinates":[-96.928086573364013,38.244468703812444]},"properties":{"FID":186,"STATE":"Kansas","NHGISST":"200","PLACE":"Florence city","NAME":"Florence","NHGISPLACE":"G200236000","YEAR":1990,"GISJOIN":"G20023600"}},{"type":"Feature","id":187,"geometry":{"type":"Point","coordinates":[-94.838302341511451,38.425857953933395]},"properties":{"FID":187,"STATE":"Kansas","NHGISST":"200","PLACE":"Fontana city","NAME":"Fontana","NHGISPLACE":"G200236500","YEAR":1990,"GISJOIN":"G20023650"}},{"type":"Feature","id":188,"geometry":{"type":"Point","coordinates":[-99.754024633245677,37.63613793915809]},"properties":{"FID":188,"STATE":"Kansas","NHGISST":"200","PLACE":"Ford city","NAME":"Ford","NHGISPLACE":"G200237250","YEAR":1990,"GISJOIN":"G20023725"}},{"type":"Feature","id":189,"geometry":{"type":"Point","coordinates":[-97.992275601241204,39.780016688756739]},"properties":{"FID":189,"STATE":"Kansas","NHGISST":"200","PLACE":"Formoso city","NAME":"Formoso","NHGISPLACE":"G200238250","YEAR":1990,"GISJOIN":"G20023825"}},{"type":"Feature","id":190,"geometry":{"type":"Point","coordinates":[-96.813523869144504,39.111027190104764]},"properties":{"FID":190,"STATE":"Kansas","NHGISST":"200","PLACE":"Fort Riley North CDP","NAME":"Fort Riley North","NHGISPLACE":"G200239750","YEAR":1990,"GISJOIN":"G20023990"}},{"type":"Feature","id":191,"geometry":{"type":"Point","coordinates":[-96.773373110509581,39.08383272041177]},"properties":{"FID":191,"STATE":"Kansas","NHGISST":"200","PLACE":"Fort Riley-Camp Whiteside CDP","NAME":"Fort Riley-Camp Whiteside","NHGISPLACE":"G200239800","YEAR":1990,"GISJOIN":"G20023980"}},{"type":"Feature","id":192,"geometry":{"type":"Point","coordinates":[-94.708302453972721,37.839769359626978]},"properties":{"FID":192,"STATE":"Kansas","NHGISST":"200","PLACE":"Fort Scott city","NAME":"Fort Scott","NHGISPLACE":"G200240000","YEAR":1990,"GISJOIN":"G20024000"}},{"type":"Feature","id":193,"geometry":{"type":"Point","coordinates":[-100.19570551909884,37.385585572805368]},"properties":{"FID":193,"STATE":"Kansas","NHGISST":"200","PLACE":"Fowler city","NAME":"Fowler","NHGISPLACE":"G200241750","YEAR":1990,"GISJOIN":"G20024175"}},{"type":"Feature","id":194,"geometry":{"type":"Point","coordinates":[-96.4169634827593,39.705561774571557]},"properties":{"FID":194,"STATE":"Kansas","NHGISST":"200","PLACE":"Frankfort city","NAME":"Frankfort","NHGISPLACE":"G200242750","YEAR":1990,"GISJOIN":"G20024275"}},{"type":"Feature","id":195,"geometry":{"type":"Point","coordinates":[-98.268403043551231,38.513349869398226]},"properties":{"FID":195,"STATE":"Kansas","NHGISST":"200","PLACE":"Frederick city","NAME":"Frederick","NHGISPLACE":"G200245500","YEAR":1990,"GISJOIN":"G20024550"}},{"type":"Feature","id":196,"geometry":{"type":"Point","coordinates":[-95.826655922277453,37.533945245220991]},"properties":{"FID":196,"STATE":"Kansas","NHGISST":"200","PLACE":"Fredonia city","NAME":"Fredonia","NHGISPLACE":"G200245750","YEAR":1990,"GISJOIN":"G20024575"}},{"type":"Feature","id":197,"geometry":{"type":"Point","coordinates":[-97.857009017391505,37.198638975410532]},"properties":{"FID":197,"STATE":"Kansas","NHGISST":"200","PLACE":"Freeport city","NAME":"Freeport","NHGISPLACE":"G200247250","YEAR":1990,"GISJOIN":"G20024725"}},{"type":"Feature","id":198,"geometry":{"type":"Point","coordinates":[-94.689134316470259,37.455611593846825]},"properties":{"FID":198,"STATE":"Kansas","NHGISST":"200","PLACE":"Frontenac city","NAME":"Frontenac","NHGISPLACE":"G200248500","YEAR":1990,"GISJOIN":"G20024850"}},{"type":"Feature","id":199,"geometry":{"type":"Point","coordinates":[-94.719689771783067,38.010042188935195]},"properties":{"FID":199,"STATE":"Kansas","NHGISST":"200","PLACE":"Fulton city","NAME":"Fulton","NHGISPLACE":"G200249250","YEAR":1990,"GISJOIN":"G20024925"}},{"type":"Feature","id":200,"geometry":{"type":"Point","coordinates":[-98.958710031095876,38.641685448326811]},"properties":{"FID":200,"STATE":"Kansas","NHGISST":"200","PLACE":"Galatia city","NAME":"Galatia","NHGISPLACE":"G200250500","YEAR":1990,"GISJOIN":"G20025050"}},{"type":"Feature","id":201,"geometry":{"type":"Point","coordinates":[-94.639678671014678,37.075901829226147]},"properties":{"FID":201,"STATE":"Kansas","NHGISST":"200","PLACE":"Galena city","NAME":"Galena","NHGISPLACE":"G200251000","YEAR":1990,"GISJOIN":"G20025100"}},{"type":"Feature","id":202,"geometry":{"type":"Point","coordinates":[-95.358596494847447,37.473673960763861]},"properties":{"FID":202,"STATE":"Kansas","NHGISST":"200","PLACE":"Galesburg city","NAME":"Galesburg","NHGISPLACE":"G200251500","YEAR":1990,"GISJOIN":"G20025150"}},{"type":"Feature","id":203,"geometry":{"type":"Point","coordinates":[-97.537545643721273,38.381958991004858]},"properties":{"FID":203,"STATE":"Kansas","NHGISST":"200","PLACE":"Galva city","NAME":"Galva","NHGISPLACE":"G200252000","YEAR":1990,"GISJOIN":"G20025200"}},{"type":"Feature","id":204,"geometry":{"type":"Point","coordinates":[-100.87267074080908,37.971696225752275]},"properties":{"FID":204,"STATE":"Kansas","NHGISST":"200","PLACE":"Garden City city","NAME":"Garden City","NHGISPLACE":"G200253250","YEAR":1990,"GISJOIN":"G20025325"}},{"type":"Feature","id":205,"geometry":{"type":"Point","coordinates":[-97.683668513886886,37.658353662754585]},"properties":{"FID":205,"STATE":"Kansas","NHGISST":"200","PLACE":"Garden Plain city","NAME":"Garden Plain","NHGISPLACE":"G200253750","YEAR":1990,"GISJOIN":"G20025375"}},{"type":"Feature","id":206,"geometry":{"type":"Point","coordinates":[-94.927194300711264,38.810847714435553]},"properties":{"FID":206,"STATE":"Kansas","NHGISST":"200","PLACE":"Gardner city","NAME":"Gardner","NHGISPLACE":"G200254250","YEAR":1990,"GISJOIN":"G20025425"}},{"type":"Feature","id":207,"geometry":{"type":"Point","coordinates":[-99.244840148497644,38.077798940685248]},"properties":{"FID":207,"STATE":"Kansas","NHGISST":"200","PLACE":"Garfield city","NAME":"Garfield","NHGISPLACE":"G200257500","YEAR":1990,"GISJOIN":"G20025750"}},{"type":"Feature","id":208,"geometry":{"type":"Point","coordinates":[-95.241926734706595,38.280584006394292]},"properties":{"FID":208,"STATE":"Kansas","NHGISST":"200","PLACE":"Garnett city","NAME":"Garnett","NHGISPLACE":"G200259250","YEAR":1990,"GISJOIN":"G20025925"}},{"type":"Feature","id":209,"geometry":{"type":"Point","coordinates":[-95.346099130773936,37.923653439097912]},"properties":{"FID":209,"STATE":"Kansas","NHGISST":"200","PLACE":"Gas city","NAME":"Gas","NHGISPLACE":"G200259750","YEAR":1990,"GISJOIN":"G20025975"}},{"type":"Feature","id":210,"geometry":{"type":"Point","coordinates":[-98.84758650490339,39.643906813510945]},"properties":{"FID":210,"STATE":"Kansas","NHGISST":"200","PLACE":"Gaylord city","NAME":"Gaylord","NHGISPLACE":"G200260000","YEAR":1990,"GISJOIN":"G20026000"}},{"type":"Feature","id":211,"geometry":{"type":"Point","coordinates":[-100.89766069545701,39.427788448334454]},"properties":{"FID":211,"STATE":"Kansas","NHGISST":"200","PLACE":"Gem city","NAME":"Gem","NHGISPLACE":"G200260500","YEAR":1990,"GISJOIN":"G20026050"}},{"type":"Feature","id":212,"geometry":{"type":"Point","coordinates":[-98.156731815188209,38.516127376523599]},"properties":{"FID":212,"STATE":"Kansas","NHGISST":"200","PLACE":"Geneseo city","NAME":"Geneseo","NHGISPLACE":"G200260750","YEAR":1990,"GISJOIN":"G20026075"}},{"type":"Feature","id":213,"geometry":{"type":"Point","coordinates":[-97.149214928714358,37.114200500784747]},"properties":{"FID":213,"STATE":"Kansas","NHGISST":"200","PLACE":"Geuda Springs city","NAME":"Geuda Springs","NHGISPLACE":"G200262000","YEAR":1990,"GISJOIN":"G20026200"}},{"type":"Feature","id":214,"geometry":{"type":"Point","coordinates":[-94.838028860457271,37.51116629576677]},"properties":{"FID":214,"STATE":"Kansas","NHGISST":"200","PLACE":"Girard city","NAME":"Girard","NHGISPLACE":"G200263000","YEAR":1990,"GISJOIN":"G20026300"}},{"type":"Feature","id":215,"geometry":{"type":"Point","coordinates":[-99.30982732643109,39.684738690103416]},"properties":{"FID":215,"STATE":"Kansas","NHGISST":"200","PLACE":"Glade city","NAME":"Glade","NHGISPLACE":"G200263250","YEAR":1990,"GISJOIN":"G20026325"}},{"type":"Feature","id":216,"geometry":{"type":"Point","coordinates":[-97.841160318053142,39.356675730850576]},"properties":{"FID":216,"STATE":"Kansas","NHGISST":"200","PLACE":"Glasco city","NAME":"Glasco","NHGISPLACE":"G200263750","YEAR":1990,"GISJOIN":"G20026375"}},{"type":"Feature","id":217,"geometry":{"type":"Point","coordinates":[-98.308675051837511,39.498628023999288]},"properties":{"FID":217,"STATE":"Kansas","NHGISST":"200","PLACE":"Glen Elder city","NAME":"Glen Elder","NHGISPLACE":"G200265000","YEAR":1990,"GISJOIN":"G20026500"}},{"type":"Feature","id":218,"geometry":{"type":"Point","coordinates":[-97.57533368620696,37.659742869101393]},"properties":{"FID":218,"STATE":"Kansas","NHGISST":"200","PLACE":"Goddard city","NAME":"Goddard","NHGISPLACE":"G200267250","YEAR":1990,"GISJOIN":"G20026725"}},{"type":"Feature","id":219,"geometry":{"type":"Point","coordinates":[-97.348931382234582,38.246405879952071]},"properties":{"FID":219,"STATE":"Kansas","NHGISST":"200","PLACE":"Goessel city","NAME":"Goessel","NHGISPLACE":"G200267500","YEAR":1990,"GISJOIN":"G20026750"}},{"type":"Feature","id":220,"geometry":{"type":"Point","coordinates":[-95.932223250719318,39.663892397106721]},"properties":{"FID":220,"STATE":"Kansas","NHGISST":"200","PLACE":"Goff city","NAME":"Goff","NHGISPLACE":"G200267750","YEAR":1990,"GISJOIN":"G20026775"}},{"type":"Feature","id":221,"geometry":{"type":"Point","coordinates":[-101.71018148626737,39.350839583944435]},"properties":{"FID":221,"STATE":"Kansas","NHGISST":"200","PLACE":"Goodland city","NAME":"Goodland","NHGISPLACE":"G200268750","YEAR":1990,"GISJOIN":"G20026875"}},{"type":"Feature","id":222,"geometry":{"type":"Point","coordinates":[-99.023155670819591,38.88168508198828]},"properties":{"FID":222,"STATE":"Kansas","NHGISST":"200","PLACE":"Gorham city","NAME":"Gorham","NHGISPLACE":"G200270000","YEAR":1990,"GISJOIN":"G20027000"}},{"type":"Feature","id":223,"geometry":{"type":"Point","coordinates":[-100.46514755582996,39.11362522864836]},"properties":{"FID":223,"STATE":"Kansas","NHGISST":"200","PLACE":"Grainfield city","NAME":"Grainfield","NHGISPLACE":"G200272000","YEAR":1990,"GISJOIN":"G20027200"}},{"type":"Feature","id":224,"geometry":{"type":"Point","coordinates":[-96.789182612455676,39.029171741642671]},"properties":{"FID":224,"STATE":"Kansas","NHGISST":"200","PLACE":"Grandview Plaza city","NAME":"Grandview Plaza","NHGISPLACE":"G200274250","YEAR":1990,"GISJOIN":"G20027425"}},{"type":"Feature","id":225,"geometry":{"type":"Point","coordinates":[-98.764815754970542,38.364463314900277]},"properties":{"FID":225,"STATE":"Kansas","NHGISST":"200","PLACE":"Great Bend city","NAME":"Great Bend","NHGISPLACE":"G200283000","YEAR":1990,"GISJOIN":"G20028300"}},{"type":"Feature","id":226,"geometry":{"type":"Point","coordinates":[-95.126923112277439,38.36669292762317]},"properties":{"FID":226,"STATE":"Kansas","NHGISST":"200","PLACE":"Greeley city","NAME":"Greeley","NHGISPLACE":"G200283500","YEAR":1990,"GISJOIN":"G20028350"}},{"type":"Feature","id":227,"geometry":{"type":"Point","coordinates":[-97.001968607872968,39.427782793914936]},"properties":{"FID":227,"STATE":"Kansas","NHGISST":"200","PLACE":"Green city","NAME":"Green","NHGISPLACE":"G200284250","YEAR":1990,"GISJOIN":"G20028425"}},{"type":"Feature","id":228,"geometry":{"type":"Point","coordinates":[-96.976142231663445,39.728343343333627]},"properties":{"FID":228,"STATE":"Kansas","NHGISST":"200","PLACE":"Greenleaf city","NAME":"Greenleaf","NHGISPLACE":"G200286250","YEAR":1990,"GISJOIN":"G20028625"}},{"type":"Feature","id":229,"geometry":{"type":"Point","coordinates":[-99.292621615396627,37.602802761081733]},"properties":{"FID":229,"STATE":"Kansas","NHGISST":"200","PLACE":"Greensburg city","NAME":"Greensburg","NHGISPLACE":"G200286750","YEAR":1990,"GISJOIN":"G20028675"}},{"type":"Feature","id":230,"geometry":{"type":"Point","coordinates":[-96.450571869281021,37.348649279236838]},"properties":{"FID":230,"STATE":"Kansas","NHGISST":"200","PLACE":"Grenola city","NAME":"Grenola","NHGISPLACE":"G200288000","YEAR":1990,"GISJOIN":"G20028800"}},{"type":"Feature","id":231,"geometry":{"type":"Point","coordinates":[-95.883607687465656,38.097809739156709]},"properties":{"FID":231,"STATE":"Kansas","NHGISST":"200","PLACE":"Gridley city","NAME":"Gridley","NHGISPLACE":"G200288500","YEAR":1990,"GISJOIN":"G20028850"}},{"type":"Feature","id":232,"geometry":{"type":"Point","coordinates":[-100.62904039765364,39.127236619618387]},"properties":{"FID":232,"STATE":"Kansas","NHGISST":"200","PLACE":"Grinnell city","NAME":"Grinnell","NHGISPLACE":"G200289000","YEAR":1990,"GISJOIN":"G20028900"}},{"type":"Feature","id":233,"geometry":{"type":"Point","coordinates":[-97.428093746717806,38.705565850686149]},"properties":{"FID":233,"STATE":"Kansas","NHGISST":"200","PLACE":"Gypsum city","NAME":"Gypsum","NHGISPLACE":"G200292500","YEAR":1990,"GISJOIN":"G20029250"}},{"type":"Feature","id":234,"geometry":{"type":"Point","coordinates":[-97.30171053024084,39.856954744307529]},"properties":{"FID":234,"STATE":"Kansas","NHGISST":"200","PLACE":"Haddam city","NAME":"Haddam","NHGISPLACE":"G200294000","YEAR":1990,"GISJOIN":"G20029400"}},{"type":"Feature","id":235,"geometry":{"type":"Point","coordinates":[-97.508659900499978,38.001407030114109]},"properties":{"FID":235,"STATE":"Kansas","NHGISST":"200","PLACE":"Halstead city","NAME":"Halstead","NHGISPLACE":"G200296000","YEAR":1990,"GISJOIN":"G20029600"}},{"type":"Feature","id":236,"geometry":{"type":"Point","coordinates":[-96.164172450085189,37.979477203044866]},"properties":{"FID":236,"STATE":"Kansas","NHGISST":"200","PLACE":"Hamilton city","NAME":"Hamilton","NHGISPLACE":"G200296750","YEAR":1990,"GISJOIN":"G20029675"}},{"type":"Feature","id":237,"geometry":{"type":"Point","coordinates":[-95.628047795093764,39.916120156209793]},"properties":{"FID":237,"STATE":"Kansas","NHGISST":"200","PLACE":"Hamlin city","NAME":"Hamlin","NHGISPLACE":"G200297000","YEAR":1990,"GISJOIN":"G20029700"}},{"type":"Feature","id":238,"geometry":{"type":"Point","coordinates":[-96.879477923929116,39.893899176186686]},"properties":{"FID":238,"STATE":"Kansas","NHGISST":"200","PLACE":"Hanover city","NAME":"Hanover","NHGISPLACE":"G200298750","YEAR":1990,"GISJOIN":"G20029875"}},{"type":"Feature","id":239,"geometry":{"type":"Point","coordinates":[-99.712909769574736,38.121968319700031]},"properties":{"FID":239,"STATE":"Kansas","NHGISST":"200","PLACE":"Hanston city","NAME":"Hanston","NHGISPLACE":"G200299250","YEAR":1990,"GISJOIN":"G20029925"}},{"type":"Feature","id":240,"geometry":{"type":"Point","coordinates":[-98.649536201840647,37.013923299985557]},"properties":{"FID":240,"STATE":"Kansas","NHGISST":"200","PLACE":"Hardtner city","NAME":"Hardtner","NHGISPLACE":"G200300000","YEAR":1990,"GISJOIN":"G20030000"}},{"type":"Feature","id":241,"geometry":{"type":"Point","coordinates":[-98.025902667680015,37.28669278101605]},"properties":{"FID":241,"STATE":"Kansas","NHGISST":"200","PLACE":"Harper city","NAME":"Harper","NHGISPLACE":"G200301750","YEAR":1990,"GISJOIN":"G20030175"}},{"type":"Feature","id":242,"geometry":{"type":"Point","coordinates":[-95.436376789617015,38.319470402254602]},"properties":{"FID":242,"STATE":"Kansas","NHGISST":"200","PLACE":"Harris CDP","NAME":"Harris","NHGISPLACE":"G200302500","YEAR":1990,"GISJOIN":"G20030250"}},{"type":"Feature","id":243,"geometry":{"type":"Point","coordinates":[-95.955831125468805,38.308357470640523]},"properties":{"FID":243,"STATE":"Kansas","NHGISST":"200","PLACE":"Hartford city","NAME":"Hartford","NHGISPLACE":"G200304750","YEAR":1990,"GISJOIN":"G20030475"}},{"type":"Feature","id":244,"geometry":{"type":"Point","coordinates":[-95.961664171700889,38.790012350691264]},"properties":{"FID":244,"STATE":"Kansas","NHGISST":"200","PLACE":"Harveyville city","NAME":"Harveyville","NHGISPLACE":"G200305750","YEAR":1990,"GISJOIN":"G20030575"}},{"type":"Feature","id":245,"geometry":{"type":"Point","coordinates":[-95.94193471462124,37.09174156219273]},"properties":{"FID":245,"STATE":"Kansas","NHGISST":"200","PLACE":"Havana city","NAME":"Havana","NHGISPLACE":"G200307000","YEAR":1990,"GISJOIN":"G20030700"}},{"type":"Feature","id":246,"geometry":{"type":"Point","coordinates":[-97.782835361478121,37.898906896785647]},"properties":{"FID":246,"STATE":"Kansas","NHGISST":"200","PLACE":"Haven city","NAME":"Haven","NHGISPLACE":"G200307250","YEAR":1990,"GISJOIN":"G20030725"}},{"type":"Feature","id":247,"geometry":{"type":"Point","coordinates":[-96.078059773264371,39.511113363438071]},"properties":{"FID":247,"STATE":"Kansas","NHGISST":"200","PLACE":"Havensville city","NAME":"Havensville","NHGISPLACE":"G200307750","YEAR":1990,"GISJOIN":"G20030775"}},{"type":"Feature","id":248,"geometry":{"type":"Point","coordinates":[-99.106503869925987,37.619469074141612]},"properties":{"FID":248,"STATE":"Kansas","NHGISST":"200","PLACE":"Haviland city","NAME":"Haviland","NHGISPLACE":"G200308250","YEAR":1990,"GISJOIN":"G20030825"}},{"type":"Feature","id":249,"geometry":{"type":"Point","coordinates":[-99.326778847389662,38.879184963565933]},"properties":{"FID":249,"STATE":"Kansas","NHGISST":"200","PLACE":"Hays city","NAME":"Hays","NHGISPLACE":"G200311000","YEAR":1990,"GISJOIN":"G20031100"}},{"type":"Feature","id":250,"geometry":{"type":"Point","coordinates":[-97.352275520693254,37.564468065188159]},"properties":{"FID":250,"STATE":"Kansas","NHGISST":"200","PLACE":"Haysville city","NAME":"Haysville","NHGISPLACE":"G200311250","YEAR":1990,"GISJOIN":"G20031125"}},{"type":"Feature","id":251,"geometry":{"type":"Point","coordinates":[-98.398415544807648,37.090309427206627]},"properties":{"FID":251,"STATE":"Kansas","NHGISST":"200","PLACE":"Hazelton city","NAME":"Hazelton","NHGISPLACE":"G200311500","YEAR":1990,"GISJOIN":"G20031150"}},{"type":"Feature","id":252,"geometry":{"type":"Point","coordinates":[-94.968312207805596,37.661163714556729]},"properties":{"FID":252,"STATE":"Kansas","NHGISST":"200","PLACE":"Hepler city","NAME":"Hepler","NHGISPLACE":"G200313750","YEAR":1990,"GISJOIN":"G20031375"}},{"type":"Feature","id":253,"geometry":{"type":"Point","coordinates":[-96.94252191765689,38.671125773998952]},"properties":{"FID":253,"STATE":"Kansas","NHGISST":"200","PLACE":"Herington city","NAME":"Herington","NHGISPLACE":"G200314000","YEAR":1990,"GISJOIN":"G20031400"}},{"type":"Feature","id":254,"geometry":{"type":"Point","coordinates":[-100.78516162078444,39.90973252853928]},"properties":{"FID":254,"STATE":"Kansas","NHGISST":"200","PLACE":"Herndon city","NAME":"Herndon","NHGISPLACE":"G200314750","YEAR":1990,"GISJOIN":"G20031475"}},{"type":"Feature","id":255,"geometry":{"type":"Point","coordinates":[-97.431434793504806,38.138350357154579]},"properties":{"FID":255,"STATE":"Kansas","NHGISST":"200","PLACE":"Hesston city","NAME":"Hesston","NHGISPLACE":"G200316000","YEAR":1990,"GISJOIN":"G20031600"}},{"type":"Feature","id":256,"geometry":{"type":"Point","coordinates":[-95.535823364179279,39.852510352069999]},"properties":{"FID":256,"STATE":"Kansas","NHGISST":"200","PLACE":"Hiawatha city","NAME":"Hiawatha","NHGISPLACE":"G200316750","YEAR":1990,"GISJOIN":"G20031675"}},{"type":"Feature","id":257,"geometry":{"type":"Point","coordinates":[-95.269706194385947,39.859727869572595]},"properties":{"FID":257,"STATE":"Kansas","NHGISST":"200","PLACE":"Highland city","NAME":"Highland","NHGISPLACE":"G200318500","YEAR":1990,"GISJOIN":"G20031850"}},{"type":"Feature","id":258,"geometry":{"type":"Point","coordinates":[-99.842073726668943,39.364734806537143]},"properties":{"FID":258,"STATE":"Kansas","NHGISST":"200","PLACE":"Hill City city","NAME":"Hill City","NHGISPLACE":"G200321750","YEAR":1990,"GISJOIN":"G20032175"}},{"type":"Feature","id":259,"geometry":{"type":"Point","coordinates":[-97.204480354787094,38.351962305581218]},"properties":{"FID":259,"STATE":"Kansas","NHGISST":"200","PLACE":"Hillsboro city","NAME":"Hillsboro","NHGISPLACE":"G200322750","YEAR":1990,"GISJOIN":"G20032275"}},{"type":"Feature","id":260,"geometry":{"type":"Point","coordinates":[-98.778147872529246,38.518073839493461]},"properties":{"FID":260,"STATE":"Kansas","NHGISST":"200","PLACE":"Hoisington city","NAME":"Hoisington","NHGISPLACE":"G200325500","YEAR":1990,"GISJOIN":"G20032550"}},{"type":"Feature","id":261,"geometry":{"type":"Point","coordinates":[-100.98934197113252,37.986141720608593]},"properties":{"FID":261,"STATE":"Kansas","NHGISST":"200","PLACE":"Holcomb city","NAME":"Holcomb","NHGISPLACE":"G200325750","YEAR":1990,"GISJOIN":"G20032575"}},{"type":"Feature","id":262,"geometry":{"type":"Point","coordinates":[-96.992259661610404,39.980566682741767]},"properties":{"FID":262,"STATE":"Kansas","NHGISST":"200","PLACE":"Hollenberg city","NAME":"Hollenberg","NHGISPLACE":"G200326500","YEAR":1990,"GISJOIN":"G20032650"}},{"type":"Feature","id":263,"geometry":{"type":"Point","coordinates":[-95.736380079135088,39.46527937594437]},"properties":{"FID":263,"STATE":"Kansas","NHGISST":"200","PLACE":"Holton city","NAME":"Holton","NHGISPLACE":"G200328250","YEAR":1990,"GISJOIN":"G20032825"}},{"type":"Feature","id":264,"geometry":{"type":"Point","coordinates":[-98.411186086947879,38.586961572796035]},"properties":{"FID":264,"STATE":"Kansas","NHGISST":"200","PLACE":"Holyrood city","NAME":"Holyrood","NHGISPLACE":"G200328500","YEAR":1990,"GISJOIN":"G20032850"}},{"type":"Feature","id":265,"geometry":{"type":"Point","coordinates":[-97.076692453456531,38.690290668865202]},"properties":{"FID":265,"STATE":"Kansas","NHGISST":"200","PLACE":"Hope city","NAME":"Hope","NHGISPLACE":"G200330750","YEAR":1990,"GISJOIN":"G20033075"}},{"type":"Feature","id":266,"geometry":{"type":"Point","coordinates":[-101.79073821386572,38.476411047456345]},"properties":{"FID":266,"STATE":"Kansas","NHGISST":"200","PLACE":"Horace city","NAME":"Horace","NHGISPLACE":"G200331500","YEAR":1990,"GISJOIN":"G20033150"}},{"type":"Feature","id":267,"geometry":{"type":"Point","coordinates":[-95.52637664262096,39.660564320693574]},"properties":{"FID":267,"STATE":"Kansas","NHGISST":"200","PLACE":"Horton city","NAME":"Horton","NHGISPLACE":"G200332000","YEAR":1990,"GISJOIN":"G20033200"}},{"type":"Feature","id":268,"geometry":{"type":"Point","coordinates":[-96.2636143307205,37.470318310471725]},"properties":{"FID":268,"STATE":"Kansas","NHGISST":"200","PLACE":"Howard city","NAME":"Howard","NHGISPLACE":"G200332500","YEAR":1990,"GISJOIN":"G20033250"}},{"type":"Feature","id":269,"geometry":{"type":"Point","coordinates":[-100.44181597607395,39.357511566966423]},"properties":{"FID":269,"STATE":"Kansas","NHGISST":"200","PLACE":"Hoxie city","NAME":"Hoxie","NHGISPLACE":"G200333500","YEAR":1990,"GISJOIN":"G20033350"}},{"type":"Feature","id":270,"geometry":{"type":"Point","coordinates":[-95.70637874898371,39.247781942238355]},"properties":{"FID":270,"STATE":"Kansas","NHGISST":"200","PLACE":"Hoyt city","NAME":"Hoyt","NHGISPLACE":"G200333750","YEAR":1990,"GISJOIN":"G20033375"}},{"type":"Feature","id":271,"geometry":{"type":"Point","coordinates":[-98.66009160346978,38.105575979967746]},"properties":{"FID":271,"STATE":"Kansas","NHGISST":"200","PLACE":"Hudson city","NAME":"Hudson","NHGISPLACE":"G200334000","YEAR":1990,"GISJOIN":"G20033400"}},{"type":"Feature","id":272,"geometry":{"type":"Point","coordinates":[-101.34961148236194,37.17530877195383]},"properties":{"FID":272,"STATE":"Kansas","NHGISST":"200","PLACE":"Hugoton city","NAME":"Hugoton","NHGISPLACE":"G200334250","YEAR":1990,"GISJOIN":"G20033425"}},{"type":"Feature","id":273,"geometry":{"type":"Point","coordinates":[-95.43693394464276,37.810602815020509]},"properties":{"FID":273,"STATE":"Kansas","NHGISST":"200","PLACE":"Humboldt city","NAME":"Humboldt","NHGISPLACE":"G200334500","YEAR":1990,"GISJOIN":"G20033450"}},{"type":"Feature","id":274,"geometry":{"type":"Point","coordinates":[-97.40477588545096,37.00503326784262]},"properties":{"FID":274,"STATE":"Kansas","NHGISST":"200","PLACE":"Hunnewell city","NAME":"Hunnewell","NHGISPLACE":"G200335000","YEAR":1990,"GISJOIN":"G20033500"}},{"type":"Feature","id":275,"geometry":{"type":"Point","coordinates":[-98.397291448283795,39.234181976598229]},"properties":{"FID":275,"STATE":"Kansas","NHGISST":"200","PLACE":"Hunter city","NAME":"Hunter","NHGISPLACE":"G200335250","YEAR":1990,"GISJOIN":"G20033525"}},{"type":"Feature","id":276,"geometry":{"type":"Point","coordinates":[-95.351649993818341,39.638340027577271]},"properties":{"FID":276,"STATE":"Kansas","NHGISST":"200","PLACE":"Huron city","NAME":"Huron","NHGISPLACE":"G200335750","YEAR":1990,"GISJOIN":"G20033575"}},{"type":"Feature","id":277,"geometry":{"type":"Point","coordinates":[-97.929782513367272,38.060851114999807]},"properties":{"FID":277,"STATE":"Kansas","NHGISST":"200","PLACE":"Hutchinson city","NAME":"Hutchinson","NHGISPLACE":"G200336250","YEAR":1990,"GISJOIN":"G20033625"}},{"type":"Feature","id":278,"geometry":{"type":"Point","coordinates":[-95.708320664433245,37.224242397820376]},"properties":{"FID":278,"STATE":"Kansas","NHGISST":"200","PLACE":"Independence city","NAME":"Independence","NHGISPLACE":"G200338750","YEAR":1990,"GISJOIN":"G20033875"}},{"type":"Feature","id":279,"geometry":{"type":"Point","coordinates":[-100.45460152407819,37.82780592802456]},"properties":{"FID":279,"STATE":"Kansas","NHGISST":"200","PLACE":"Ingalls city","NAME":"Ingalls","NHGISPLACE":"G200342250","YEAR":1990,"GISJOIN":"G20034225"}},{"type":"Feature","id":280,"geometry":{"type":"Point","coordinates":[-97.773389089693467,38.231960352088983]},"properties":{"FID":280,"STATE":"Kansas","NHGISST":"200","PLACE":"Inman city","NAME":"Inman","NHGISPLACE":"G200342750","YEAR":1990,"GISJOIN":"G20034275"}},{"type":"Feature","id":281,"geometry":{"type":"Point","coordinates":[-95.399988944309584,37.924486636454112]},"properties":{"FID":281,"STATE":"Kansas","NHGISST":"200","PLACE":"Iola city","NAME":"Iola","NHGISPLACE":"G200343000","YEAR":1990,"GISJOIN":"G20034300"}},{"type":"Feature","id":282,"geometry":{"type":"Point","coordinates":[-98.550369317075578,37.466692981465101]},"properties":{"FID":282,"STATE":"Kansas","NHGISST":"200","PLACE":"Isabel city","NAME":"Isabel","NHGISPLACE":"G200345500","YEAR":1990,"GISJOIN":"G20034550"}},{"type":"Feature","id":283,"geometry":{"type":"Point","coordinates":[-98.735099287727166,37.729190614094243]},"properties":{"FID":283,"STATE":"Kansas","NHGISST":"200","PLACE":"Iuka city","NAME":"Iuka","NHGISPLACE":"G200346250","YEAR":1990,"GISJOIN":"G20034625"}},{"type":"Feature","id":284,"geometry":{"type":"Point","coordinates":[-97.861162548273896,39.599456367832758]},"properties":{"FID":284,"STATE":"Kansas","NHGISST":"200","PLACE":"Jamestown city","NAME":"Jamestown","NHGISPLACE":"G200349750","YEAR":1990,"GISJOIN":"G20034975"}},{"type":"Feature","id":285,"geometry":{"type":"Point","coordinates":[-100.2934813731957,39.67945532590975]},"properties":{"FID":285,"STATE":"Kansas","NHGISST":"200","PLACE":"Jennings city","NAME":"Jennings","NHGISPLACE":"G200353750","YEAR":1990,"GISJOIN":"G20035375"}},{"type":"Feature","id":286,"geometry":{"type":"Point","coordinates":[-99.893470610094766,38.084469002437189]},"properties":{"FID":286,"STATE":"Kansas","NHGISST":"200","PLACE":"Jetmore city","NAME":"Jetmore","NHGISPLACE":"G200354500","YEAR":1990,"GISJOIN":"G20035450"}},{"type":"Feature","id":287,"geometry":{"type":"Point","coordinates":[-98.153669531059322,39.671405861195161]},"properties":{"FID":287,"STATE":"Kansas","NHGISST":"200","PLACE":"Jewell city","NAME":"Jewell","NHGISPLACE":"G200354750","YEAR":1990,"GISJOIN":"G20035475"}},{"type":"Feature","id":288,"geometry":{"type":"Point","coordinates":[-96.831405822761468,39.028616139018169]},"properties":{"FID":288,"STATE":"Kansas","NHGISST":"200","PLACE":"Junction City city","NAME":"Junction City","NHGISPLACE":"G200357500","YEAR":1990,"GISJOIN":"G20035750"}},{"type":"Feature","id":289,"geometry":{"type":"Point","coordinates":[-98.157285233840582,38.711126408095716]},"properties":{"FID":289,"STATE":"Kansas","NHGISST":"200","PLACE":"Kanopolis city","NAME":"Kanopolis","NHGISPLACE":"G200359500","YEAR":1990,"GISJOIN":"G20035950"}},{"type":"Feature","id":290,"geometry":{"type":"Point","coordinates":[-102.03796896418318,39.333060760240883]},"properties":{"FID":290,"STATE":"Kansas","NHGISST":"200","PLACE":"Kanorado city","NAME":"Kanorado","NHGISPLACE":"G200359750","YEAR":1990,"GISJOIN":"G20035975"}},{"type":"Feature","id":291,"geometry":{"type":"Point","coordinates":[-94.627464449123437,39.114177782914524]},"properties":{"FID":291,"STATE":"Kansas","NHGISST":"200","PLACE":"Kansas City city","NAME":"Kansas City","NHGISPLACE":"G200360000","YEAR":1990,"GISJOIN":"G20036000"}},{"type":"Feature","id":292,"geometry":{"type":"Point","coordinates":[-97.279495022304786,37.795852308378677]},"properties":{"FID":292,"STATE":"Kansas","NHGISST":"200","PLACE":"Kechi city","NAME":"Kechi","NHGISPLACE":"G200362250","YEAR":1990,"GISJOIN":"G20036225"}},{"type":"Feature","id":293,"geometry":{"type":"Point","coordinates":[-99.031759264794886,39.766962720552442]},"properties":{"FID":293,"STATE":"Kansas","NHGISST":"200","PLACE":"Kensington city","NAME":"Kensington","NHGISPLACE":"G200365500","YEAR":1990,"GISJOIN":"G20036550"}},{"type":"Feature","id":294,"geometry":{"type":"Point","coordinates":[-95.153593094286435,38.084203177997722]},"properties":{"FID":294,"STATE":"Kansas","NHGISST":"200","PLACE":"Kincaid city","NAME":"Kincaid","NHGISPLACE":"G200368750","YEAR":1990,"GISJOIN":"G20036875"}},{"type":"Feature","id":295,"geometry":{"type":"Point","coordinates":[-98.11368162219236,37.645855635427424]},"properties":{"FID":295,"STATE":"Kansas","NHGISST":"200","PLACE":"Kingman city","NAME":"Kingman","NHGISPLACE":"G200369500","YEAR":1990,"GISJOIN":"G20036950"}},{"type":"Feature","id":296,"geometry":{"type":"Point","coordinates":[-99.409846975164996,37.923078906009827]},"properties":{"FID":296,"STATE":"Kansas","NHGISST":"200","PLACE":"Kinsley city","NAME":"Kinsley","NHGISPLACE":"G200370750","YEAR":1990,"GISJOIN":"G20037075"}},{"type":"Feature","id":297,"geometry":{"type":"Point","coordinates":[-98.485362160412294,37.017255710163901]},"properties":{"FID":297,"STATE":"Kansas","NHGISST":"200","PLACE":"Kiowa city","NAME":"Kiowa","NHGISPLACE":"G200371250","YEAR":1990,"GISJOIN":"G20037125"}},{"type":"Feature","id":298,"geometry":{"type":"Point","coordinates":[-99.122319478349482,39.673073000043047]},"properties":{"FID":298,"STATE":"Kansas","NHGISST":"200","PLACE":"Kirwin city","NAME":"Kirwin","NHGISPLACE":"G200372750","YEAR":1990,"GISJOIN":"G20037275"}},{"type":"Feature","id":299,"geometry":{"type":"Point","coordinates":[-100.70210902711828,37.205582914628629]},"properties":{"FID":299,"STATE":"Kansas","NHGISST":"200","PLACE":"Kismet city","NAME":"Kismet","NHGISPLACE":"G200373250","YEAR":1990,"GISJOIN":"G20037325"}},{"type":"Feature","id":300,"geometry":{"type":"Point","coordinates":[-95.183586228301735,37.230626127529085]},"properties":{"FID":300,"STATE":"Kansas","NHGISST":"200","PLACE":"Labette city","NAME":"Labette","NHGISPLACE":"G200373750","YEAR":1990,"GISJOIN":"G20037375"}},{"type":"Feature","id":301,"geometry":{"type":"Point","coordinates":[-99.308724008229547,38.53140880910545]},"properties":{"FID":301,"STATE":"Kansas","NHGISST":"200","PLACE":"La Crosse city","NAME":"La Crosse","NHGISPLACE":"G200375000","YEAR":1990,"GISJOIN":"G20037500"}},{"type":"Feature","id":302,"geometry":{"type":"Point","coordinates":[-94.761355014040547,38.350027445112218]},"properties":{"FID":302,"STATE":"Kansas","NHGISST":"200","PLACE":"La Cygne city","NAME":"La Cygne","NHGISPLACE":"G200375750","YEAR":1990,"GISJOIN":"G20037575"}},{"type":"Feature","id":303,"geometry":{"type":"Point","coordinates":[-95.299154017158187,37.916987140637161]},"properties":{"FID":303,"STATE":"Kansas","NHGISST":"200","PLACE":"La Harpe city","NAME":"La Harpe","NHGISPLACE":"G200377250","YEAR":1990,"GISJOIN":"G20037725"}},{"type":"Feature","id":304,"geometry":{"type":"Point","coordinates":[-94.776635581160875,39.040289662250984]},"properties":{"FID":304,"STATE":"Kansas","NHGISST":"200","PLACE":"Lake Quivira city","NAME":"Lake Quivira","NHGISPLACE":"G200379750","YEAR":1990,"GISJOIN":"G20037975"}},{"type":"Feature","id":305,"geometry":{"type":"Point","coordinates":[-101.25490103144662,37.940581597384003]},"properties":{"FID":305,"STATE":"Kansas","NHGISST":"200","PLACE":"Lakin city","NAME":"Lakin","NHGISPLACE":"G200381750","YEAR":1990,"GISJOIN":"G20038175"}},{"type":"Feature","id":306,"geometry":{"type":"Point","coordinates":[-95.302758873516197,39.572783219570269]},"properties":{"FID":306,"STATE":"Kansas","NHGISST":"200","PLACE":"Lancaster city","NAME":"Lancaster","NHGISPLACE":"G200383250","YEAR":1990,"GISJOIN":"G20038325"}},{"type":"Feature","id":307,"geometry":{"type":"Point","coordinates":[-95.082199106560438,38.439746042325261]},"properties":{"FID":307,"STATE":"Kansas","NHGISST":"200","PLACE":"Lane city","NAME":"Lane","NHGISPLACE":"G200384000","YEAR":1990,"GISJOIN":"G20038400"}},{"type":"Feature","id":308,"geometry":{"type":"Point","coordinates":[-98.324522894711279,37.853910957730307]},"properties":{"FID":308,"STATE":"Kansas","NHGISST":"200","PLACE":"Langdon city","NAME":"Langdon","NHGISPLACE":"G200385000","YEAR":1990,"GISJOIN":"G20038500"}},{"type":"Feature","id":309,"geometry":{"type":"Point","coordinates":[-94.900248834476045,39.248619589607578]},"properties":{"FID":309,"STATE":"Kansas","NHGISST":"200","PLACE":"Lansing city","NAME":"Lansing","NHGISPLACE":"G200386500","YEAR":1990,"GISJOIN":"G20038650"}},{"type":"Feature","id":310,"geometry":{"type":"Point","coordinates":[-99.098721521493133,38.180575866117465]},"properties":{"FID":310,"STATE":"Kansas","NHGISST":"200","PLACE":"Larned city","NAME":"Larned","NHGISPLACE":"G200387000","YEAR":1990,"GISJOIN":"G20038700"}},{"type":"Feature","id":311,"geometry":{"type":"Point","coordinates":[-96.641973234995945,37.536139500856962]},"properties":{"FID":311,"STATE":"Kansas","NHGISST":"200","PLACE":"Latham city","NAME":"Latham","NHGISPLACE":"G200387750","YEAR":1990,"GISJOIN":"G20038775"}},{"type":"Feature","id":312,"geometry":{"type":"Point","coordinates":[-96.845574498986409,38.738901390795675]},"properties":{"FID":312,"STATE":"Kansas","NHGISST":"200","PLACE":"Latimer city","NAME":"Latimer","NHGISPLACE":"G200388000","YEAR":1990,"GISJOIN":"G20038800"}},{"type":"Feature","id":313,"geometry":{"type":"Point","coordinates":[-95.235257697845952,38.971675824176934]},"properties":{"FID":313,"STATE":"Kansas","NHGISST":"200","PLACE":"Lawrence city","NAME":"Lawrence","NHGISPLACE":"G200389000","YEAR":1990,"GISJOIN":"G20038900"}},{"type":"Feature","id":314,"geometry":{"type":"Point","coordinates":[-94.922471246866309,39.31111819906068]},"properties":{"FID":314,"STATE":"Kansas","NHGISST":"200","PLACE":"Leavenworth city","NAME":"Leavenworth","NHGISPLACE":"G200390000","YEAR":1990,"GISJOIN":"G20039000"}},{"type":"Feature","id":315,"geometry":{"type":"Point","coordinates":[-94.616908631705613,38.966679959108284]},"properties":{"FID":315,"STATE":"Kansas","NHGISST":"200","PLACE":"Leawood city","NAME":"Leawood","NHGISPLACE":"G200390750","YEAR":1990,"GISJOIN":"G20039075"}},{"type":"Feature","id":316,"geometry":{"type":"Point","coordinates":[-98.555628448176591,39.809741157607171]},"properties":{"FID":316,"STATE":"Kansas","NHGISST":"200","PLACE":"Lebanon city","NAME":"Lebanon","NHGISPLACE":"G200391000","YEAR":1990,"GISJOIN":"G20039100"}},{"type":"Feature","id":317,"geometry":{"type":"Point","coordinates":[-95.853051808583842,38.416688594541704]},"properties":{"FID":317,"STATE":"Kansas","NHGISST":"200","PLACE":"Lebo city","NAME":"Lebo","NHGISPLACE":"G200391250","YEAR":1990,"GISJOIN":"G20039125"}},{"type":"Feature","id":318,"geometry":{"type":"Point","coordinates":[-95.394704346413448,39.044451826628602]},"properties":{"FID":318,"STATE":"Kansas","NHGISST":"200","PLACE":"Lecompton city","NAME":"Lecompton","NHGISPLACE":"G200391500","YEAR":1990,"GISJOIN":"G20039150"}},{"type":"Feature","id":319,"geometry":{"type":"Point","coordinates":[-97.303093881905184,38.372793903188949]},"properties":{"FID":319,"STATE":"Kansas","NHGISST":"200","PLACE":"Lehigh city","NAME":"Lehigh","NHGISPLACE":"G200392250","YEAR":1990,"GISJOIN":"G20039225"}},{"type":"Feature","id":320,"geometry":{"type":"Point","coordinates":[-94.733578362338321,38.953624349818533]},"properties":{"FID":320,"STATE":"Kansas","NHGISST":"200","PLACE":"Lenexa city","NAME":"Lenexa","NHGISPLACE":"G200393500","YEAR":1990,"GISJOIN":"G20039350"}},{"type":"Feature","id":321,"geometry":{"type":"Point","coordinates":[-100.0026360931265,39.610566734240621]},"properties":{"FID":321,"STATE":"Kansas","NHGISST":"200","PLACE":"Lenora city","NAME":"Lenora","NHGISPLACE":"G200394000","YEAR":1990,"GISJOIN":"G20039400"}},{"type":"Feature","id":322,"geometry":{"type":"Point","coordinates":[-96.782258684716169,37.690303018613591]},"properties":{"FID":322,"STATE":"Kansas","NHGISST":"200","PLACE":"Leon city","NAME":"Leon","NHGISPLACE":"G200394500","YEAR":1990,"GISJOIN":"G20039450"}},{"type":"Feature","id":323,"geometry":{"type":"Point","coordinates":[-95.321651300636617,39.787229453885104]},"properties":{"FID":323,"STATE":"Kansas","NHGISST":"200","PLACE":"Leona city","NAME":"Leona","NHGISPLACE":"G200394750","YEAR":1990,"GISJOIN":"G20039475"}},{"type":"Feature","id":324,"geometry":{"type":"Point","coordinates":[-96.85890896365882,39.364448492253075]},"properties":{"FID":324,"STATE":"Kansas","NHGISST":"200","PLACE":"Leonardville city","NAME":"Leonardville","NHGISPLACE":"G200395000","YEAR":1990,"GISJOIN":"G20039500"}},{"type":"Feature","id":325,"geometry":{"type":"Point","coordinates":[-101.35878040955053,38.479747474848139]},"properties":{"FID":325,"STATE":"Kansas","NHGISST":"200","PLACE":"Leoti city","NAME":"Leoti","NHGISPLACE":"G200395500","YEAR":1990,"GISJOIN":"G20039550"}},{"type":"Feature","id":326,"geometry":{"type":"Point","coordinates":[-95.634436820499971,38.083923150305175]},"properties":{"FID":326,"STATE":"Kansas","NHGISST":"200","PLACE":"LeRoy city","NAME":"LeRoy","NHGISPLACE":"G200396500","YEAR":1990,"GISJOIN":"G20039650"}},{"type":"Feature","id":327,"geometry":{"type":"Point","coordinates":[-99.252619636846518,37.936133316706808]},"properties":{"FID":327,"STATE":"Kansas","NHGISST":"200","PLACE":"Lewis city","NAME":"Lewis","NHGISPLACE":"G200397250","YEAR":1990,"GISJOIN":"G20039725"}},{"type":"Feature","id":328,"geometry":{"type":"Point","coordinates":[-100.92100786622834,37.043087475021231]},"properties":{"FID":328,"STATE":"Kansas","NHGISST":"200","PLACE":"Liberal city","NAME":"Liberal","NHGISPLACE":"G200398250","YEAR":1990,"GISJOIN":"G20039825"}},{"type":"Feature","id":329,"geometry":{"type":"Point","coordinates":[-95.594708029041357,37.155634392772782]},"properties":{"FID":329,"STATE":"Kansas","NHGISST":"200","PLACE":"Liberty city","NAME":"Liberty","NHGISPLACE":"G200402500","YEAR":1990,"GISJOIN":"G20040250"}},{"type":"Feature","id":330,"geometry":{"type":"Point","coordinates":[-99.319279322516294,38.655019428253709]},"properties":{"FID":330,"STATE":"Kansas","NHGISST":"200","PLACE":"Liebenthal city","NAME":"Liebenthal","NHGISPLACE":"G200404000","YEAR":1990,"GISJOIN":"G20040400"}},{"type":"Feature","id":331,"geometry":{"type":"Point","coordinates":[-96.960024305114146,38.493353843583392]},"properties":{"FID":331,"STATE":"Kansas","NHGISST":"200","PLACE":"Lincolnville city","NAME":"Lincolnville","NHGISPLACE":"G200413250","YEAR":1990,"GISJOIN":"G20041325"}},{"type":"Feature","id":332,"geometry":{"type":"Point","coordinates":[-97.674491997281393,38.573624314017621]},"properties":{"FID":332,"STATE":"Kansas","NHGISST":"200","PLACE":"Lindsborg city","NAME":"Lindsborg","NHGISPLACE":"G200413750","YEAR":1990,"GISJOIN":"G20041375"}},{"type":"Feature","id":333,"geometry":{"type":"Point","coordinates":[-97.084200054728242,39.680008829031649]},"properties":{"FID":333,"STATE":"Kansas","NHGISST":"200","PLACE":"Linn city","NAME":"Linn","NHGISPLACE":"G200414250","YEAR":1990,"GISJOIN":"G20041425"}},{"type":"Feature","id":334,"geometry":{"type":"Point","coordinates":[-95.03914314842288,39.001399040001118]},"properties":{"FID":334,"STATE":"Kansas","NHGISST":"200","PLACE":"Linwood city","NAME":"Linwood","NHGISPLACE":"G200414750","YEAR":1990,"GISJOIN":"G20041475"}},{"type":"Feature","id":335,"geometry":{"type":"Point","coordinates":[-98.01200486611782,38.398071866057322]},"properties":{"FID":335,"STATE":"Kansas","NHGISST":"200","PLACE":"Little River city","NAME":"Little River","NHGISPLACE":"G200415750","YEAR":1990,"GISJOIN":"G20041575"}},{"type":"Feature","id":336,"geometry":{"type":"Point","coordinates":[-99.57039418976224,39.661681369394522]},"properties":{"FID":336,"STATE":"Kansas","NHGISST":"200","PLACE":"Logan city","NAME":"Logan","NHGISPLACE":"G200421000","YEAR":1990,"GISJOIN":"G20042100"}},{"type":"Feature","id":337,"geometry":{"type":"Point","coordinates":[-95.243317916682074,38.08003617192]},"properties":{"FID":337,"STATE":"Kansas","NHGISST":"200","PLACE":"Lone Elm city","NAME":"Lone Elm","NHGISPLACE":"G200424250","YEAR":1990,"GISJOIN":"G20042425"}},{"type":"Feature","id":338,"geometry":{"type":"Point","coordinates":[-97.331421566703852,39.170002531521988]},"properties":{"FID":338,"STATE":"Kansas","NHGISST":"200","PLACE":"Longford city","NAME":"Longford","NHGISPLACE":"G200425750","YEAR":1990,"GISJOIN":"G20042575"}},{"type":"Feature","id":339,"geometry":{"type":"Point","coordinates":[-99.535947712319398,39.94946051621519]},"properties":{"FID":339,"STATE":"Kansas","NHGISST":"200","PLACE":"Long Island city","NAME":"Long Island","NHGISPLACE":"G200426000","YEAR":1990,"GISJOIN":"G20042600"}},{"type":"Feature","id":340,"geometry":{"type":"Point","coordinates":[-96.080829275283207,37.377831004404015]},"properties":{"FID":340,"STATE":"Kansas","NHGISST":"200","PLACE":"Longton city","NAME":"Longton","NHGISPLACE":"G200426500","YEAR":1990,"GISJOIN":"G20042650"}},{"type":"Feature","id":341,"geometry":{"type":"Point","coordinates":[-98.316737761280947,38.568905575285427]},"properties":{"FID":341,"STATE":"Kansas","NHGISST":"200","PLACE":"Lorraine city","NAME":"Lorraine","NHGISPLACE":"G200428000","YEAR":1990,"GISJOIN":"G20042800"}},{"type":"Feature","id":342,"geometry":{"type":"Point","coordinates":[-96.96641251360461,38.566129255238437]},"properties":{"FID":342,"STATE":"Kansas","NHGISST":"200","PLACE":"Lost Springs city","NAME":"Lost Springs","NHGISPLACE":"G200428250","YEAR":1990,"GISJOIN":"G20042825"}},{"type":"Feature","id":343,"geometry":{"type":"Point","coordinates":[-94.680797717063967,38.61946329626641]},"properties":{"FID":343,"STATE":"Kansas","NHGISST":"200","PLACE":"Louisburg city","NAME":"Louisburg","NHGISPLACE":"G200428750","YEAR":1990,"GISJOIN":"G20042875"}},{"type":"Feature","id":344,"geometry":{"type":"Point","coordinates":[-96.314728310031214,39.250280906628603]},"properties":{"FID":344,"STATE":"Kansas","NHGISST":"200","PLACE":"Louisville city","NAME":"Louisville","NHGISPLACE":"G200429250","YEAR":1990,"GISJOIN":"G20042925"}},{"type":"Feature","id":345,"geometry":{"type":"Point","coordinates":[-98.536464365185083,39.056128640058866]},"properties":{"FID":345,"STATE":"Kansas","NHGISST":"200","PLACE":"Lucas city","NAME":"Lucas","NHGISPLACE":"G200431500","YEAR":1990,"GISJOIN":"G20043150"}},{"type":"Feature","id":346,"geometry":{"type":"Point","coordinates":[-98.688971809860618,39.110573239475684]},"properties":{"FID":346,"STATE":"Kansas","NHGISST":"200","PLACE":"Luray city","NAME":"Luray","NHGISPLACE":"G200432500","YEAR":1990,"GISJOIN":"G20043250"}},{"type":"Feature","id":347,"geometry":{"type":"Point","coordinates":[-95.684436681922932,38.610016736699301]},"properties":{"FID":347,"STATE":"Kansas","NHGISST":"200","PLACE":"Lyndon city","NAME":"Lyndon","NHGISPLACE":"G200433500","YEAR":1990,"GISJOIN":"G20043350"}},{"type":"Feature","id":348,"geometry":{"type":"Point","coordinates":[-98.201735110243831,38.345017046135517]},"properties":{"FID":348,"STATE":"Kansas","NHGISST":"200","PLACE":"Lyons city","NAME":"Lyons","NHGISPLACE":"G200435250","YEAR":1990,"GISJOIN":"G20043525"}},{"type":"Feature","id":349,"geometry":{"type":"Point","coordinates":[-99.571233279192256,38.580576000808065]},"properties":{"FID":349,"STATE":"Kansas","NHGISST":"200","PLACE":"McCracken city","NAME":"McCracken","NHGISPLACE":"G200437000","YEAR":1990,"GISJOIN":"G20043700"}},{"type":"Feature","id":350,"geometry":{"type":"Point","coordinates":[-95.016640693656797,37.35478575815025]},"properties":{"FID":350,"STATE":"Kansas","NHGISST":"200","PLACE":"McCune city","NAME":"McCune","NHGISPLACE":"G200437250","YEAR":1990,"GISJOIN":"G20043725"}},{"type":"Feature","id":351,"geometry":{"type":"Point","coordinates":[-101.3757272522496,39.785836770526025]},"properties":{"FID":351,"STATE":"Kansas","NHGISST":"200","PLACE":"McDonald city","NAME":"McDonald","NHGISPLACE":"G200437500","YEAR":1990,"GISJOIN":"G20043750"}},{"type":"Feature","id":352,"geometry":{"type":"Point","coordinates":[-96.237780669933713,39.052783278060716]},"properties":{"FID":352,"STATE":"Kansas","NHGISST":"200","PLACE":"McFarland city","NAME":"McFarland","NHGISPLACE":"G200437750","YEAR":1990,"GISJOIN":"G20043775"}},{"type":"Feature","id":353,"geometry":{"type":"Point","coordinates":[-98.968718367641145,37.959188537288149]},"properties":{"FID":353,"STATE":"Kansas","NHGISST":"200","PLACE":"Macksville city","NAME":"Macksville","NHGISPLACE":"G200438500","YEAR":1990,"GISJOIN":"G20043850"}},{"type":"Feature","id":354,"geometry":{"type":"Point","coordinates":[-95.20831111164,39.195840262929714]},"properties":{"FID":354,"STATE":"Kansas","NHGISST":"200","PLACE":"McLouth city","NAME":"McLouth","NHGISPLACE":"G200439000","YEAR":1990,"GISJOIN":"G20043900"}},{"type":"Feature","id":355,"geometry":{"type":"Point","coordinates":[-97.664216875064838,38.370848181605247]},"properties":{"FID":355,"STATE":"Kansas","NHGISST":"200","PLACE":"McPherson city","NAME":"McPherson","NHGISPLACE":"G200439500","YEAR":1990,"GISJOIN":"G20043950"}},{"type":"Feature","id":356,"geometry":{"type":"Point","coordinates":[-96.135836756614637,38.135583931049112]},"properties":{"FID":356,"STATE":"Kansas","NHGISST":"200","PLACE":"Madison city","NAME":"Madison","NHGISPLACE":"G200440500","YEAR":1990,"GISJOIN":"G20044050"}},{"type":"Feature","id":357,"geometry":{"type":"Point","coordinates":[-97.354213557232441,39.987511561583332]},"properties":{"FID":357,"STATE":"Kansas","NHGISST":"200","PLACE":"Mahaska city","NAME":"Mahaska","NHGISPLACE":"G200441500","YEAR":1990,"GISJOIN":"G20044150"}},{"type":"Feature","id":358,"geometry":{"type":"Point","coordinates":[-97.467275469650644,37.779185294913717]},"properties":{"FID":358,"STATE":"Kansas","NHGISST":"200","PLACE":"Maize city","NAME":"Maize","NHGISPLACE":"G200442000","YEAR":1990,"GISJOIN":"G20044200"}},{"type":"Feature","id":359,"geometry":{"type":"Point","coordinates":[-97.324754358032791,39.094725820501019]},"properties":{"FID":359,"STATE":"Kansas","NHGISST":"200","PLACE":"Manchester city","NAME":"Manchester","NHGISPLACE":"G200442250","YEAR":1990,"GISJOIN":"G20044225"}},{"type":"Feature","id":360,"geometry":{"type":"Point","coordinates":[-96.571677370669448,39.18361507966209]},"properties":{"FID":360,"STATE":"Kansas","NHGISST":"200","PLACE":"Manhattan city","NAME":"Manhattan","NHGISPLACE":"G200442500","YEAR":1990,"GISJOIN":"G20044250"}},{"type":"Feature","id":361,"geometry":{"type":"Point","coordinates":[-98.210059557724605,39.787241175431994]},"properties":{"FID":361,"STATE":"Kansas","NHGISST":"200","PLACE":"Mankato city","NAME":"Mankato","NHGISPLACE":"G200443000","YEAR":1990,"GISJOIN":"G20044300"}},{"type":"Feature","id":362,"geometry":{"type":"Point","coordinates":[-101.88490514382222,37.523078994722304]},"properties":{"FID":362,"STATE":"Kansas","NHGISST":"200","PLACE":"Manter city","NAME":"Manter","NHGISPLACE":"G200443750","YEAR":1990,"GISJOIN":"G20044375"}},{"type":"Feature","id":363,"geometry":{"type":"Point","coordinates":[-96.028054718549072,39.084728395965662]},"properties":{"FID":363,"STATE":"Kansas","NHGISST":"200","PLACE":"Maple Hill city","NAME":"Maple Hill","NHGISPLACE":"G200445000","YEAR":1990,"GISJOIN":"G20044500"}},{"type":"Feature","id":364,"geometry":{"type":"Point","coordinates":[-94.883584916479464,38.015040781007905]},"properties":{"FID":364,"STATE":"Kansas","NHGISST":"200","PLACE":"Mapleton city","NAME":"Mapleton","NHGISPLACE":"G200445500","YEAR":1990,"GISJOIN":"G20044550"}},{"type":"Feature","id":365,"geometry":{"type":"Point","coordinates":[-97.017253005593744,38.348356016248815]},"properties":{"FID":365,"STATE":"Kansas","NHGISST":"200","PLACE":"Marion city","NAME":"Marion","NHGISPLACE":"G200447500","YEAR":1990,"GISJOIN":"G20044750"}},{"type":"Feature","id":366,"geometry":{"type":"Point","coordinates":[-97.833664135774953,38.555569902072712]},"properties":{"FID":366,"STATE":"Kansas","NHGISST":"200","PLACE":"Marquette city","NAME":"Marquette","NHGISPLACE":"G200449250","YEAR":1990,"GISJOIN":"G20044925"}},{"type":"Feature","id":367,"geometry":{"type":"Point","coordinates":[-96.647250056897462,39.841119882369952]},"properties":{"FID":367,"STATE":"Kansas","NHGISST":"200","PLACE":"Marysville city","NAME":"Marysville","NHGISPLACE":"G200450500","YEAR":1990,"GISJOIN":"G20045050"}},{"type":"Feature","id":368,"geometry":{"type":"Point","coordinates":[-96.560574270112696,38.159191010275762]},"properties":{"FID":368,"STATE":"Kansas","NHGISST":"200","PLACE":"Matfield Green city","NAME":"Matfield Green","NHGISPLACE":"G200451500","YEAR":1990,"GISJOIN":"G20045150"}},{"type":"Feature","id":369,"geometry":{"type":"Point","coordinates":[-95.722490562831766,39.338892056406877]},"properties":{"FID":369,"STATE":"Kansas","NHGISST":"200","PLACE":"Mayetta city","NAME":"Mayetta","NHGISPLACE":"G200452500","YEAR":1990,"GISJOIN":"G20045250"}},{"type":"Feature","id":370,"geometry":{"type":"Point","coordinates":[-97.544778942309947,37.258361402828463]},"properties":{"FID":370,"STATE":"Kansas","NHGISST":"200","PLACE":"Mayfield city","NAME":"Mayfield","NHGISPLACE":"G200452750","YEAR":1990,"GISJOIN":"G20045275"}},{"type":"Feature","id":371,"geometry":{"type":"Point","coordinates":[-100.34015434610912,37.285585947862188]},"properties":{"FID":371,"STATE":"Kansas","NHGISST":"200","PLACE":"Meade city","NAME":"Meade","NHGISPLACE":"G200453250","YEAR":1990,"GISJOIN":"G20045325"}},{"type":"Feature","id":372,"geometry":{"type":"Point","coordinates":[-98.580369308069038,37.281140348750831]},"properties":{"FID":372,"STATE":"Kansas","NHGISST":"200","PLACE":"Medicine Lodge city","NAME":"Medicine Lodge","NHGISPLACE":"G200455000","YEAR":1990,"GISJOIN":"G20045500"}},{"type":"Feature","id":373,"geometry":{"type":"Point","coordinates":[-95.637769560719263,38.506964321804894]},"properties":{"FID":373,"STATE":"Kansas","NHGISST":"200","PLACE":"Melvern city","NAME":"Melvern","NHGISPLACE":"G200457000","YEAR":1990,"GISJOIN":"G20045700"}},{"type":"Feature","id":374,"geometry":{"type":"Point","coordinates":[-100.72265614485015,39.356956249278028]},"properties":{"FID":374,"STATE":"Kansas","NHGISST":"200","PLACE":"Menlo city","NAME":"Menlo","NHGISPLACE":"G200457500","YEAR":1990,"GISJOIN":"G20045750"}},{"type":"Feature","id":375,"geometry":{"type":"Point","coordinates":[-95.569707807764772,39.188894340842985]},"properties":{"FID":375,"STATE":"Kansas","NHGISST":"200","PLACE":"Meriden city","NAME":"Meriden","NHGISPLACE":"G200459500","YEAR":1990,"GISJOIN":"G20045950"}},{"type":"Feature","id":376,"geometry":{"type":"Point","coordinates":[-94.693577557551933,39.023623464285336]},"properties":{"FID":376,"STATE":"Kansas","NHGISST":"200","PLACE":"Merriam city","NAME":"Merriam","NHGISPLACE":"G200460000","YEAR":1990,"GISJOIN":"G20046000"}},{"type":"Feature","id":377,"geometry":{"type":"Point","coordinates":[-97.673948475555804,37.259749796390231]},"properties":{"FID":377,"STATE":"Kansas","NHGISST":"200","PLACE":"Milan city","NAME":"Milan","NHGISPLACE":"G200464500","YEAR":1990,"GISJOIN":"G20046450"}},{"type":"Feature","id":378,"geometry":{"type":"Point","coordinates":[-95.171094192958805,38.023649866624496]},"properties":{"FID":378,"STATE":"Kansas","NHGISST":"200","PLACE":"Mildred city","NAME":"Mildred","NHGISPLACE":"G200465000","YEAR":1990,"GISJOIN":"G20046500"}},{"type":"Feature","id":379,"geometry":{"type":"Point","coordinates":[-96.912519257821117,39.168336756840873]},"properties":{"FID":379,"STATE":"Kansas","NHGISST":"200","PLACE":"Milford city","NAME":"Milford","NHGISPLACE":"G200465250","YEAR":1990,"GISJOIN":"G20046525"}},{"type":"Feature","id":380,"geometry":{"type":"Point","coordinates":[-97.446149014638948,39.348336753538568]},"properties":{"FID":380,"STATE":"Kansas","NHGISST":"200","PLACE":"Miltonvale city","NAME":"Miltonvale","NHGISPLACE":"G200469500","YEAR":1990,"GISJOIN":"G20046950"}},{"type":"Feature","id":381,"geometry":{"type":"Point","coordinates":[-97.706711059806622,39.121951601503767]},"properties":{"FID":381,"STATE":"Kansas","NHGISST":"200","PLACE":"Minneapolis city","NAME":"Minneapolis","NHGISPLACE":"G200470750","YEAR":1990,"GISJOIN":"G20047075"}},{"type":"Feature","id":382,"geometry":{"type":"Point","coordinates":[-100.015144180845,37.443362192695211]},"properties":{"FID":382,"STATE":"Kansas","NHGISST":"200","PLACE":"Minneola city","NAME":"Minneola","NHGISPLACE":"G200471500","YEAR":1990,"GISJOIN":"G20047150"}},{"type":"Feature","id":383,"geometry":{"type":"Point","coordinates":[-94.655798847623927,39.027790166448668]},"properties":{"FID":383,"STATE":"Kansas","NHGISST":"200","PLACE":"Mission city","NAME":"Mission","NHGISPLACE":"G200472250","YEAR":1990,"GISJOIN":"G20047225"}},{"type":"Feature","id":384,"geometry":{"type":"Point","coordinates":[-94.616908836890488,39.017790367681101]},"properties":{"FID":384,"STATE":"Kansas","NHGISST":"200","PLACE":"Mission Hills city","NAME":"Mission Hills","NHGISPLACE":"G200473500","YEAR":1990,"GISJOIN":"G20047350"}},{"type":"Feature","id":385,"geometry":{"type":"Point","coordinates":[-94.608575135680468,39.035012270766039]},"properties":{"FID":385,"STATE":"Kansas","NHGISST":"200","PLACE":"Mission Woods city","NAME":"Mission Woods","NHGISPLACE":"G200474250","YEAR":1990,"GISJOIN":"G20047425"}},{"type":"Feature","id":386,"geometry":{"type":"Point","coordinates":[-96.30389533204098,37.360321489134407]},"properties":{"FID":386,"STATE":"Kansas","NHGISST":"200","PLACE":"Moline city","NAME":"Moline","NHGISPLACE":"G200476000","YEAR":1990,"GISJOIN":"G20047600"}},{"type":"Feature","id":387,"geometry":{"type":"Point","coordinates":[-100.44321350028821,37.595862791638751]},"properties":{"FID":387,"STATE":"Kansas","NHGISST":"200","PLACE":"Montezuma city","NAME":"Montezuma","NHGISPLACE":"G200478750","YEAR":1990,"GISJOIN":"G20047875"}},{"type":"Feature","id":388,"geometry":{"type":"Point","coordinates":[-95.170262082818965,37.916154147750504]},"properties":{"FID":388,"STATE":"Kansas","NHGISST":"200","PLACE":"Moran city","NAME":"Moran","NHGISPLACE":"G200481250","YEAR":1990,"GISJOIN":"G20048125"}},{"type":"Feature","id":389,"geometry":{"type":"Point","coordinates":[-97.201978463748418,39.466392587701378]},"properties":{"FID":389,"STATE":"Kansas","NHGISST":"200","PLACE":"Morganville city","NAME":"Morganville","NHGISPLACE":"G200482250","YEAR":1990,"GISJOIN":"G20048225"}},{"type":"Feature","id":390,"geometry":{"type":"Point","coordinates":[-100.07569398366412,39.34945558917655]},"properties":{"FID":390,"STATE":"Kansas","NHGISST":"200","PLACE":"Morland city","NAME":"Morland","NHGISPLACE":"G200482750","YEAR":1990,"GISJOIN":"G20048275"}},{"type":"Feature","id":391,"geometry":{"type":"Point","coordinates":[-95.691938113382093,39.928341655120946]},"properties":{"FID":391,"STATE":"Kansas","NHGISST":"200","PLACE":"Morrill city","NAME":"Morrill","NHGISPLACE":"G200483000","YEAR":1990,"GISJOIN":"G20048300"}},{"type":"Feature","id":392,"geometry":{"type":"Point","coordinates":[-97.171706595137536,39.844454749651874]},"properties":{"FID":392,"STATE":"Kansas","NHGISST":"200","PLACE":"Morrowville city","NAME":"Morrowville","NHGISPLACE":"G200484500","YEAR":1990,"GISJOIN":"G20048450"}},{"type":"Feature","id":393,"geometry":{"type":"Point","coordinates":[-101.20572536055295,37.323641203694528]},"properties":{"FID":393,"STATE":"Kansas","NHGISST":"200","PLACE":"Moscow city","NAME":"Moscow","NHGISPLACE":"G200486000","YEAR":1990,"GISJOIN":"G20048600"}},{"type":"Feature","id":394,"geometry":{"type":"Point","coordinates":[-94.813580609138668,38.142813607031606]},"properties":{"FID":394,"STATE":"Kansas","NHGISST":"200","PLACE":"Mound City city","NAME":"Mound City","NHGISPLACE":"G200487500","YEAR":1990,"GISJOIN":"G20048750"}},{"type":"Feature","id":395,"geometry":{"type":"Point","coordinates":[-97.519214621962789,38.203071662619656]},"properties":{"FID":395,"STATE":"Kansas","NHGISST":"200","PLACE":"Moundridge city","NAME":"Moundridge","NHGISPLACE":"G200488000","YEAR":1990,"GISJOIN":"G20048800"}},{"type":"Feature","id":396,"geometry":{"type":"Point","coordinates":[-95.40498208426375,37.205352311221908]},"properties":{"FID":396,"STATE":"Kansas","NHGISST":"200","PLACE":"Mound Valley city","NAME":"Mound Valley","NHGISPLACE":"G200488250","YEAR":1990,"GISJOIN":"G20048825"}},{"type":"Feature","id":397,"geometry":{"type":"Point","coordinates":[-97.665055128383699,37.868628999075405]},"properties":{"FID":397,"STATE":"Kansas","NHGISST":"200","PLACE":"Mount Hope city","NAME":"Mount Hope","NHGISPLACE":"G200489000","YEAR":1990,"GISJOIN":"G20048900"}},{"type":"Feature","id":398,"geometry":{"type":"Point","coordinates":[-94.621910706915742,37.556997815209016]},"properties":{"FID":398,"STATE":"Kansas","NHGISST":"200","PLACE":"Mulberry city","NAME":"Mulberry","NHGISPLACE":"G200490250","YEAR":1990,"GISJOIN":"G20049025"}},{"type":"Feature","id":399,"geometry":{"type":"Point","coordinates":[-99.475682559892149,37.586137146808269]},"properties":{"FID":399,"STATE":"Kansas","NHGISST":"200","PLACE":"Mullinville city","NAME":"Mullinville","NHGISPLACE":"G200490750","YEAR":1990,"GISJOIN":"G20049075"}},{"type":"Feature","id":400,"geometry":{"type":"Point","coordinates":[-97.243940484726551,37.474470556776666]},"properties":{"FID":400,"STATE":"Kansas","NHGISST":"200","PLACE":"Mulvane city","NAME":"Mulvane","NHGISPLACE":"G200491000","YEAR":1990,"GISJOIN":"G20049100"}},{"type":"Feature","id":401,"geometry":{"type":"Point","coordinates":[-97.538105097205772,39.913900938327636]},"properties":{"FID":401,"STATE":"Kansas","NHGISST":"200","PLACE":"Munden city","NAME":"Munden","NHGISPLACE":"G200491500","YEAR":1990,"GISJOIN":"G20049150"}},{"type":"Feature","id":402,"geometry":{"type":"Point","coordinates":[-95.521652830515976,39.552784203669617]},"properties":{"FID":402,"STATE":"Kansas","NHGISST":"200","PLACE":"Muscotah city","NAME":"Muscotah","NHGISPLACE":"G200493250","YEAR":1990,"GISJOIN":"G20049325"}},{"type":"Feature","id":403,"geometry":{"type":"Point","coordinates":[-97.425881472672728,39.960567252392217]},"properties":{"FID":403,"STATE":"Kansas","NHGISST":"200","PLACE":"Narka city","NAME":"Narka","NHGISPLACE":"G200493500","YEAR":1990,"GISJOIN":"G20049350"}},{"type":"Feature","id":404,"geometry":{"type":"Point","coordinates":[-98.422585581977202,37.44169278421213]},"properties":{"FID":404,"STATE":"Kansas","NHGISST":"200","PLACE":"Nashville city","NAME":"Nashville","NHGISPLACE":"G200494000","YEAR":1990,"GISJOIN":"G20049400"}},{"type":"Feature","id":405,"geometry":{"type":"Point","coordinates":[-99.028709204009516,39.190850830399278]},"properties":{"FID":405,"STATE":"Kansas","NHGISST":"200","PLACE":"Natoma city","NAME":"Natoma","NHGISPLACE":"G200494250","YEAR":1990,"GISJOIN":"G20049425"}},{"type":"Feature","id":406,"geometry":{"type":"Point","coordinates":[-95.680265673868647,37.418399533521416]},"properties":{"FID":406,"STATE":"Kansas","NHGISST":"200","PLACE":"Neodesha city","NAME":"Neodesha","NHGISPLACE":"G200496500","YEAR":1990,"GISJOIN":"G20049650"}},{"type":"Feature","id":407,"geometry":{"type":"Point","coordinates":[-95.557213593088647,38.005593641263822]},"properties":{"FID":407,"STATE":"Kansas","NHGISST":"200","PLACE":"Neosho Falls city","NAME":"Neosho Falls","NHGISPLACE":"G200498250","YEAR":1990,"GISJOIN":"G20049825"}},{"type":"Feature","id":408,"geometry":{"type":"Point","coordinates":[-95.991942940890794,38.36946687841607]},"properties":{"FID":408,"STATE":"Kansas","NHGISST":"200","PLACE":"Neosho Rapids city","NAME":"Neosho Rapids","NHGISPLACE":"G200498750","YEAR":1990,"GISJOIN":"G20049875"}},{"type":"Feature","id":409,"geometry":{"type":"Point","coordinates":[-99.906522349229505,38.452800059950043]},"properties":{"FID":409,"STATE":"Kansas","NHGISST":"200","PLACE":"Ness City city","NAME":"Ness City","NHGISPLACE":"G200499250","YEAR":1990,"GISJOIN":"G20049925"}},{"type":"Feature","id":410,"geometry":{"type":"Point","coordinates":[-95.718325087901235,39.602781399925007]},"properties":{"FID":410,"STATE":"Kansas","NHGISST":"200","PLACE":"Netawaka city","NAME":"Netawaka","NHGISPLACE":"G200499500","YEAR":1990,"GISJOIN":"G20049950"}},{"type":"Feature","id":411,"geometry":{"type":"Point","coordinates":[-95.937768954660129,37.568383145416917]},"properties":{"FID":411,"STATE":"Kansas","NHGISST":"200","PLACE":"New Albany city","NAME":"New Albany","NHGISPLACE":"G200501500","YEAR":1990,"GISJOIN":"G20050150"}},{"type":"Feature","id":412,"geometry":{"type":"Point","coordinates":[-97.505872683454299,38.87917457399876]},"properties":{"FID":412,"STATE":"Kansas","NHGISST":"200","PLACE":"New Cambria city","NAME":"New Cambria","NHGISPLACE":"G200503000","YEAR":1990,"GISJOIN":"G20050300"}},{"type":"Feature","id":413,"geometry":{"type":"Point","coordinates":[-95.741938764973142,38.262526474734699]},"properties":{"FID":413,"STATE":"Kansas","NHGISST":"200","PLACE":"New Strawn city","NAME":"New Strawn","NHGISPLACE":"G200504500","YEAR":1990,"GISJOIN":"G20050450"}},{"type":"Feature","id":414,"geometry":{"type":"Point","coordinates":[-97.34504456288667,38.04668454640484]},"properties":{"FID":414,"STATE":"Kansas","NHGISST":"200","PLACE":"Newton city","NAME":"Newton","NHGISPLACE":"G200504750","YEAR":1990,"GISJOIN":"G20050475"}},{"type":"Feature","id":415,"geometry":{"type":"Point","coordinates":[-98.083676160637566,38.147240020543627]},"properties":{"FID":415,"STATE":"Kansas","NHGISST":"200","PLACE":"Nickerson city","NAME":"Nickerson","NHGISPLACE":"G200505250","YEAR":1990,"GISJOIN":"G20050525"}},{"type":"Feature","id":416,"geometry":{"type":"Point","coordinates":[-96.013602332170763,37.073683655901903]},"properties":{"FID":416,"STATE":"Kansas","NHGISST":"200","PLACE":"Niotaze city","NAME":"Niotaze","NHGISPLACE":"G200507500","YEAR":1990,"GISJOIN":"G20050750"}},{"type":"Feature","id":417,"geometry":{"type":"Point","coordinates":[-100.18792286469183,39.836956156142527]},"properties":{"FID":417,"STATE":"Kansas","NHGISST":"200","PLACE":"Norcatur city","NAME":"Norcatur","NHGISPLACE":"G200509250","YEAR":1990,"GISJOIN":"G20050925"}},{"type":"Feature","id":418,"geometry":{"type":"Point","coordinates":[-97.345599864608303,38.072239951237634]},"properties":{"FID":418,"STATE":"Kansas","NHGISST":"200","PLACE":"North Newton city","NAME":"North Newton","NHGISPLACE":"G200512250","YEAR":1990,"GISJOIN":"G20051225"}},{"type":"Feature","id":419,"geometry":{"type":"Point","coordinates":[-99.891520189315074,39.833901375244729]},"properties":{"FID":419,"STATE":"Kansas","NHGISST":"200","PLACE":"Norton city","NAME":"Norton","NHGISPLACE":"G200515000","YEAR":1990,"GISJOIN":"G20051500"}},{"type":"Feature","id":420,"geometry":{"type":"Point","coordinates":[-95.333591566766017,39.416671891858847]},"properties":{"FID":420,"STATE":"Kansas","NHGISST":"200","PLACE":"Nortonville city","NAME":"Nortonville","NHGISPLACE":"G200515250","YEAR":1990,"GISJOIN":"G20051525"}},{"type":"Feature","id":421,"geometry":{"type":"Point","coordinates":[-97.848951437664368,37.457247019847266]},"properties":{"FID":421,"STATE":"Kansas","NHGISST":"200","PLACE":"Norwich city","NAME":"Norwich","NHGISPLACE":"G200516000","YEAR":1990,"GISJOIN":"G20051600"}},{"type":"Feature","id":422,"geometry":{"type":"Point","coordinates":[-97.341422077977569,39.248334744359447]},"properties":{"FID":422,"STATE":"Kansas","NHGISST":"200","PLACE":"Oak Hill city","NAME":"Oak Hill","NHGISPLACE":"G200517000","YEAR":1990,"GISJOIN":"G20051700"}},{"type":"Feature","id":423,"geometry":{"type":"Point","coordinates":[-97.298471554050906,37.60841790526397]},"properties":{"FID":423,"STATE":"Kansas","NHGISST":"200","PLACE":"Oaklawn-Sunview CDP","NAME":"Oaklawn-Sunview","NHGISPLACE":"G200518100","YEAR":1990,"GISJOIN":"G20051810"}},{"type":"Feature","id":424,"geometry":{"type":"Point","coordinates":[-100.52821004650029,39.818345131839891]},"properties":{"FID":424,"STATE":"Kansas","NHGISST":"200","PLACE":"Oberlin city","NAME":"Oberlin","NHGISPLACE":"G200520000","YEAR":1990,"GISJOIN":"G20052000"}},{"type":"Feature","id":425,"geometry":{"type":"Point","coordinates":[-99.557907108166589,37.890857691811334]},"properties":{"FID":425,"STATE":"Kansas","NHGISST":"200","PLACE":"Offerle city","NAME":"Offerle","NHGISPLACE":"G200522000","YEAR":1990,"GISJOIN":"G20052200"}},{"type":"Feature","id":426,"geometry":{"type":"Point","coordinates":[-96.706124998998703,39.11111545999006]},"properties":{"FID":426,"STATE":"Kansas","NHGISST":"200","PLACE":"Ogden city","NAME":"Ogden","NHGISPLACE":"G200522750","YEAR":1990,"GISJOIN":"G20052275"}},{"type":"Feature","id":427,"geometry":{"type":"Point","coordinates":[-96.599750957728347,39.963620404472586]},"properties":{"FID":427,"STATE":"Kansas","NHGISST":"200","PLACE":"Oketo city","NAME":"Oketo","NHGISPLACE":"G200525250","YEAR":1990,"GISJOIN":"G20052525"}},{"type":"Feature","id":428,"geometry":{"type":"Point","coordinates":[-94.819135978554485,38.881402732606787]},"properties":{"FID":428,"STATE":"Kansas","NHGISST":"200","PLACE":"Olathe city","NAME":"Olathe","NHGISPLACE":"G200525750","YEAR":1990,"GISJOIN":"G20052575"}},{"type":"Feature","id":429,"geometry":{"type":"Point","coordinates":[-95.751661188284103,38.480576210953892]},"properties":{"FID":429,"STATE":"Kansas","NHGISST":"200","PLACE":"Olivet city","NAME":"Olivet","NHGISPLACE":"G200527000","YEAR":1990,"GISJOIN":"G20052700"}},{"type":"Feature","id":430,"geometry":{"type":"Point","coordinates":[-98.936488212309726,38.516685629170574]},"properties":{"FID":430,"STATE":"Kansas","NHGISST":"200","PLACE":"Olmitz city","NAME":"Olmitz","NHGISPLACE":"G200527500","YEAR":1990,"GISJOIN":"G20052750"}},{"type":"Feature","id":431,"geometry":{"type":"Point","coordinates":[-96.166947776738937,38.262524150664738]},"properties":{"FID":431,"STATE":"Kansas","NHGISST":"200","PLACE":"Olpe city","NAME":"Olpe","NHGISPLACE":"G200528000","YEAR":1990,"GISJOIN":"G20052800"}},{"type":"Feature","id":432,"geometry":{"type":"Point","coordinates":[-96.615571507273359,39.43055961737214]},"properties":{"FID":432,"STATE":"Kansas","NHGISST":"200","PLACE":"Olsburg city","NAME":"Olsburg","NHGISPLACE":"G200528250","YEAR":1990,"GISJOIN":"G20052825"}},{"type":"Feature","id":433,"geometry":{"type":"Point","coordinates":[-96.170006495923644,39.488891553738334]},"properties":{"FID":433,"STATE":"Kansas","NHGISST":"200","PLACE":"Onaga city","NAME":"Onaga","NHGISPLACE":"G200528750","YEAR":1990,"GISJOIN":"G20052875"}},{"type":"Feature","id":434,"geometry":{"type":"Point","coordinates":[-95.939169972629728,39.863894629605888]},"properties":{"FID":434,"STATE":"Kansas","NHGISST":"200","PLACE":"Oneida city","NAME":"Oneida","NHGISPLACE":"G200529000","YEAR":1990,"GISJOIN":"G20052900"}},{"type":"Feature","id":435,"geometry":{"type":"Point","coordinates":[-95.825828421167344,38.633904933060101]},"properties":{"FID":435,"STATE":"Kansas","NHGISST":"200","PLACE":"Osage City city","NAME":"Osage City","NHGISPLACE":"G200532000","YEAR":1990,"GISJOIN":"G20053200"}},{"type":"Feature","id":436,"geometry":{"type":"Point","coordinates":[-94.950528176886323,38.497244060126285]},"properties":{"FID":436,"STATE":"Kansas","NHGISST":"200","PLACE":"Osawatomie city","NAME":"Osawatomie","NHGISPLACE":"G200532250","YEAR":1990,"GISJOIN":"G20053225"}},{"type":"Feature","id":437,"geometry":{"type":"Point","coordinates":[-98.69480344449633,39.438906190904383]},"properties":{"FID":437,"STATE":"Kansas","NHGISST":"200","PLACE":"Osborne city","NAME":"Osborne","NHGISPLACE":"G200533250","YEAR":1990,"GISJOIN":"G20053325"}},{"type":"Feature","id":438,"geometry":{"type":"Point","coordinates":[-95.312757441476464,39.215283960194526]},"properties":{"FID":438,"STATE":"Kansas","NHGISST":"200","PLACE":"Oskaloosa city","NAME":"Oskaloosa","NHGISPLACE":"G200533750","YEAR":1990,"GISJOIN":"G20053375"}},{"type":"Feature","id":439,"geometry":{"type":"Point","coordinates":[-95.109971903442556,37.167571820542186]},"properties":{"FID":439,"STATE":"Kansas","NHGISST":"200","PLACE":"Oswego city","NAME":"Oswego","NHGISPLACE":"G200534500","YEAR":1990,"GISJOIN":"G20053450"}},{"type":"Feature","id":440,"geometry":{"type":"Point","coordinates":[-99.053159344564207,38.534741525096706]},"properties":{"FID":440,"STATE":"Kansas","NHGISST":"200","PLACE":"Otis city","NAME":"Otis","NHGISPLACE":"G200535250","YEAR":1990,"GISJOIN":"G20053525"}},{"type":"Feature","id":441,"geometry":{"type":"Point","coordinates":[-95.267759073065704,38.615573662176473]},"properties":{"FID":441,"STATE":"Kansas","NHGISST":"200","PLACE":"Ottawa city","NAME":"Ottawa","NHGISPLACE":"G200535500","YEAR":1990,"GISJOIN":"G20053550"}},{"type":"Feature","id":442,"geometry":{"type":"Point","coordinates":[-95.557210264539634,38.780567572780726]},"properties":{"FID":442,"STATE":"Kansas","NHGISST":"200","PLACE":"Overbrook city","NAME":"Overbrook","NHGISPLACE":"G200537250","YEAR":1990,"GISJOIN":"G20053725"}},{"type":"Feature","id":443,"geometry":{"type":"Point","coordinates":[-94.670799147759737,38.982235158563654]},"properties":{"FID":443,"STATE":"Kansas","NHGISST":"200","PLACE":"Overland Park city","NAME":"Overland Park","NHGISPLACE":"G200537750","YEAR":1990,"GISJOIN":"G20053775"}},{"type":"Feature","id":444,"geometry":{"type":"Point","coordinates":[-97.168937547948786,37.27419732673772]},"properties":{"FID":444,"STATE":"Kansas","NHGISST":"200","PLACE":"Oxford city","NAME":"Oxford","NHGISPLACE":"G200538500","YEAR":1990,"GISJOIN":"G20053850"}},{"type":"Feature","id":445,"geometry":{"type":"Point","coordinates":[-95.466927084159238,39.233338654017075]},"properties":{"FID":445,"STATE":"Kansas","NHGISST":"200","PLACE":"Ozawkie city","NAME":"Ozawkie","NHGISPLACE":"G200539250","YEAR":1990,"GISJOIN":"G20053925"}},{"type":"Feature","id":446,"geometry":{"type":"Point","coordinates":[-99.562896444767702,39.25223710671677]},"properties":{"FID":446,"STATE":"Kansas","NHGISST":"200","PLACE":"Palco city","NAME":"Palco","NHGISPLACE":"G200541250","YEAR":1990,"GISJOIN":"G20054125"}},{"type":"Feature","id":447,"geometry":{"type":"Point","coordinates":[-97.140312364185306,39.631951918102246]},"properties":{"FID":447,"STATE":"Kansas","NHGISST":"200","PLACE":"Palmer city","NAME":"Palmer","NHGISPLACE":"G200542000","YEAR":1990,"GISJOIN":"G20054200"}},{"type":"Feature","id":448,"geometry":{"type":"Point","coordinates":[-94.879136864743828,38.572242276448357]},"properties":{"FID":448,"STATE":"Kansas","NHGISST":"200","PLACE":"Paola city","NAME":"Paola","NHGISPLACE":"G200542500","YEAR":1990,"GISJOIN":"G20054250"}},{"type":"Feature","id":449,"geometry":{"type":"Point","coordinates":[-98.918427168174503,39.113628925111037]},"properties":{"FID":449,"STATE":"Kansas","NHGISST":"200","PLACE":"Paradise city","NAME":"Paradise","NHGISPLACE":"G200543250","YEAR":1990,"GISJOIN":"G20054325"}},{"type":"Feature","id":450,"geometry":{"type":"Point","coordinates":[-100.35875632962293,39.112513635129432]},"properties":{"FID":450,"STATE":"Kansas","NHGISST":"200","PLACE":"Park city","NAME":"Park","NHGISPLACE":"G200544000","YEAR":1990,"GISJOIN":"G20054400"}},{"type":"Feature","id":451,"geometry":{"type":"Point","coordinates":[-97.318384232692594,37.800018907241046]},"properties":{"FID":451,"STATE":"Kansas","NHGISST":"200","PLACE":"Park City city","NAME":"Park City","NHGISPLACE":"G200544500","YEAR":1990,"GISJOIN":"G20054450"}},{"type":"Feature","id":452,"geometry":{"type":"Point","coordinates":[-94.991919772750322,38.328361628939533]},"properties":{"FID":452,"STATE":"Kansas","NHGISST":"200","PLACE":"Parker city","NAME":"Parker","NHGISPLACE":"G200545000","YEAR":1990,"GISJOIN":"G20054500"}},{"type":"Feature","id":453,"geometry":{"type":"Point","coordinates":[-96.661403152973477,38.763900805408042]},"properties":{"FID":453,"STATE":"Kansas","NHGISST":"200","PLACE":"Parkerville city","NAME":"Parkerville","NHGISPLACE":"G200545750","YEAR":1990,"GISJOIN":"G20054575"}},{"type":"Feature","id":454,"geometry":{"type":"Point","coordinates":[-95.261091257698979,37.340345043117573]},"properties":{"FID":454,"STATE":"Kansas","NHGISST":"200","PLACE":"Parsons city","NAME":"Parsons","NHGISPLACE":"G200546750","YEAR":1990,"GISJOIN":"G20054675"}},{"type":"Feature","id":455,"geometry":{"type":"Point","coordinates":[-98.092566645907965,37.967241490285218]},"properties":{"FID":455,"STATE":"Kansas","NHGISST":"200","PLACE":"Partridge city","NAME":"Partridge","NHGISPLACE":"G200547000","YEAR":1990,"GISJOIN":"G20054700"}},{"type":"Feature","id":456,"geometry":{"type":"Point","coordinates":[-98.980937699768106,38.26529768641835]},"properties":{"FID":456,"STATE":"Kansas","NHGISST":"200","PLACE":"Pawnee Rock city","NAME":"Pawnee Rock","NHGISPLACE":"G200548750","YEAR":1990,"GISJOIN":"G20054875"}},{"type":"Feature","id":457,"geometry":{"type":"Point","coordinates":[-96.166390553400888,39.069450085000625]},"properties":{"FID":457,"STATE":"Kansas","NHGISST":"200","PLACE":"Paxico city","NAME":"Paxico","NHGISPLACE":"G200549500","YEAR":1990,"GISJOIN":"G20054950"}},{"type":"Feature","id":458,"geometry":{"type":"Point","coordinates":[-97.106704512250445,38.169466280690315]},"properties":{"FID":458,"STATE":"Kansas","NHGISST":"200","PLACE":"Peabody city","NAME":"Peabody","NHGISPLACE":"G200551000","YEAR":1990,"GISJOIN":"G20055100"}},{"type":"Feature","id":459,"geometry":{"type":"Point","coordinates":[-98.319801681642986,37.716690035878877]},"properties":{"FID":459,"STATE":"Kansas","NHGISST":"200","PLACE":"Penalosa city","NAME":"Penalosa","NHGISPLACE":"G200552250","YEAR":1990,"GISJOIN":"G20055225"}},{"type":"Feature","id":460,"geometry":{"type":"Point","coordinates":[-95.393315349652411,39.075840432192791]},"properties":{"FID":460,"STATE":"Kansas","NHGISST":"200","PLACE":"Perry city","NAME":"Perry","NHGISPLACE":"G200554500","YEAR":1990,"GISJOIN":"G20055450"}},{"type":"Feature","id":461,"geometry":{"type":"Point","coordinates":[-96.094717154511713,37.0886778536657]},"properties":{"FID":461,"STATE":"Kansas","NHGISST":"200","PLACE":"Peru city","NAME":"Peru","NHGISPLACE":"G200555250","YEAR":1990,"GISJOIN":"G20055525"}},{"type":"Feature","id":462,"geometry":{"type":"Point","coordinates":[-99.323994038697251,39.756127500181975]},"properties":{"FID":462,"STATE":"Kansas","NHGISST":"200","PLACE":"Phillipsburg city","NAME":"Phillipsburg","NHGISPLACE":"G200556750","YEAR":1990,"GISJOIN":"G20055675"}},{"type":"Feature","id":463,"geometry":{"type":"Point","coordinates":[-94.70496731658595,37.410890784640642]},"properties":{"FID":463,"STATE":"Kansas","NHGISST":"200","PLACE":"Pittsburg city","NAME":"Pittsburg","NHGISPLACE":"G200560250","YEAR":1990,"GISJOIN":"G20056025"}},{"type":"Feature","id":464,"geometry":{"type":"Point","coordinates":[-100.59266120578074,37.260305729206195]},"properties":{"FID":464,"STATE":"Kansas","NHGISST":"200","PLACE":"Plains city","NAME":"Plains","NHGISPLACE":"G200561000","YEAR":1990,"GISJOIN":"G20056100"}},{"type":"Feature","id":465,"geometry":{"type":"Point","coordinates":[-99.298164276246069,39.234739021076066]},"properties":{"FID":465,"STATE":"Kansas","NHGISST":"200","PLACE":"Plainville city","NAME":"Plainville","NHGISPLACE":"G200561500","YEAR":1990,"GISJOIN":"G20056150"}},{"type":"Feature","id":466,"geometry":{"type":"Point","coordinates":[-94.711354484691682,38.177812218030972]},"properties":{"FID":466,"STATE":"Kansas","NHGISST":"200","PLACE":"Pleasanton city","NAME":"Pleasanton","NHGISPLACE":"G200564500","YEAR":1990,"GISJOIN":"G20056450"}},{"type":"Feature","id":467,"geometry":{"type":"Point","coordinates":[-98.308687401759087,37.972242778589226]},"properties":{"FID":467,"STATE":"Kansas","NHGISST":"200","PLACE":"Plevna city","NAME":"Plevna","NHGISPLACE":"G200567250","YEAR":1990,"GISJOIN":"G20056725"}},{"type":"Feature","id":468,"geometry":{"type":"Point","coordinates":[-95.451653221054386,38.608350449917722]},"properties":{"FID":468,"STATE":"Kansas","NHGISST":"200","PLACE":"Pomona city","NAME":"Pomona","NHGISPLACE":"G200570000","YEAR":1990,"GISJOIN":"G20057000"}},{"type":"Feature","id":469,"geometry":{"type":"Point","coordinates":[-98.693413957490066,39.56362871043769]},"properties":{"FID":469,"STATE":"Kansas","NHGISST":"200","PLACE":"Portis city","NAME":"Portis","NHGISPLACE":"G200571000","YEAR":1990,"GISJOIN":"G20057100"}},{"type":"Feature","id":470,"geometry":{"type":"Point","coordinates":[-97.019763668482312,37.938912947593586]},"properties":{"FID":470,"STATE":"Kansas","NHGISST":"200","PLACE":"Potwin city","NAME":"Potwin","NHGISPLACE":"G200573000","YEAR":1990,"GISJOIN":"G20057300"}},{"type":"Feature","id":471,"geometry":{"type":"Point","coordinates":[-95.629991180375654,39.761675231502473]},"properties":{"FID":471,"STATE":"Kansas","NHGISST":"200","PLACE":"Powhattan city","NAME":"Powhattan","NHGISPLACE":"G200573500","YEAR":1990,"GISJOIN":"G20057350"}},{"type":"Feature","id":472,"geometry":{"type":"Point","coordinates":[-99.572616109688013,39.832515095445977]},"properties":{"FID":472,"STATE":"Kansas","NHGISST":"200","PLACE":"Prairie View city","NAME":"Prairie View","NHGISPLACE":"G200575250","YEAR":1990,"GISJOIN":"G20057525"}},{"type":"Feature","id":473,"geometry":{"type":"Point","coordinates":[-94.633575839272297,38.99167956179943]},"properties":{"FID":473,"STATE":"Kansas","NHGISST":"200","PLACE":"Prairie Village city","NAME":"Prairie Village","NHGISPLACE":"G200575750","YEAR":1990,"GISJOIN":"G20057575"}},{"type":"Feature","id":474,"geometry":{"type":"Point","coordinates":[-98.737599479896687,37.643913599173537]},"properties":{"FID":474,"STATE":"Kansas","NHGISST":"200","PLACE":"Pratt city","NAME":"Pratt","NHGISPLACE":"G200576250","YEAR":1990,"GISJOIN":"G20057625"}},{"type":"Feature","id":475,"geometry":{"type":"Point","coordinates":[-94.695521870884306,38.063650699949697]},"properties":{"FID":475,"STATE":"Kansas","NHGISST":"200","PLACE":"Prescott city","NAME":"Prescott","NHGISPLACE":"G200576500","YEAR":1990,"GISJOIN":"G20057650"}},{"type":"Feature","id":476,"geometry":{"type":"Point","coordinates":[-98.553146344577812,37.758912629156356]},"properties":{"FID":476,"STATE":"Kansas","NHGISST":"200","PLACE":"Preston city","NAME":"Preston","NHGISPLACE":"G200576750","YEAR":1990,"GISJOIN":"G20057675"}},{"type":"Feature","id":477,"geometry":{"type":"Point","coordinates":[-98.019787410464502,37.780020163208427]},"properties":{"FID":477,"STATE":"Kansas","NHGISST":"200","PLACE":"Pretty Prairie city","NAME":"Pretty Prairie","NHGISPLACE":"G200577000","YEAR":1990,"GISJOIN":"G20057700"}},{"type":"Feature","id":478,"geometry":{"type":"Point","coordinates":[-95.275259562476833,38.488910639515751]},"properties":{"FID":478,"STATE":"Kansas","NHGISST":"200","PLACE":"Princeton city","NAME":"Princeton","NHGISPLACE":"G200577250","YEAR":1990,"GISJOIN":"G20057725"}},{"type":"Feature","id":479,"geometry":{"type":"Point","coordinates":[-99.484016027038422,37.20142088391826]},"properties":{"FID":479,"STATE":"Kansas","NHGISST":"200","PLACE":"Protection city","NAME":"Protection","NHGISPLACE":"G200578500","YEAR":1990,"GISJOIN":"G20057850"}},{"type":"Feature","id":480,"geometry":{"type":"Point","coordinates":[-95.526933237871063,38.579739940716451]},"properties":{"FID":480,"STATE":"Kansas","NHGISST":"200","PLACE":"Quenemo city","NAME":"Quenemo","NHGISPLACE":"G200581000","YEAR":1990,"GISJOIN":"G20058100"}},{"type":"Feature","id":481,"geometry":{"type":"Point","coordinates":[-100.2323639930171,39.069458036377135]},"properties":{"FID":481,"STATE":"Kansas","NHGISST":"200","PLACE":"Quinter city","NAME":"Quinter","NHGISPLACE":"G200582500","YEAR":1990,"GISJOIN":"G20058250"}},{"type":"Feature","id":482,"geometry":{"type":"Point","coordinates":[-98.893434868997801,38.174186977019019]},"properties":{"FID":482,"STATE":"Kansas","NHGISST":"200","PLACE":"Radium city","NAME":"Radium","NHGISPLACE":"G200583000","YEAR":1990,"GISJOIN":"G20058300"}},{"type":"Feature","id":483,"geometry":{"type":"Point","coordinates":[-97.061970740869015,38.597238354759]},"properties":{"FID":483,"STATE":"Kansas","NHGISST":"200","PLACE":"Ramona city","NAME":"Ramona","NHGISPLACE":"G200583750","YEAR":1990,"GISJOIN":"G20058375"}},{"type":"Feature","id":484,"geometry":{"type":"Point","coordinates":[-98.044777099261466,39.642514863269817]},"properties":{"FID":484,"STATE":"Kansas","NHGISST":"200","PLACE":"Randall city","NAME":"Randall","NHGISPLACE":"G200584500","YEAR":1990,"GISJOIN":"G20058450"}},{"type":"Feature","id":485,"geometry":{"type":"Point","coordinates":[-96.760019344829217,39.430560308463257]},"properties":{"FID":485,"STATE":"Kansas","NHGISST":"200","PLACE":"Randolph city","NAME":"Randolph","NHGISPLACE":"G200584750","YEAR":1990,"GISJOIN":"G20058475"}},{"type":"Feature","id":486,"geometry":{"type":"Point","coordinates":[-99.933742974922154,38.636131987190147]},"properties":{"FID":486,"STATE":"Kansas","NHGISST":"200","PLACE":"Ransom city","NAME":"Ransom","NHGISPLACE":"G200585000","YEAR":1990,"GISJOIN":"G20058500"}},{"type":"Feature","id":487,"geometry":{"type":"Point","coordinates":[-95.100254622375857,38.548631459621554]},"properties":{"FID":487,"STATE":"Kansas","NHGISST":"200","PLACE":"Rantoul city","NAME":"Rantoul","NHGISPLACE":"G200585250","YEAR":1990,"GISJOIN":"G20058525"}},{"type":"Feature","id":488,"geometry":{"type":"Point","coordinates":[-98.415912457520861,38.276962722235595]},"properties":{"FID":488,"STATE":"Kansas","NHGISST":"200","PLACE":"Raymond city","NAME":"Raymond","NHGISPLACE":"G200585500","YEAR":1990,"GISJOIN":"G20058550"}},{"type":"Feature","id":489,"geometry":{"type":"Point","coordinates":[-95.958609246352964,38.519463206331714]},"properties":{"FID":489,"STATE":"Kansas","NHGISST":"200","PLACE":"Reading city","NAME":"Reading","NHGISPLACE":"G200586000","YEAR":1990,"GISJOIN":"G20058600"}},{"type":"Feature","id":490,"geometry":{"type":"Point","coordinates":[-94.881086799390815,37.836713750125405]},"properties":{"FID":490,"STATE":"Kansas","NHGISST":"200","PLACE":"Redfield city","NAME":"Redfield","NHGISPLACE":"G200587250","YEAR":1990,"GISJOIN":"G20058725"}},{"type":"Feature","id":491,"geometry":{"type":"Point","coordinates":[-97.821717971978728,39.92362822182649]},"properties":{"FID":491,"STATE":"Kansas","NHGISST":"200","PLACE":"Republic city","NAME":"Republic","NHGISPLACE":"G200590000","YEAR":1990,"GISJOIN":"G20059000"}},{"type":"Feature","id":492,"geometry":{"type":"Point","coordinates":[-95.561935883847028,39.977232070189594]},"properties":{"FID":492,"STATE":"Kansas","NHGISST":"200","PLACE":"Reserve city","NAME":"Reserve","NHGISPLACE":"G200590500","YEAR":1990,"GISJOIN":"G20059050"}},{"type":"Feature","id":493,"geometry":{"type":"Point","coordinates":[-100.74349056303618,39.471677465404682]},"properties":{"FID":493,"STATE":"Kansas","NHGISST":"200","PLACE":"Rexford city","NAME":"Rexford","NHGISPLACE":"G200591250","YEAR":1990,"GISJOIN":"G20059125"}},{"type":"Feature","id":494,"geometry":{"type":"Point","coordinates":[-101.78239769442101,37.266140460614089]},"properties":{"FID":494,"STATE":"Kansas","NHGISST":"200","PLACE":"Richfield city","NAME":"Richfield","NHGISPLACE":"G200592000","YEAR":1990,"GISJOIN":"G20059200"}},{"type":"Feature","id":495,"geometry":{"type":"Point","coordinates":[-95.253870649155701,38.402802326151964]},"properties":{"FID":495,"STATE":"Kansas","NHGISST":"200","PLACE":"Richmond city","NAME":"Richmond","NHGISPLACE":"G200596750","YEAR":1990,"GISJOIN":"G20059675"}},{"type":"Feature","id":496,"geometry":{"type":"Point","coordinates":[-96.83085164973653,39.298892183000362]},"properties":{"FID":496,"STATE":"Kansas","NHGISST":"200","PLACE":"Riley city","NAME":"Riley","NHGISPLACE":"G200598750","YEAR":1990,"GISJOIN":"G20059875"}},{"type":"Feature","id":497,"geometry":{"type":"Point","coordinates":[-95.410542427655997,39.816675753423304]},"properties":{"FID":497,"STATE":"Kansas","NHGISST":"200","PLACE":"Robinson city","NAME":"Robinson","NHGISPLACE":"G200603250","YEAR":1990,"GISJOIN":"G20060325"}},{"type":"Feature","id":498,"geometry":{"type":"Point","coordinates":[-94.632186943364133,39.037512269855249]},"properties":{"FID":498,"STATE":"Kansas","NHGISST":"200","PLACE":"Roeland Park city","NAME":"Roeland Park","NHGISPLACE":"G200608250","YEAR":1990,"GISJOIN":"G20060825"}},{"type":"Feature","id":499,"geometry":{"type":"Point","coordinates":[-101.63211474479925,37.120031346165291]},"properties":{"FID":499,"STATE":"Kansas","NHGISST":"200","PLACE":"Rolla city","NAME":"Rolla","NHGISPLACE":"G200609000","YEAR":1990,"GISJOIN":"G20060900"}},{"type":"Feature","id":500,"geometry":{"type":"Point","coordinates":[-97.135048464580123,37.558358276745089]},"properties":{"FID":500,"STATE":"Kansas","NHGISST":"200","PLACE":"Rose Hill city","NAME":"Rose Hill","NHGISPLACE":"G200612500","YEAR":1990,"GISJOIN":"G20061250"}},{"type":"Feature","id":501,"geometry":{"type":"Point","coordinates":[-94.850523844312846,37.281174954457775]},"properties":{"FID":501,"STATE":"Kansas","NHGISST":"200","PLACE":"Roseland city","NAME":"Roseland","NHGISPLACE":"G200612750","YEAR":1990,"GISJOIN":"G20061275"}},{"type":"Feature","id":502,"geometry":{"type":"Point","coordinates":[-95.951664102663514,39.136116608823556]},"properties":{"FID":502,"STATE":"Kansas","NHGISST":"200","PLACE":"Rossville city","NAME":"Rossville","NHGISPLACE":"G200614000","YEAR":1990,"GISJOIN":"G20061400"}},{"type":"Feature","id":503,"geometry":{"type":"Point","coordinates":[-99.403177699348845,38.195854450204202]},"properties":{"FID":503,"STATE":"Kansas","NHGISST":"200","PLACE":"Rozel city","NAME":"Rozel","NHGISPLACE":"G200616000","YEAR":1990,"GISJOIN":"G20061600"}},{"type":"Feature","id":504,"geometry":{"type":"Point","coordinates":[-99.310113801689582,38.465297798479007]},"properties":{"FID":504,"STATE":"Kansas","NHGISST":"200","PLACE":"Rush Center city","NAME":"Rush Center","NHGISPLACE":"G200617750","YEAR":1990,"GISJOIN":"G20061775"}},{"type":"Feature","id":505,"geometry":{"type":"Point","coordinates":[-98.859814631527797,38.895295994199031]},"properties":{"FID":505,"STATE":"Kansas","NHGISST":"200","PLACE":"Russell city","NAME":"Russell","NHGISPLACE":"G200618250","YEAR":1990,"GISJOIN":"G20061825"}},{"type":"Feature","id":506,"geometry":{"type":"Point","coordinates":[-101.18155421079835,38.913350552019715]},"properties":{"FID":506,"STATE":"Kansas","NHGISST":"200","PLACE":"Russell Springs city","NAME":"Russell Springs","NHGISPLACE":"G200618750","YEAR":1990,"GISJOIN":"G20061875"}},{"type":"Feature","id":507,"geometry":{"type":"Point","coordinates":[-95.80083034046929,39.902229343581155]},"properties":{"FID":507,"STATE":"Kansas","NHGISST":"200","PLACE":"Sabetha city","NAME":"Sabetha","NHGISPLACE":"G200620250","YEAR":1990,"GISJOIN":"G20062025"}},{"type":"Feature","id":508,"geometry":{"type":"Point","coordinates":[-101.79990635431776,39.772221740424669]},"properties":{"FID":508,"STATE":"Kansas","NHGISST":"200","PLACE":"St. Francis city","NAME":"St. Francis","NHGISPLACE":"G200621750","YEAR":1990,"GISJOIN":"G20062175"}},{"type":"Feature","id":509,"geometry":{"type":"Point","coordinates":[-96.420285231858372,39.191114990015954]},"properties":{"FID":509,"STATE":"Kansas","NHGISST":"200","PLACE":"St. George city","NAME":"St. George","NHGISPLACE":"G200622000","YEAR":1990,"GISJOIN":"G20062200"}},{"type":"Feature","id":510,"geometry":{"type":"Point","coordinates":[-98.760097118933786,38.002243657028288]},"properties":{"FID":510,"STATE":"Kansas","NHGISST":"200","PLACE":"St. John city","NAME":"St. John","NHGISPLACE":"G200622750","YEAR":1990,"GISJOIN":"G20062275"}},{"type":"Feature","id":511,"geometry":{"type":"Point","coordinates":[-96.071111940616404,39.194170911835556]},"properties":{"FID":511,"STATE":"Kansas","NHGISST":"200","PLACE":"St. Marys city","NAME":"St. Marys","NHGISPLACE":"G200624000","YEAR":1990,"GISJOIN":"G20062400"}},{"type":"Feature","id":512,"geometry":{"type":"Point","coordinates":[-95.173316049982006,37.518947878609737]},"properties":{"FID":512,"STATE":"Kansas","NHGISST":"200","PLACE":"St. Paul city","NAME":"St. Paul","NHGISPLACE":"G200625000","YEAR":1990,"GISJOIN":"G20062500"}},{"type":"Feature","id":513,"geometry":{"type":"Point","coordinates":[-97.611431906437829,38.840287261823228]},"properties":{"FID":513,"STATE":"Kansas","NHGISST":"200","PLACE":"Salina city","NAME":"Salina","NHGISPLACE":"G200627000","YEAR":1990,"GISJOIN":"G20062700"}},{"type":"Feature","id":514,"geometry":{"type":"Point","coordinates":[-100.97211981433635,37.437253035599227]},"properties":{"FID":514,"STATE":"Kansas","NHGISST":"200","PLACE":"Satanta city","NAME":"Satanta","NHGISPLACE":"G200631500","YEAR":1990,"GISJOIN":"G20063150"}},{"type":"Feature","id":515,"geometry":{"type":"Point","coordinates":[-95.144152062306489,37.749494320120064]},"properties":{"FID":515,"STATE":"Kansas","NHGISST":"200","PLACE":"Savonburg city","NAME":"Savonburg","NHGISPLACE":"G200632000","YEAR":1990,"GISJOIN":"G20063200"}},{"type":"Feature","id":516,"geometry":{"type":"Point","coordinates":[-98.682319453189535,37.497248178972413]},"properties":{"FID":516,"STATE":"Kansas","NHGISST":"200","PLACE":"Sawyer city","NAME":"Sawyer","NHGISPLACE":"G200632750","YEAR":1990,"GISJOIN":"G20063275"}},{"type":"Feature","id":517,"geometry":{"type":"Point","coordinates":[-94.82496753734992,37.277563555382955]},"properties":{"FID":517,"STATE":"Kansas","NHGISST":"200","PLACE":"Scammon city","NAME":"Scammon","NHGISPLACE":"G200633250","YEAR":1990,"GISJOIN":"G20063325"}},{"type":"Feature","id":518,"geometry":{"type":"Point","coordinates":[-97.783662648919901,39.794458904217045]},"properties":{"FID":518,"STATE":"Kansas","NHGISST":"200","PLACE":"Scandia city","NAME":"Scandia","NHGISPLACE":"G200633500","YEAR":1990,"GISJOIN":"G20063350"}},{"type":"Feature","id":519,"geometry":{"type":"Point","coordinates":[-99.332335031503717,38.713352537098658]},"properties":{"FID":519,"STATE":"Kansas","NHGISST":"200","PLACE":"Schoenchen city","NAME":"Schoenchen","NHGISPLACE":"G200634250","YEAR":1990,"GISJOIN":"G20063425"}},{"type":"Feature","id":520,"geometry":{"type":"Point","coordinates":[-100.90710389942636,38.482525703683557]},"properties":{"FID":520,"STATE":"Kansas","NHGISST":"200","PLACE":"Scott City city","NAME":"Scott City","NHGISPLACE":"G200636000","YEAR":1990,"GISJOIN":"G20063600"}},{"type":"Feature","id":521,"geometry":{"type":"Point","coordinates":[-97.953108066214213,39.54362305385726]},"properties":{"FID":521,"STATE":"Kansas","NHGISST":"200","PLACE":"Scottsville city","NAME":"Scottsville","NHGISPLACE":"G200636500","YEAR":1990,"GISJOIN":"G20063650"}},{"type":"Feature","id":522,"geometry":{"type":"Point","coordinates":[-95.73860331298377,38.781678562620833]},"properties":{"FID":522,"STATE":"Kansas","NHGISST":"200","PLACE":"Scranton city","NAME":"Scranton","NHGISPLACE":"G200636750","YEAR":1990,"GISJOIN":"G20063675"}},{"type":"Feature","id":523,"geometry":{"type":"Point","coordinates":[-96.186943781260396,37.126726155380794]},"properties":{"FID":523,"STATE":"Kansas","NHGISST":"200","PLACE":"Sedan city","NAME":"Sedan","NHGISPLACE":"G200637500","YEAR":1990,"GISJOIN":"G20063750"}},{"type":"Feature","id":524,"geometry":{"type":"Point","coordinates":[-97.422549070392492,37.916685020618779]},"properties":{"FID":524,"STATE":"Kansas","NHGISST":"200","PLACE":"Sedgwick city","NAME":"Sedgwick","NHGISPLACE":"G200638000","YEAR":1990,"GISJOIN":"G20063800"}},{"type":"Feature","id":525,"geometry":{"type":"Point","coordinates":[-100.56765302607737,39.540843986753991]},"properties":{"FID":525,"STATE":"Kansas","NHGISST":"200","PLACE":"Selden city","NAME":"Selden","NHGISPLACE":"G200638750","YEAR":1990,"GISJOIN":"G20063875"}},{"type":"Feature","id":526,"geometry":{"type":"Point","coordinates":[-96.06417550274584,39.834172016424034]},"properties":{"FID":526,"STATE":"Kansas","NHGISST":"200","PLACE":"Seneca city","NAME":"Seneca","NHGISPLACE":"G200639500","YEAR":1990,"GISJOIN":"G20063950"}},{"type":"Feature","id":527,"geometry":{"type":"Point","coordinates":[-95.249982780043581,39.767227855393543]},"properties":{"FID":527,"STATE":"Kansas","NHGISST":"200","PLACE":"Severance city","NAME":"Severance","NHGISPLACE":"G200640250","YEAR":1990,"GISJOIN":"G20064025"}},{"type":"Feature","id":528,"geometry":{"type":"Point","coordinates":[-96.228060435362593,37.622261338620376]},"properties":{"FID":528,"STATE":"Kansas","NHGISST":"200","PLACE":"Severy city","NAME":"Severy","NHGISPLACE":"G200640500","YEAR":1990,"GISJOIN":"G20064050"}},{"type":"Feature","id":529,"geometry":{"type":"Point","coordinates":[-98.794819144867574,38.177797883545146]},"properties":{"FID":529,"STATE":"Kansas","NHGISST":"200","PLACE":"Seward city","NAME":"Seward","NHGISPLACE":"G200641000","YEAR":1990,"GISJOIN":"G20064100"}},{"type":"Feature","id":530,"geometry":{"type":"Point","coordinates":[-98.420639864811278,37.248639952621147]},"properties":{"FID":530,"STATE":"Kansas","NHGISST":"200","PLACE":"Sharon city","NAME":"Sharon","NHGISPLACE":"G200643250","YEAR":1990,"GISJOIN":"G20064325"}},{"type":"Feature","id":531,"geometry":{"type":"Point","coordinates":[-101.75212504822065,38.897793213511058]},"properties":{"FID":531,"STATE":"Kansas","NHGISST":"200","PLACE":"Sharon Springs city","NAME":"Sharon Springs","NHGISPLACE":"G200643750","YEAR":1990,"GISJOIN":"G20064375"}},{"type":"Feature","id":532,"geometry":{"type":"Point","coordinates":[-94.720245066715847,39.041678765051948]},"properties":{"FID":532,"STATE":"Kansas","NHGISST":"200","PLACE":"Shawnee city","NAME":"Shawnee","NHGISPLACE":"G200645000","YEAR":1990,"GISJOIN":"G20064500"}},{"type":"Feature","id":533,"geometry":{"type":"Point","coordinates":[-95.858605575463883,39.104172909480198]},"properties":{"FID":533,"STATE":"Kansas","NHGISST":"200","PLACE":"Silver Lake city","NAME":"Silver Lake","NHGISPLACE":"G200656000","YEAR":1990,"GISJOIN":"G20065600"}},{"type":"Feature","id":534,"geometry":{"type":"Point","coordinates":[-97.931440343927008,39.385288229358054]},"properties":{"FID":534,"STATE":"Kansas","NHGISST":"200","PLACE":"Simpson city","NAME":"Simpson","NHGISPLACE":"G200656500","YEAR":1990,"GISJOIN":"G20065650"}},{"type":"Feature","id":535,"geometry":{"type":"Point","coordinates":[-98.785083503336011,39.779185438301646]},"properties":{"FID":535,"STATE":"Kansas","NHGISST":"200","PLACE":"Smith Center city","NAME":"Smith Center","NHGISPLACE":"G200659250","YEAR":1990,"GISJOIN":"G20065925"}},{"type":"Feature","id":536,"geometry":{"type":"Point","coordinates":[-97.684490615278548,38.738622541049132]},"properties":{"FID":536,"STATE":"Kansas","NHGISST":"200","PLACE":"Smolan city","NAME":"Smolan","NHGISPLACE":"G200661000","YEAR":1990,"GISJOIN":"G20066100"}},{"type":"Feature","id":537,"geometry":{"type":"Point","coordinates":[-95.964167345927549,39.536113174446122]},"properties":{"FID":537,"STATE":"Kansas","NHGISST":"200","PLACE":"Soldier city","NAME":"Soldier","NHGISPLACE":"G200661750","YEAR":1990,"GISJOIN":"G20066175"}},{"type":"Feature","id":538,"geometry":{"type":"Point","coordinates":[-97.371145152294901,38.919450988523145]},"properties":{"FID":538,"STATE":"Kansas","NHGISST":"200","PLACE":"Solomon city","NAME":"Solomon","NHGISPLACE":"G200662750","YEAR":1990,"GISJOIN":"G20066275"}},{"type":"Feature","id":539,"geometry":{"type":"Point","coordinates":[-97.405331489741556,37.051976875926478]},"properties":{"FID":539,"STATE":"Kansas","NHGISST":"200","PLACE":"South Haven city","NAME":"South Haven","NHGISPLACE":"G200666500","YEAR":1990,"GISJOIN":"G20066650"}},{"type":"Feature","id":540,"geometry":{"type":"Point","coordinates":[-97.94033851359562,38.028073708883923]},"properties":{"FID":540,"STATE":"Kansas","NHGISST":"200","PLACE":"South Hutchinson city","NAME":"South Hutchinson","NHGISPLACE":"G200667500","YEAR":1990,"GISJOIN":"G20066750"}},{"type":"Feature","id":541,"geometry":{"type":"Point","coordinates":[-99.756801853960056,37.850025573626958]},"properties":{"FID":541,"STATE":"Kansas","NHGISST":"200","PLACE":"Spearville city","NAME":"Spearville","NHGISPLACE":"G200671250","YEAR":1990,"GISJOIN":"G20067125"}},{"type":"Feature","id":542,"geometry":{"type":"Point","coordinates":[-99.42094315464125,39.677237981744469]},"properties":{"FID":542,"STATE":"Kansas","NHGISST":"200","PLACE":"Speed city","NAME":"Speed","NHGISPLACE":"G200671750","YEAR":1990,"GISJOIN":"G20067175"}},{"type":"Feature","id":543,"geometry":{"type":"Point","coordinates":[-98.163407416482244,37.445857899352767]},"properties":{"FID":543,"STATE":"Kansas","NHGISST":"200","PLACE":"Spivey city","NAME":"Spivey","NHGISPLACE":"G200672500","YEAR":1990,"GISJOIN":"G20067250"}},{"type":"Feature","id":544,"geometry":{"type":"Point","coordinates":[-94.825524066947949,38.743071509173518]},"properties":{"FID":544,"STATE":"Kansas","NHGISST":"200","PLACE":"Spring Hill city","NAME":"Spring Hill","NHGISPLACE":"G200676250","YEAR":1990,"GISJOIN":"G20067625"}},{"type":"Feature","id":545,"geometry":{"type":"Point","coordinates":[-98.600645874595372,37.962243760083439]},"properties":{"FID":545,"STATE":"Kansas","NHGISST":"200","PLACE":"Stafford city","NAME":"Stafford","NHGISPLACE":"G200677750","YEAR":1990,"GISJOIN":"G20067775"}},{"type":"Feature","id":546,"geometry":{"type":"Point","coordinates":[-95.143040056509847,37.690052210132819]},"properties":{"FID":546,"STATE":"Kansas","NHGISST":"200","PLACE":"Stark city","NAME":"Stark","NHGISPLACE":"G200680250","YEAR":1990,"GISJOIN":"G20068025"}},{"type":"Feature","id":547,"geometry":{"type":"Point","coordinates":[-98.207014198581817,38.210017823710295]},"properties":{"FID":547,"STATE":"Kansas","NHGISST":"200","PLACE":"Sterling city","NAME":"Sterling","NHGISPLACE":"G200682000","YEAR":1990,"GISJOIN":"G20068200"}},{"type":"Feature","id":548,"geometry":{"type":"Point","coordinates":[-99.265105389817421,39.438072354837232]},"properties":{"FID":548,"STATE":"Kansas","NHGISST":"200","PLACE":"Stockton city","NAME":"Stockton","NHGISPLACE":"G200683500","YEAR":1990,"GISJOIN":"G20068350"}},{"type":"Feature","id":549,"geometry":{"type":"Point","coordinates":[-96.536958585886495,38.397242751688054]},"properties":{"FID":549,"STATE":"Kansas","NHGISST":"200","PLACE":"Strong City city","NAME":"Strong City","NHGISPLACE":"G200686500","YEAR":1990,"GISJOIN":"G20068625"}},{"type":"Feature","id":550,"geometry":{"type":"Point","coordinates":[-100.84378248792846,37.481697450271128]},"properties":{"FID":550,"STATE":"Kansas","NHGISST":"200","PLACE":"Sublette city","NAME":"Sublette","NHGISPLACE":"G200687750","YEAR":1990,"GISJOIN":"G20068775"}},{"type":"Feature","id":551,"geometry":{"type":"Point","coordinates":[-96.350299795006606,39.997230125521305]},"properties":{"FID":551,"STATE":"Kansas","NHGISST":"200","PLACE":"Summerfield city","NAME":"Summerfield","NHGISPLACE":"G200689500","YEAR":1990,"GISJOIN":"G20068950"}},{"type":"Feature","id":552,"geometry":{"type":"Point","coordinates":[-98.915941200476837,37.37863974538444]},"properties":{"FID":552,"STATE":"Kansas","NHGISST":"200","PLACE":"Sun City city","NAME":"Sun City","NHGISPLACE":"G200692750","YEAR":1990,"GISJOIN":"G20069275"}},{"type":"Feature","id":553,"geometry":{"type":"Point","coordinates":[-98.773979583673921,38.640851358757068]},"properties":{"FID":553,"STATE":"Kansas","NHGISST":"200","PLACE":"Susank city","NAME":"Susank","NHGISPLACE":"G200695250","YEAR":1990,"GISJOIN":"G20069525"}},{"type":"Feature","id":554,"geometry":{"type":"Point","coordinates":[-98.394236423656224,39.00946064133548]},"properties":{"FID":554,"STATE":"Kansas","NHGISST":"200","PLACE":"Sylvan Grove city","NAME":"Sylvan Grove","NHGISPLACE":"G200697750","YEAR":1990,"GISJOIN":"G20069775"}},{"type":"Feature","id":555,"geometry":{"type":"Point","coordinates":[-98.408136826174143,37.957798969855581]},"properties":{"FID":555,"STATE":"Kansas","NHGISST":"200","PLACE":"Sylvia city","NAME":"Sylvia","NHGISPLACE":"G200698000","YEAR":1990,"GISJOIN":"G20069800"}},{"type":"Feature","id":556,"geometry":{"type":"Point","coordinates":[-101.75268095622747,37.980574973541025]},"properties":{"FID":556,"STATE":"Kansas","NHGISST":"200","PLACE":"Syracuse city","NAME":"Syracuse","NHGISPLACE":"G200698500","YEAR":1990,"GISJOIN":"G20069850"}},{"type":"Feature","id":557,"geometry":{"type":"Point","coordinates":[-97.153085460154642,38.547238140854347]},"properties":{"FID":557,"STATE":"Kansas","NHGISST":"200","PLACE":"Tampa city","NAME":"Tampa","NHGISPLACE":"G200700000","YEAR":1990,"GISJOIN":"G20070000"}},{"type":"Feature","id":558,"geometry":{"type":"Point","coordinates":[-97.875606590848989,39.00806577249076]},"properties":{"FID":558,"STATE":"Kansas","NHGISST":"200","PLACE":"Tescott city","NAME":"Tescott","NHGISPLACE":"G200702500","YEAR":1990,"GISJOIN":"G20070250"}},{"type":"Feature","id":559,"geometry":{"type":"Point","coordinates":[-95.470265025290047,37.49311875802978]},"properties":{"FID":559,"STATE":"Kansas","NHGISST":"200","PLACE":"Thayer city","NAME":"Thayer","NHGISPLACE":"G200703000","YEAR":1990,"GISJOIN":"G20070300"}},{"type":"Feature","id":560,"geometry":{"type":"Point","coordinates":[-99.178164369610627,38.473630807909693]},"properties":{"FID":560,"STATE":"Kansas","NHGISST":"200","PLACE":"Timken city","NAME":"Timken","NHGISPLACE":"G200706250","YEAR":1990,"GISJOIN":"G20070625"}},{"type":"Feature","id":561,"geometry":{"type":"Point","coordinates":[-98.470905078086687,39.343071989394801]},"properties":{"FID":561,"STATE":"Kansas","NHGISST":"200","PLACE":"Tipton city","NAME":"Tipton","NHGISPLACE":"G200706750","YEAR":1990,"GISJOIN":"G20070675"}},{"type":"Feature","id":562,"geometry":{"type":"Point","coordinates":[-95.087754070987927,39.109730955258414]},"properties":{"FID":562,"STATE":"Kansas","NHGISST":"200","PLACE":"Tonganoxie city","NAME":"Tonganoxie","NHGISPLACE":"G200708000","YEAR":1990,"GISJOIN":"G20070800"}},{"type":"Feature","id":563,"geometry":{"type":"Point","coordinates":[-95.678044822290545,39.048340510722966]},"properties":{"FID":563,"STATE":"Kansas","NHGISST":"200","PLACE":"Topeka city","NAME":"Topeka","NHGISPLACE":"G200710000","YEAR":1990,"GISJOIN":"G20071000"}},{"type":"Feature","id":564,"geometry":{"type":"Point","coordinates":[-95.949163878309989,37.798931984200145]},"properties":{"FID":564,"STATE":"Kansas","NHGISST":"200","PLACE":"Toronto city","NAME":"Toronto","NHGISPLACE":"G200710500","YEAR":1990,"GISJOIN":"G20071050"}},{"type":"Feature","id":565,"geometry":{"type":"Point","coordinates":[-96.999765951189019,37.797523624739085]},"properties":{"FID":565,"STATE":"Kansas","NHGISST":"200","PLACE":"Towanda city","NAME":"Towanda","NHGISPLACE":"G200711250","YEAR":1990,"GISJOIN":"G20071125"}},{"type":"Feature","id":566,"geometry":{"type":"Point","coordinates":[-101.75268150438392,38.469744248666657]},"properties":{"FID":566,"STATE":"Kansas","NHGISST":"200","PLACE":"Tribune city","NAME":"Tribune","NHGISPLACE":"G200714500","YEAR":1990,"GISJOIN":"G20071450"}},{"type":"Feature","id":567,"geometry":{"type":"Point","coordinates":[-95.089979737793314,39.783058167528772]},"properties":{"FID":567,"STATE":"Kansas","NHGISST":"200","PLACE":"Troy city","NAME":"Troy","NHGISPLACE":"G200715750","YEAR":1990,"GISJOIN":"G20071575"}},{"type":"Feature","id":568,"geometry":{"type":"Point","coordinates":[-98.426750716257658,37.807245144596095]},"properties":{"FID":568,"STATE":"Kansas","NHGISST":"200","PLACE":"Turon city","NAME":"Turon","NHGISPLACE":"G200718000","YEAR":1990,"GISJOIN":"G20071800"}},{"type":"Feature","id":569,"geometry":{"type":"Point","coordinates":[-95.821376178526208,37.037859659735759]},"properties":{"FID":569,"STATE":"Kansas","NHGISST":"200","PLACE":"Tyro city","NAME":"Tyro","NHGISPLACE":"G200719250","YEAR":1990,"GISJOIN":"G20071925"}},{"type":"Feature","id":570,"geometry":{"type":"Point","coordinates":[-97.114214244260054,37.387528649255685]},"properties":{"FID":570,"STATE":"Kansas","NHGISST":"200","PLACE":"Udall city","NAME":"Udall","NHGISPLACE":"G200719500","YEAR":1990,"GISJOIN":"G20071950"}},{"type":"Feature","id":571,"geometry":{"type":"Point","coordinates":[-101.35517862137058,37.581415835019712]},"properties":{"FID":571,"STATE":"Kansas","NHGISST":"200","PLACE":"Ulysses city","NAME":"Ulysses","NHGISPLACE":"G200719750","YEAR":1990,"GISJOIN":"G20071975"}},{"type":"Feature","id":572,"geometry":{"type":"Point","coordinates":[-94.975256925809191,37.847268646694239]},"properties":{"FID":572,"STATE":"Kansas","NHGISST":"200","PLACE":"Uniontown city","NAME":"Uniontown","NHGISPLACE":"G200725250","YEAR":1990,"GISJOIN":"G20072525"}},{"type":"Feature","id":573,"geometry":{"type":"Point","coordinates":[-100.16986093417798,38.643909774119415]},"properties":{"FID":573,"STATE":"Kansas","NHGISST":"200","PLACE":"Utica city","NAME":"Utica","NHGISPLACE":"G200726500","YEAR":1990,"GISJOIN":"G20072650"}},{"type":"Feature","id":574,"geometry":{"type":"Point","coordinates":[-97.373383950735715,37.834740809950361]},"properties":{"FID":574,"STATE":"Kansas","NHGISST":"200","PLACE":"Valley Center city","NAME":"Valley Center","NHGISPLACE":"G200732500","YEAR":1990,"GISJOIN":"G20073250"}},{"type":"Feature","id":575,"geometry":{"type":"Point","coordinates":[-95.460260693096927,39.343338572379558]},"properties":{"FID":575,"STATE":"Kansas","NHGISST":"200","PLACE":"Valley Falls city","NAME":"Valley Falls","NHGISPLACE":"G200733000","YEAR":1990,"GISJOIN":"G20073300"}},{"type":"Feature","id":576,"geometry":{"type":"Point","coordinates":[-96.265849043905746,39.719449885737212]},"properties":{"FID":576,"STATE":"Kansas","NHGISST":"200","PLACE":"Vermillion city","NAME":"Vermillion","NHGISPLACE":"G200735250","YEAR":1990,"GISJOIN":"G20073525"}},{"type":"Feature","id":577,"geometry":{"type":"Point","coordinates":[-99.14760529978463,38.852796270079224]},"properties":{"FID":577,"STATE":"Kansas","NHGISST":"200","PLACE":"Victoria city","NAME":"Victoria","NHGISPLACE":"G200737750","YEAR":1990,"GISJOIN":"G20073775"}},{"type":"Feature","id":578,"geometry":{"type":"Point","coordinates":[-97.295316998181519,39.56694979768227]},"properties":{"FID":578,"STATE":"Kansas","NHGISST":"200","PLACE":"Vining city","NAME":"Vining","NHGISPLACE":"G200739500","YEAR":1990,"GISJOIN":"G20073950"}},{"type":"Feature","id":579,"geometry":{"type":"Point","coordinates":[-97.643946688251376,37.483080735701513]},"properties":{"FID":579,"STATE":"Kansas","NHGISST":"200","PLACE":"Viola city","NAME":"Viola","NHGISPLACE":"G200740250","YEAR":1990,"GISJOIN":"G20074025"}},{"type":"Feature","id":580,"geometry":{"type":"Point","coordinates":[-96.010277710481034,37.980868411952052]},"properties":{"FID":580,"STATE":"Kansas","NHGISST":"200","PLACE":"Virgil city","NAME":"Virgil","NHGISPLACE":"G200740750","YEAR":1990,"GISJOIN":"G20074075"}},{"type":"Feature","id":581,"geometry":{"type":"Point","coordinates":[-99.879574400902641,39.025014851804031]},"properties":{"FID":581,"STATE":"Kansas","NHGISST":"200","PLACE":"WaKeeney city","NAME":"WaKeeney","NHGISPLACE":"G200744500","YEAR":1990,"GISJOIN":"G20074450"}},{"type":"Feature","id":582,"geometry":{"type":"Point","coordinates":[-97.005577287084847,39.2133361589608]},"properties":{"FID":582,"STATE":"Kansas","NHGISST":"200","PLACE":"Wakefield city","NAME":"Wakefield","NHGISPLACE":"G200745250","YEAR":1990,"GISJOIN":"G20074525"}},{"type":"Feature","id":583,"geometry":{"type":"Point","coordinates":[-98.798143737714497,39.118351033523361]},"properties":{"FID":583,"STATE":"Kansas","NHGISST":"200","PLACE":"Waldo city","NAME":"Waldo","NHGISPLACE":"G200745750","YEAR":1990,"GISJOIN":"G20074575"}},{"type":"Feature","id":584,"geometry":{"type":"Point","coordinates":[-98.182574783279307,37.002254423906521]},"properties":{"FID":584,"STATE":"Kansas","NHGISST":"200","PLACE":"Waldron city","NAME":"Waldron","NHGISPLACE":"G200746250","YEAR":1990,"GISJOIN":"G20074625"}},{"type":"Feature","id":585,"geometry":{"type":"Point","coordinates":[-101.59156551121684,38.911404726129177]},"properties":{"FID":585,"STATE":"Kansas","NHGISST":"200","PLACE":"Wallace city","NAME":"Wallace","NHGISPLACE":"G200747500","YEAR":1990,"GISJOIN":"G20074750"}},{"type":"Feature","id":586,"geometry":{"type":"Point","coordinates":[-95.078036831916279,37.601443998438882]},"properties":{"FID":586,"STATE":"Kansas","NHGISST":"200","PLACE":"Walnut city","NAME":"Walnut","NHGISPLACE":"G200749500","YEAR":1990,"GISJOIN":"G20074950"}},{"type":"Feature","id":587,"geometry":{"type":"Point","coordinates":[-97.256708146369718,38.117795763255458]},"properties":{"FID":587,"STATE":"Kansas","NHGISST":"200","PLACE":"Walton city","NAME":"Walton","NHGISPLACE":"G200752000","YEAR":1990,"GISJOIN":"G20075200"}},{"type":"Feature","id":588,"geometry":{"type":"Point","coordinates":[-96.305005502649209,39.201948098665596]},"properties":{"FID":588,"STATE":"Kansas","NHGISST":"200","PLACE":"Wamego city","NAME":"Wamego","NHGISPLACE":"G200753250","YEAR":1990,"GISJOIN":"G20075325"}},{"type":"Feature","id":589,"geometry":{"type":"Point","coordinates":[-97.05086875990699,39.818066153547271]},"properties":{"FID":589,"STATE":"Kansas","NHGISST":"200","PLACE":"Washington city","NAME":"Washington","NHGISPLACE":"G200758250","YEAR":1990,"GISJOIN":"G20075825"}},{"type":"Feature","id":590,"geometry":{"type":"Point","coordinates":[-96.747527167916431,39.69111905136284]},"properties":{"FID":590,"STATE":"Kansas","NHGISST":"200","PLACE":"Waterville city","NAME":"Waterville","NHGISPLACE":"G200759500","YEAR":1990,"GISJOIN":"G20075950"}},{"type":"Feature","id":591,"geometry":{"type":"Point","coordinates":[-94.949698297804773,39.759167671930093]},"properties":{"FID":591,"STATE":"Kansas","NHGISST":"200","PLACE":"Wathena city","NAME":"Wathena","NHGISPLACE":"G200760000","YEAR":1990,"GISJOIN":"G20076000"}},{"type":"Feature","id":592,"geometry":{"type":"Point","coordinates":[-95.603047040746262,38.393912104917995]},"properties":{"FID":592,"STATE":"Kansas","NHGISST":"200","PLACE":"Waverly city","NAME":"Waverly","NHGISPLACE":"G200760500","YEAR":1990,"GISJOIN":"G20076050"}},{"type":"Feature","id":593,"geometry":{"type":"Point","coordinates":[-98.035052927837086,39.935019909644311]},"properties":{"FID":593,"STATE":"Kansas","NHGISST":"200","PLACE":"Webber city","NAME":"Webber","NHGISPLACE":"G200762500","YEAR":1990,"GISJOIN":"G20076250"}},{"type":"Feature","id":594,"geometry":{"type":"Point","coordinates":[-94.77191162602098,37.310061463348895]},"properties":{"FID":594,"STATE":"Kansas","NHGISST":"200","PLACE":"Weir city","NAME":"Weir","NHGISPLACE":"G200763500","YEAR":1990,"GISJOIN":"G20076350"}},{"type":"Feature","id":595,"geometry":{"type":"Point","coordinates":[-97.371719899509216,37.265306914190809]},"properties":{"FID":595,"STATE":"Kansas","NHGISST":"200","PLACE":"Wellington city","NAME":"Wellington","NHGISPLACE":"G200764750","YEAR":1990,"GISJOIN":"G20076475"}},{"type":"Feature","id":596,"geometry":{"type":"Point","coordinates":[-95.081642933175402,38.718349089537661]},"properties":{"FID":596,"STATE":"Kansas","NHGISST":"200","PLACE":"Wellsville city","NAME":"Wellsville","NHGISPLACE":"G200766250","YEAR":1990,"GISJOIN":"G20076625"}},{"type":"Feature","id":597,"geometry":{"type":"Point","coordinates":[-94.923025563170185,37.284231551466732]},"properties":{"FID":597,"STATE":"Kansas","NHGISST":"200","PLACE":"West Mineral city","NAME":"West Mineral","NHGISPLACE":"G200771500","YEAR":1990,"GISJOIN":"G20077150"}},{"type":"Feature","id":598,"geometry":{"type":"Point","coordinates":[-96.413621749738212,39.393892224170962]},"properties":{"FID":598,"STATE":"Kansas","NHGISST":"200","PLACE":"Westmoreland city","NAME":"Westmoreland","NHGISPLACE":"G200772000","YEAR":1990,"GISJOIN":"G20077200"}},{"type":"Feature","id":599,"geometry":{"type":"Point","coordinates":[-95.490268091974514,38.181975175473561]},"properties":{"FID":599,"STATE":"Kansas","NHGISST":"200","PLACE":"Westphalia city","NAME":"Westphalia","NHGISPLACE":"G200772500","YEAR":1990,"GISJOIN":"G20077250"}},{"type":"Feature","id":600,"geometry":{"type":"Point","coordinates":[-94.616908739245886,39.040567771246522]},"properties":{"FID":600,"STATE":"Kansas","NHGISST":"200","PLACE":"Westwood city","NAME":"Westwood","NHGISPLACE":"G200775000","YEAR":1990,"GISJOIN":"G20077500"}},{"type":"Feature","id":601,"geometry":{"type":"Point","coordinates":[-94.609964036397784,39.038901171071956]},"properties":{"FID":601,"STATE":"Kansas","NHGISST":"200","PLACE":"Westwood Hills city","NAME":"Westwood Hills","NHGISPLACE":"G200775250","YEAR":1990,"GISJOIN":"G20077525"}},{"type":"Feature","id":602,"geometry":{"type":"Point","coordinates":[-95.811384215877013,39.63333669893477]},"properties":{"FID":602,"STATE":"Kansas","NHGISST":"200","PLACE":"Wetmore city","NAME":"Wetmore","NHGISPLACE":"G200775500","YEAR":1990,"GISJOIN":"G20077550"}},{"type":"Feature","id":603,"geometry":{"type":"Point","coordinates":[-96.320844136379677,39.502225447183051]},"properties":{"FID":603,"STATE":"Kansas","NHGISST":"200","PLACE":"Wheaton city","NAME":"Wheaton","NHGISPLACE":"G200777000","YEAR":1990,"GISJOIN":"G20077700"}},{"type":"Feature","id":604,"geometry":{"type":"Point","coordinates":[-96.735849275237683,38.795566706098917]},"properties":{"FID":604,"STATE":"Kansas","NHGISST":"200","PLACE":"White City city","NAME":"White City","NHGISPLACE":"G200778250","YEAR":1990,"GISJOIN":"G20077825"}},{"type":"Feature","id":605,"geometry":{"type":"Point","coordinates":[-95.296930012910082,39.976394686498608]},"properties":{"FID":605,"STATE":"Kansas","NHGISST":"200","PLACE":"White Cloud city","NAME":"White Cloud","NHGISPLACE":"G200778500","YEAR":1990,"GISJOIN":"G20077850"}},{"type":"Feature","id":606,"geometry":{"type":"Point","coordinates":[-97.147542703795921,37.964743144011273]},"properties":{"FID":606,"STATE":"Kansas","NHGISST":"200","PLACE":"Whitewater city","NAME":"Whitewater","NHGISPLACE":"G200780500","YEAR":1990,"GISJOIN":"G20078050"}},{"type":"Feature","id":607,"geometry":{"type":"Point","coordinates":[-95.612766758501294,39.589727604378147]},"properties":{"FID":607,"STATE":"Kansas","NHGISST":"200","PLACE":"Whiting city","NAME":"Whiting","NHGISPLACE":"G200781000","YEAR":1990,"GISJOIN":"G20078100"}},{"type":"Feature","id":608,"geometry":{"type":"Point","coordinates":[-97.337552828063465,37.692242688137746]},"properties":{"FID":608,"STATE":"Kansas","NHGISST":"200","PLACE":"Wichita city","NAME":"Wichita","NHGISPLACE":"G200790000","YEAR":1990,"GISJOIN":"G20079000"}},{"type":"Feature","id":609,"geometry":{"type":"Point","coordinates":[-95.941941395797798,39.093339603057231]},"properties":{"FID":609,"STATE":"Kansas","NHGISST":"200","PLACE":"Willard city","NAME":"Willard","NHGISPLACE":"G200792500","YEAR":1990,"GISJOIN":"G20079250"}},{"type":"Feature","id":610,"geometry":{"type":"Point","coordinates":[-95.466932112513689,38.480576527829669]},"properties":{"FID":610,"STATE":"Kansas","NHGISST":"200","PLACE":"Williamsburg city","NAME":"Williamsburg","NHGISPLACE":"G200793000","YEAR":1990,"GISJOIN":"G20079300"}},{"type":"Feature","id":611,"geometry":{"type":"Point","coordinates":[-95.505821642905232,39.725010632864191]},"properties":{"FID":611,"STATE":"Kansas","NHGISST":"200","PLACE":"Willis city","NAME":"Willis","NHGISPLACE":"G200794000","YEAR":1990,"GISJOIN":"G20079400"}},{"type":"Feature","id":612,"geometry":{"type":"Point","coordinates":[-97.992006133772392,38.101962118215489]},"properties":{"FID":612,"STATE":"Kansas","NHGISST":"200","PLACE":"Willowbrook city","NAME":"Willowbrook","NHGISPLACE":"G200794250","YEAR":1990,"GISJOIN":"G20079425"}},{"type":"Feature","id":613,"geometry":{"type":"Point","coordinates":[-99.210118870494924,37.335862621465047]},"properties":{"FID":613,"STATE":"Kansas","NHGISST":"200","PLACE":"Wilmore city","NAME":"Wilmore","NHGISPLACE":"G200795500","YEAR":1990,"GISJOIN":"G20079550"}},{"type":"Feature","id":614,"geometry":{"type":"Point","coordinates":[-96.675293444325163,38.636126483696145]},"properties":{"FID":614,"STATE":"Kansas","NHGISST":"200","PLACE":"Wilsey city","NAME":"Wilsey","NHGISPLACE":"G200796500","YEAR":1990,"GISJOIN":"G20079650"}},{"type":"Feature","id":615,"geometry":{"type":"Point","coordinates":[-98.475352126044996,38.825017307208924]},"properties":{"FID":615,"STATE":"Kansas","NHGISST":"200","PLACE":"Wilson city","NAME":"Wilson","NHGISPLACE":"G200796750","YEAR":1990,"GISJOIN":"G20079675"}},{"type":"Feature","id":616,"geometry":{"type":"Point","coordinates":[-95.266923140190499,39.322227880581913]},"properties":{"FID":616,"STATE":"Kansas","NHGISST":"200","PLACE":"Winchester city","NAME":"Winchester","NHGISPLACE":"G200798000","YEAR":1990,"GISJOIN":"G20079800"}},{"type":"Feature","id":617,"geometry":{"type":"Point","coordinates":[-97.910057439144495,38.383904669532178]},"properties":{"FID":617,"STATE":"Kansas","NHGISST":"200","PLACE":"Windom city","NAME":"Windom","NHGISPLACE":"G200798500","YEAR":1990,"GISJOIN":"G20079850"}},{"type":"Feature","id":618,"geometry":{"type":"Point","coordinates":[-96.995599800506596,37.239755130714741]},"properties":{"FID":618,"STATE":"Kansas","NHGISST":"200","PLACE":"Winfield city","NAME":"Winfield","NHGISPLACE":"G200799500","YEAR":1990,"GISJOIN":"G20079950"}},{"type":"Feature","id":619,"geometry":{"type":"Point","coordinates":[-101.2443341417672,39.063347771209479]},"properties":{"FID":619,"STATE":"Kansas","NHGISST":"200","PLACE":"Winona city","NAME":"Winona","NHGISPLACE":"G200800750","YEAR":1990,"GISJOIN":"G20080075"}},{"type":"Feature","id":620,"geometry":{"type":"Point","coordinates":[-96.958632333554888,38.796121893780629]},"properties":{"FID":620,"STATE":"Kansas","NHGISST":"200","PLACE":"Woodbine city","NAME":"Woodbine","NHGISPLACE":"G200803500","YEAR":1990,"GISJOIN":"G20080350"}},{"type":"Feature","id":621,"geometry":{"type":"Point","coordinates":[-99.095653848044151,39.455294867964433]},"properties":{"FID":621,"STATE":"Kansas","NHGISST":"200","PLACE":"Woodston city","NAME":"Woodston","NHGISPLACE":"G200804500","YEAR":1990,"GISJOIN":"G20080450"}},{"type":"Feature","id":622,"geometry":{"type":"Point","coordinates":[-95.733325128897192,37.881153910219403]},"properties":{"FID":622,"STATE":"Kansas","NHGISST":"200","PLACE":"Yates Center city","NAME":"Yates Center","NHGISPLACE":"G200807000","YEAR":1990,"GISJOIN":"G20080700"}},{"type":"Feature","id":623,"geometry":{"type":"Point","coordinates":[-98.282023646415851,37.442247492486807]},"properties":{"FID":623,"STATE":"Kansas","NHGISST":"200","PLACE":"Zenda city","NAME":"Zenda","NHGISPLACE":"G200809250","YEAR":1990,"GISJOIN":"G20080925"}},{"type":"Feature","id":624,"geometry":{"type":"Point","coordinates":[-99.438169511902629,39.234460311952404]},"properties":{"FID":624,"STATE":"Kansas","NHGISST":"200","PLACE":"Zurich city","NAME":"Zurich","NHGISPLACE":"G200810250","YEAR":1990,"GISJOIN":"G20081025"}},{"type":"Feature","id":625,"geometry":{"type":"Point","coordinates":[-97.26699601700885,37.762519103843168]},"properties":{"FID":625,"STATE":"Kansas","NHGISST":"200","PLACE":"Bel Aire city","NAME":"Bel Aire","NHGISPLACE":"G200053370","YEAR":1990,"GISJOIN":"G20005337"}},{"type":"Feature","id":626,"geometry":{"type":"Point","coordinates":[-100.4887575449581,38.957794202844227]},"properties":{"FID":626,"STATE":"Kansas","NHGISST":"200","PLACE":"Gove City city","NAME":"Gove City","NHGISPLACE":"G200271250","YEAR":1990,"GISJOIN":"G20027125"}},{"type":"Feature","id":627,"geometry":{"type":"Point","coordinates":[-101.75101381560617,37.570578810033815]},"properties":{"FID":627,"STATE":"Kansas","NHGISST":"200","PLACE":"Johnson City city","NAME":"Johnson City","NHGISPLACE":"G200356000","YEAR":1990,"GISJOIN":"G20035600"}},{"type":"Feature","id":628,"geometry":{"type":"Point","coordinates":[-98.144782663444701,39.040846261158457]},"properties":{"FID":628,"STATE":"Kansas","NHGISST":"200","PLACE":"Lincoln Center city","NAME":"Lincoln Center","NHGISPLACE":"G200413000","YEAR":1990,"GISJOIN":"G20041300"}},{"type":"Feature","id":629,"geometry":{"type":"Point","coordinates":[-100.8637683562316,39.133347606231858]},"properties":{"FID":629,"STATE":"Kansas","NHGISST":"200","PLACE":"Oakley city","NAME":"Oakley","NHGISPLACE":"G200518250","YEAR":1990,"GISJOIN":"G20051825"}},{"type":"Feature","id":630,"geometry":{"type":"Point","coordinates":[-94.843292018883957,37.000907105690111]},"properties":{"FID":630,"STATE":"Kansas","NHGISST":"200","PLACE":"Treece city","NAME":"Treece","NHGISPLACE":"G200713500","YEAR":1990,"GISJOIN":"G20071350"}}]}