,,,,County,,,CTY_SUB,CTY_SUBA,NAME1970,NAME1980,NAME1990,NAME2000,NAME2010,NAME2020,AV0AA1970,AV0AA1980,AV0AA1990,AV0AA2000,AV0AA2010,AV0AA2020,D15AA1970,D15AA1980,D15AA1990,D15AA2000,D15AA2010,D15AA2020,D15AB1970,D15AB1980,D15AB1990,D15AB2000,D15AB2010,D15AB2020
,Kansas,20,200,Allen County,1,10,Carlyle township,10725,Carlyle Township,CARLYLE TOWNSHIP,Carlyle township,Carlyle township,Carlyle township,Carlyle township,281,279,278,276,285,300,0,0,0,0,0,0,281,279,278,276,285,300
,Kansas,20,200,Allen County,1,10,Cottage Grove township,15825,Cottage Grove Township,COTTAGE GROVE TOWNSHIP,Cottage Grove township,Cottage Grove township,Cottage Grove township,Cottage Grove township,320,305,292,282,246,232,0,0,0,0,0,0,320,305,292,282,246,232
,Kansas,20,200,Allen County,1,10,Deer Creek township,17175,Deer Creek Township,DEER CREEK TOWNSHIP,Deer Creek township,Deer Creek township,Deer Creek township,Deer Creek township,153,142,128,142,129,117,0,0,0,0,0,0,153,142,128,142,129,117
,Kansas,20,200,Allen County,1,10,Elm township,20550,Elm Township,ELM TOWNSHIP,Elm township,Elm township,Elm township,Elm township,1180,1326,1188,1259,1257,1181,0,0,0,0,0,402,1180,1326,1188,1259,1257,779
,Kansas,20,200,Allen County,1,10,Elsmore township,20900,Elsmore Township,ELSMORE TOWNSHIP,Elsmore township,Elsmore township,Elsmore township,Elsmore township,593,535,490,460,414,363,0,0,0,0,0,0,593,535,490,460,414,363
,Kansas,20,200,Allen County,1,10,Geneva township,26100,Geneva Township,GENEVA TOWNSHIP,Geneva township,Geneva township,Geneva township,Geneva township,173,163,155,172,119,147,0,0,0,0,0,0,173,163,155,172,119,147
,Kansas,20,200,Allen County,1,10,Humboldt city,33450,Humboldt City,HUMBOLDT CITY,Humboldt city,Humboldt city,Humboldt city,Humboldt city,2249,2230,2178,1999,1953,1847,0,0,0,0,0,0,2249,2230,2178,1999,1953,1847
,Kansas,20,200,Allen County,1,10,Humboldt township,33475,Humboldt Township,HUMBOLDT TOWNSHIP,Humboldt township,Humboldt township,Humboldt township,Humboldt township,326,279,261,273,253,241,0,0,0,0,0,0,326,279,261,273,253,241
,Kansas,20,200,Allen County,1,10,Iola city,34300,Iola City,IOLA CITY,Iola city,Iola city,Iola city,Iola city,6493,6938,6351,6302,5704,5396,6493,6938,6351,6177,5561,5276,0,0,0,125,143,120
,Kansas,20,200,Allen County,1,10,Iola township,34325,Iola Township,IOLA TOWNSHIP,Iola township,Iola township,Iola township,Iola township,865,902,937,843,830,756,0,0,0,196,168,167,865,902,937,647,662,589
,Kansas,20,200,Allen County,1,10,La Harpe city,37725,La Harpe City,LA HARPE CITY,La Harpe city,La Harpe city,La Harpe city,La Harpe city,509,687,650,706,578,480,0,0,0,0,0,0,509,687,650,706,578,480
,Kansas,20,200,Allen County,1,10,Logan township,41725,Logan Township,LOGAN TOWNSHIP,Logan township,Logan township,Logan township,Logan township,235,263,237,225,219,216,0,0,0,0,0,0,235,263,237,225,219,216
,Kansas,20,200,Allen County,1,10,Marmaton township,44850,Marmaton Township,MARMATON TOWNSHIP,Marmaton township,Marmaton township,Marmaton township,Marmaton township,924,956,899,853,877,752,0,0,0,0,0,0,924,956,899,853,877,752
,Kansas,20,200,Allen County,1,10,Osage township,53075,Osage Township,OSAGE TOWNSHIP,Osage township,Osage township,Osage township,Osage township,416,347,315,316,258,254,0,0,0,0,0,0,416,347,315,316,258,254
,Kansas,20,200,Allen County,1,10,Salem township,62600,Salem Township,SALEM TOWNSHIP,Salem township,Salem township,Salem township,Salem township,326,302,279,277,249,244,0,0,0,0,0,0,326,302,279,277,249,244
,Kansas,20,200,Anderson County,3,30,Garnett city,25925,Garnett City,GARNETT CITY,Garnett city,Garnett city,Garnett city,Garnett city,3169,3310,3210,3368,3415,3242,3169,3310,3210,3309,3315,0,0,0,0,59,100,3242
,Kansas,20,200,Anderson County,3,30,Indian Creek township,34050,Indian Creek Township,INDIAN CREEK TOWNSHIP,Indian Creek township,Indian Creek township,Indian Creek township,Indian Creek township,207,175,149,132,127,114,0,0,0,0,0,0,207,175,149,132,127,114
,Kansas,20,200,Anderson County,3,30,Jackson township,34725,Jackson Township,JACKSON TOWNSHIP,Jackson township,Jackson township,Jackson township,Jackson township,395,433,375,453,459,488,0,0,0,14,1,0,395,433,375,439,458,488
,Kansas,20,200,Anderson County,3,30,Lincoln township,40475,Lincoln Township,LINCOLN TOWNSHIP,Lincoln township,Lincoln township,Lincoln township,Lincoln township,183,239,167,208,190,178,0,0,0,0,0,0,183,239,167,208,190,178
,Kansas,20,200,Anderson County,3,30,Lone Elm township,42450,Lone Elm Township,LONE ELM TOWNSHIP,Lone Elm township,Lone Elm township,Lone Elm township,Lone Elm township,313,269,211,239,230,205,0,0,0,0,0,0,313,269,211,239,230,205
,Kansas,20,200,Anderson County,3,30,Monroe township,47725,Monroe Township,MONROE TOWNSHIP,Monroe township,Monroe township,Monroe township,Monroe township,536,495,374,349,349,367,0,0,0,57,20,0,536,495,374,292,329,367
,Kansas,20,200,Anderson County,3,30,North Rich township,51325,North Rich Township,NORTH RICH TOWNSHIP,North Rich township,North Rich township,North Rich township,,135,103,98,112,107,,0,0,0,0,0,,135,103,98,112,107,
,Kansas,20,200,Anderson County,3,30,Ozark township,53900,Ozark Township,OZARK TOWNSHIP,Ozark township,Ozark township,Ozark township,Ozark township,543,661,595,565,578,550,0,0,0,0,0,0,543,661,595,565,578,550
,Kansas,20,200,Anderson County,3,30,Putnam township,58000,Putnam Township,PUTNAM TOWNSHIP,Putnam township,Putnam township,Putnam township,Putnam township,269,284,282,284,305,268,0,0,0,0,0,0,269,284,282,284,305,268
,Kansas,20,200,Anderson County,3,30,Reeder township,58825,Reeder Township,REEDER TOWNSHIP,Reeder township,Reeder township,Reeder township,Reeder township,506,523,406,427,452,431,0,0,0,0,0,0,506,523,406,427,452,431
,Kansas,20,200,Anderson County,3,30,Rich township,59175,Rich Township,RICH TOWNSHIP,Rich township,Rich township,Rich township,Rich township,379,369,343,346,288,338,0,0,0,0,0,0,379,369,343,346,288,338
,Kansas,20,200,Anderson County,3,30,Union township,72000,Union Township,UNION TOWNSHIP,Union township,,,,180,189,175,,,,0,0,0,,,,180,189,175,,,
,Kansas,20,200,Anderson County,3,30,Walker township,74650,Walker Township,WALKER TOWNSHIP,Walker township,Walker township,Walker township,Walker township,606,591,496,668,668,694,0,0,0,0,0,0,606,591,496,668,668,694
,Kansas,20,200,Anderson County,3,30,Washington township,75500,Washington Township,WASHINGTON TOWNSHIP,Washington township,Washington township,Washington township,Washington township,228,298,267,268,272,311,0,0,0,0,0,0,228,298,267,268,272,311
,Kansas,20,200,Anderson County,3,30,Welda township,76450,Welda Township,WELDA TOWNSHIP,Welda township,Welda township,Welda township,Welda township,334,330,286,301,290,295,0,0,0,0,0,0,334,330,286,301,290,295
,Kansas,20,200,Anderson County,3,30,Westphalia township,77275,Westphalia Township,WESTPHALIA TOWNSHIP,Westphalia township,Westphalia township,Westphalia township,Westphalia township,518,480,369,390,372,355,0,0,0,0,0,0,518,480,369,390,372,355
,Kansas,20,200,Atchison County,5,50,Atchison city,2900,Atchison City,ATCHISON CITY,Atchison city,Atchison city,Atchison city,Atchison city,12565,11407,10656,10232,11021,10885,12565,11407,10656,9926,10825,10653,0,0,0,306,196,232
,Kansas,20,200,Atchison County,5,50,Benton township,6150,Benton Township,BENTON TOWNSHIP,Benton township,Benton township,Benton township,Benton township,1213,1173,1047,1076,1014,963,0,0,0,0,0,0,1213,1173,1047,1076,1014,963
,Kansas,20,200,Atchison County,5,50,Center township,11550,Center Township,CENTER TOWNSHIP,Center township,Center township,Center township,Center township,650,692,645,676,625,651,0,0,0,0,0,0,650,692,645,676,625,651
,Kansas,20,200,Atchison County,5,50,Grasshopper township,28225,Grasshopper Township,GRASSHOPPER TOWNSHIP,Grasshopper township,Grasshopper township,Grasshopper township,Grasshopper township,700,744,631,588,567,501,0,0,0,0,0,0,700,744,631,588,567,501
,Kansas,20,200,Atchison County,5,50,Kapioma township,36100,Kapioma Township,KAPIOMA TOWNSHIP,Kapioma township,Kapioma township,Kapioma township,Kapioma township,308,339,256,271,292,250,0,0,0,0,0,0,308,339,256,271,292,250
,Kansas,20,200,Atchison County,5,50,Lancaster township,38350,Lancaster Township,LANCASTER TOWNSHIP,Lancaster township,Lancaster township,Lancaster township,Lancaster township,937,878,890,922,818,762,0,0,0,0,0,0,937,878,890,922,818,762
,Kansas,20,200,Atchison County,5,50,Mount Pleasant township,48925,Mount Pleasant Township,MOUNT PLEASANT TOWNSHIP,Mount Pleasant township,Mount Pleasant township,Mount Pleasant township,Mount Pleasant township,696,778,685,829,864,834,0,0,0,0,0,0,696,778,685,829,864,834
,Kansas,20,200,Atchison County,5,50,Shannon township,64275,Shannon Township,SHANNON TOWNSHIP,Shannon township,Shannon township,Shannon township,Shannon township,1564,1867,1483,1753,1282,1106,0,0,0,521,319,254,1564,1867,1483,1232,963,852
,Kansas,20,200,Atchison County,5,50,Walnut township,74800,Walnut Township,WALNUT TOWNSHIP,Walnut township,Walnut township,Walnut township,Walnut township,532,519,639,427,441,396,0,0,0,2,0,0,532,519,639,425,441,396
,Kansas,20,200,Barber County,7,70,Aetna township,400,Aetna Township,AETNA TOWNSHIP,Aetna township,Aetna township,Aetna township,Aetna township,43,37,24,3,7,5,0,0,0,0,0,0,43,37,24,3,7,5
,Kansas,20,200,Barber County,7,70,Cedar Township,10,Cedar Township,,,,,,55,,,,,,0,,,,,,55,,,,,
,Kansas,20,200,Barber County,7,70,Deerhead township,17300,Deerhead Township,DEERHEAD TOWNSHIP,Deerhead township,Deerhead township,Deerhead township,Deerhead township,40,30,15,11,14,11,0,0,0,0,0,0,40,30,15,11,14,11
,Kansas,20,200,Barber County,7,70,Eagle township,19150,Eagle Township,EAGLE TOWNSHIP,Eagle township,Eagle township,Eagle township,Eagle township,102,97,46,42,25,29,0,0,0,0,0,0,102,97,46,42,25,29
,Kansas,20,200,Barber County,7,70,Elm Mills township,20800,Elm Mills Township,ELM MILLS TOWNSHIP,Elm Mills township,Elm Mills township,Elm Mills township,Elm Mills township,106,100,124,106,135,119,0,0,0,0,0,0,106,100,124,106,135,119
,Kansas,20,200,Barber County,7,70,Elwood township,20925,Elwood Township,ELWOOD TOWNSHIP,Elwood township,Elwood township,Elwood township,Elwood township,458,446,284,275,241,219,0,0,0,0,0,0,458,446,284,275,241,219
,Kansas,20,200,Barber County,7,70,Hazelton township,31175,Hazelton Township,HAZELTON TOWNSHIP,Hazelton township,Hazelton township,Hazelton township,Hazelton township,247,251,201,213,153,105,0,0,0,0,0,0,247,251,201,213,153,105
,Kansas,20,200,Barber County,7,70,Kiowa township,37150,Kiowa Township,KIOWA TOWNSHIP,Kiowa township,Kiowa township,Kiowa township,Kiowa township,1538,1532,1255,1164,1136,975,0,0,0,0,0,0,1538,1532,1255,1164,1136,975
,Kansas,20,200,Barber County,7,70,Lake City township,37900,Lake City Township,LAKE CITY TOWNSHIP,Lake City township,Lake City township,Lake City township,Lake City township,106,94,97,83,62,66,0,0,0,0,0,0,106,94,97,83,62,66
,Kansas,20,200,Barber County,7,70,McAdoo township,43550,Mc Adoo Township,MCADOO TOWNSHIP,McAdoo township,McAdoo township,McAdoo township,McAdoo township,38,32,29,29,27,16,0,0,0,0,0,0,38,32,29,29,27,16
,Kansas,20,200,Barber County,7,70,Medicine Lodge township,45525,Medicine Lodge Township,MEDICINE LODGE TOWNSHIP,Medicine Lodge township,Medicine Lodge township,Medicine Lodge township,Medicine Lodge township,2993,2810,2838,2573,2334,2052,2545,0,0,0,0,0,448,2810,2838,2573,2334,2052
,Kansas,20,200,Barber County,7,70,Mingona township,47050,Mingona Township,MINGONA TOWNSHIP,Mingona township,Mingona township,Mingona township,Mingona township,106,89,51,57,78,72,0,0,0,0,0,0,106,89,51,57,78,72
,Kansas,20,200,Barber County,7,70,Moore township,48075,Moore Township,MOORE TOWNSHIP,Moore township,Moore township,Moore township,Moore township,63,45,40,32,17,35,0,0,0,0,0,0,63,45,40,32,17,35
,Kansas,20,200,Barber County,7,70,Nippawalla township,50775,Nippawalla Township,NIPPAWALLA TOWNSHIP,Nippawalla township,Nippawalla township,Nippawalla township,Nippawalla township,74,51,44,26,35,31,0,0,0,0,0,0,74,51,44,26,35,31
,Kansas,20,200,Barber County,7,70,Ridge township,59775,Ridge Township,RIDGE TOWNSHIP,Ridge township,Ridge township,,,61,41,26,4,,,0,0,0,0,,,61,41,26,4,,
,Kansas,20,200,Barber County,7,70,Sharon township,64350,Sharon Township,SHARON TOWNSHIP,Sharon township,Sharon township,Sharon township,Sharon township,535,486,440,369,356,299,0,0,0,0,0,0,535,486,440,369,356,299
,Kansas,20,200,Barber County,7,70,Sun City township,69300,Sun City Township,SUN CITY TOWNSHIP,Sun City township,Sun City township,Sun City township,Sun City township,174,131,127,100,68,42,0,0,0,0,0,0,174,131,127,100,68,42
,Kansas,20,200,Barber County,7,70,Turkey Creek township,71675,Turkey Creek Township,TURKEY CREEK TOWNSHIP,Turkey Creek township,Turkey Creek township,Turkey Creek township,Turkey Creek township,44,45,35,37,26,21,0,0,0,0,0,0,44,45,35,37,26,21
,Kansas,20,200,Barber County,7,70,Valley township,72750,Valley Township,VALLEY TOWNSHIP,Valley township,Valley township,Valley township,Valley township,233,231,198,183,147,131,0,0,0,0,0,0,233,231,198,183,147,131
,Kansas,20,200,Barton County,9,90,Albion township,850,Albion Township,ALBION TOWNSHIP,Albion township,Albion township,Albion township,Albion township,112,90,61,58,63,60,0,0,0,0,0,0,112,90,61,58,63,60
,Kansas,20,200,Barton County,9,90,Beaver township,4975,Beaver Township,BEAVER TOWNSHIP,Beaver township,Beaver township,Beaver township,Beaver township,249,185,122,108,99,98,0,0,0,0,0,0,249,185,122,108,99,98
,Kansas,20,200,Barton County,9,90,Buffalo township,9075,Buffalo Township,BUFFALO TOWNSHIP,Buffalo township,Buffalo township,Buffalo township,Buffalo township,420,529,587,490,417,431,0,0,0,95,0,0,420,529,587,395,417,431
,Kansas,20,200,Barton County,9,90,Cheyenne township,13025,Cheyenne Township,CHEYENNE TOWNSHIP,Cheyenne township,Cheyenne township,Cheyenne township,Cheyenne township,430,316,281,238,207,200,0,0,0,0,0,0,430,316,281,238,207,200
,Kansas,20,200,Barton County,9,90,Clarence township,13475,Clarence Township,CLARENCE TOWNSHIP,Clarence township,Clarence township,Clarence township,Clarence township,159,163,145,125,117,133,0,0,0,0,0,0,159,163,145,125,117,133
,Kansas,20,200,Barton County,9,90,Cleveland township,14025,Cleveland Township,CLEVELAND TOWNSHIP,Cleveland township,Cleveland township,Cleveland township,Cleveland township,141,91,79,69,42,25,0,0,0,0,0,0,141,91,79,69,42,25
,Kansas,20,200,Barton County,9,90,Comanche township,15125,Comanche Township,COMANCHE TOWNSHIP,Comanche township,Comanche township,Comanche township,Comanche township,401,362,500,452,462,408,0,0,0,0,0,0,401,362,500,452,462,408
,Kansas,20,200,Barton County,9,90,Ellinwood city,20425,Ellinwood City,ELLINWOOD CITY,Ellinwood city,Ellinwood city,Ellinwood city,Ellinwood city,2416,2508,2329,2164,2131,2011,0,2508,0,0,0,0,2416,0,2329,2164,2131,2011
,Kansas,20,200,Barton County,9,90,Eureka township,21750,Eureka Township,EUREKA TOWNSHIP,Eureka township,Eureka township,Eureka township,Eureka township,151,147,149,116,82,70,0,0,0,0,0,0,151,147,149,116,82,70
,Kansas,20,200,Barton County,9,90,Fairview township,22400,Fairview Township,FAIRVIEW TOWNSHIP,Fairview township,Fairview township,Fairview township,Fairview township,187,156,125,129,89,110,0,0,0,0,0,0,187,156,125,129,89,110
,Kansas,20,200,Barton County,9,90,Grant township,27475,Grant Township,GRANT TOWNSHIP,Grant township,Grant township,Grant township,Grant township,142,119,80,79,55,50,0,0,0,0,0,0,142,119,80,79,55,50
,Kansas,20,200,Barton County,9,90,Great Bend city,28300,Great Bend City,GREAT BEND CITY,Great Bend city,Great Bend city,Great Bend city,Great Bend city,16133,16608,15427,15345,15995,14733,16133,16608,15427,15343,15935,14682,0,0,0,2,60,51
,Kansas,20,200,Barton County,9,90,Great Bend township,28325,Great Bend Township,GREAT BEND TOWNSHIP,Great Bend township,Great Bend township,Great Bend township,Great Bend township,1523,1918,1976,1839,1752,1365,0,0,0,334,242,84,1523,1918,1976,1505,1510,1281
,Kansas,20,200,Barton County,9,90,Hoisington city,32550,Hoisington City,HOISINGTON CITY,Hoisington city,Hoisington city,Hoisington city,Hoisington city,3710,3678,3182,2975,2706,2699,3710,3678,3182,2966,2706,0,0,0,0,9,0,2699
,Kansas,20,200,Barton County,9,90,Independent township,33975,Independent Township,INDEPENDENT TOWNSHIP,Independent township,Independent township,Independent township,Independent township,1049,914,890,844,758,655,0,0,0,0,0,0,1049,914,890,844,758,655
,Kansas,20,200,Barton County,9,90,Lakin township,38125,Lakin Township,LAKIN TOWNSHIP,Lakin township,Lakin township,Lakin township,Lakin township,426,346,313,299,262,251,0,0,0,0,0,0,426,346,313,299,262,251
,Kansas,20,200,Barton County,9,90,Liberty township,39875,Liberty Township,LIBERTY TOWNSHIP,Liberty township,Liberty township,Liberty township,Liberty township,291,316,382,321,262,248,0,0,0,0,0,0,291,316,382,321,262,248
,Kansas,20,200,Barton County,9,90,Logan township,41750,Logan Township,LOGAN TOWNSHIP,Logan township,Logan township,Logan township,Logan township,203,195,155,176,138,165,0,0,0,0,0,0,203,195,155,176,138,165
,Kansas,20,200,Barton County,9,90,North Homestead township,51200,North Homestead Township,NORTH HOMESTEAD TOWNSHIP,North Homestead township,North Homestead township,North Homestead township,North Homestead township,163,133,124,133,111,105,0,0,0,0,0,0,163,133,124,133,111,105
,Kansas,20,200,Barton County,9,90,Pawnee Rock township,54900,Pawnee Rock Township,PAWNEE ROCK TOWNSHIP,Pawnee Rock township,Pawnee Rock township,Pawnee Rock township,Pawnee Rock township,582,536,515,544,373,313,0,0,0,0,0,0,582,536,515,544,373,313
,Kansas,20,200,Barton County,9,90,South Bend township,66525,South Bend Township,SOUTH BEND TOWNSHIP,South Bend township,South Bend township,South Bend township,South Bend township,533,750,805,682,674,566,0,0,0,0,0,0,533,750,805,682,674,566
,Kansas,20,200,Barton County,9,90,South Homestead township,66725,South Homestead Township,SOUTH HOMESTEAD TOWNSHIP,South Homestead township,South Homestead township,South Homestead township,South Homestead township,312,480,390,343,322,338,0,0,0,25,3,0,312,480,390,318,319,338
,Kansas,20,200,Barton County,9,90,Union township,72025,Union Township,UNION TOWNSHIP,Union township,Union township,Union township,Union township,217,161,137,128,101,77,0,0,0,0,0,0,217,161,137,128,101,77
,Kansas,20,200,Barton County,9,90,Walnut township,74825,Walnut Township,WALNUT TOWNSHIP,Walnut township,Walnut township,Walnut township,Walnut township,599,556,544,474,403,327,0,0,0,0,0,0,599,556,544,474,403,327
,Kansas,20,200,Barton County,9,90,Wheatland township,77600,Wheatland Township,WHEATLAND TOWNSHIP,Wheatland township,Wheatland township,Wheatland township,Wheatland township,114,86,84,74,53,55,0,0,0,0,0,0,114,86,84,74,53,55
,Kansas,20,200,Bourbon County,11,110,Drywood township,18750,Drywood Township,DRYWOOD TOWNSHIP,Drywood township,Drywood township,Drywood township,Drywood township,388,406,399,394,409,366,0,0,0,0,0,0,388,406,399,394,409,366
,Kansas,20,200,Bourbon County,11,110,Fort Scott city,24000,Fort Scott City,FORT SCOTT CITY,Fort Scott city,Fort Scott city,Fort Scott city,Fort Scott city,8967,8893,8362,8297,8087,7552,8967,8893,8362,7798,7895,7414,0,0,0,499,192,138
,Kansas,20,200,Bourbon County,11,110,Franklin township,24300,Franklin Township,FRANKLIN TOWNSHIP,Franklin township,Franklin township,Franklin township,Franklin township,321,324,227,312,354,304,0,0,0,0,0,0,321,324,227,312,354,304
,Kansas,20,200,Bourbon County,11,110,Freedom township,24600,Freedom Township,FREEDOM TOWNSHIP,Freedom township,Freedom township,Freedom township,Freedom township,469,490,404,505,590,585,0,0,0,0,0,0,469,490,404,505,590,585
,Kansas,20,200,Bourbon County,11,110,Marion township,44650,Marion Township,MARION TOWNSHIP,Marion township,Marion township,Marion township,Marion township,1179,1301,1147,1165,1109,1110,0,0,0,0,0,0,1179,1301,1147,1165,1109,1110
,Kansas,20,200,Bourbon County,11,110,Marmaton township,44900,Marmaton Township,MARMATON TOWNSHIP,Marmaton township,Marmaton township,Marmaton township,Marmaton township,620,751,744,815,769,724,0,0,0,0,0,0,620,751,744,815,769,724
,Kansas,20,200,Bourbon County,11,110,Mill Creek township,46675,Mill Creek Township,MILL CREEK TOWNSHIP,Mill Creek township,Mill Creek township,Mill Creek township,Mill Creek township,412,528,480,472,523,488,0,0,0,0,0,0,412,528,480,472,523,488
,Kansas,20,200,Bourbon County,11,110,Osage township,53100,Osage Township,OSAGE TOWNSHIP,Osage township,Osage township,Osage township,Osage township,357,374,371,394,354,348,0,0,0,0,0,0,357,374,371,394,354,348
,Kansas,20,200,Bourbon County,11,110,Pawnee township,54775,Pawnee Township,PAWNEE TOWNSHIP,Pawnee township,Pawnee township,Pawnee township,Pawnee township,347,333,279,308,307,280,0,0,0,0,0,0,347,333,279,308,307,280
,Kansas,20,200,Bourbon County,11,110,Scott township,63500,Scott Township,SCOTT TOWNSHIP,Scott township,Scott township,Scott township,Scott township,1615,2090,2158,2326,2327,2219,0,0,0,15,0,25,1615,2090,2158,2311,2327,2194
,Kansas,20,200,Bourbon County,11,110,Timberhill township,70600,Timberhill Township,TIMBERHILL TOWNSHIP,Timberhill township,Timberhill township,Timberhill township,Timberhill township,302,302,242,256,217,263,0,0,0,0,0,0,302,302,242,256,217,263
,Kansas,20,200,Bourbon County,11,110,Walnut township,74850,Walnut Township,WALNUT TOWNSHIP,Walnut township,Walnut township,Walnut township,Walnut township,238,177,153,135,127,121,0,0,0,0,0,0,238,177,153,135,127,121
,Kansas,20,200,Brown County,13,130,Hamlin township,29725,Hamlin Township,HAMLIN TOWNSHIP,Hamlin township,Hamlin township,Hamlin township,Hamlin township,529,419,387,344,335,275,0,0,0,0,0,0,529,419,387,344,335,275
,Kansas,20,200,Brown County,13,130,Hiawatha city,31675,Hiawatha City,HIAWATHA CITY,Hiawatha city,Hiawatha city,Hiawatha city,Hiawatha city,3365,3702,3603,3417,3172,3280,3365,3702,3603,3377,3128,0,0,0,0,40,44,3280
,Kansas,20,200,Brown County,13,130,Hiawatha township,31700,Hiawatha Township,HIAWATHA TOWNSHIP,Hiawatha township,Hiawatha township,Hiawatha township,Hiawatha township,885,859,681,739,710,616,0,0,0,62,17,0,885,859,681,677,693,616
,Kansas,20,200,Brown County,13,130,Horton city,33200,Horton City,HORTON CITY,Horton city,Horton city,Horton city,Horton city,2177,2130,1885,1967,1776,1523,0,0,0,0,0,0,2177,2130,1885,1967,1776,1523
,Kansas,20,200,Brown County,13,130,Irving township,34500,Irving Township,IRVING TOWNSHIP,Irving township,Irving township,Irving township,Irving township,318,298,315,311,306,315,0,0,0,0,0,0,318,298,315,311,306,315
,Kansas,20,200,Brown County,13,130,Mission township,47200,Mission Township,MISSION TOWNSHIP,Mission township,Mission township,Mission township,Mission township,837,764,671,645,556,550,0,0,0,0,0,0,837,764,671,645,556,550
,Kansas,20,200,Brown County,13,130,Morrill township,48325,Morrill Township,MORRILL TOWNSHIP,Morrill township,Morrill township,Morrill township,Morrill township,640,647,587,503,479,491,0,0,0,0,0,0,640,647,587,503,479,491
,Kansas,20,200,Brown County,13,130,Padonia township,54025,Padonia Township,PADONIA TOWNSHIP,Padonia township,Padonia township,Padonia township,Padonia township,322,339,311,259,234,204,0,0,0,0,0,0,322,339,311,259,234,204
,Kansas,20,200,Brown County,13,130,Powhattan township,57375,Powhattan Township,POWHATTAN TOWNSHIP,Powhattan township,Powhattan township,Powhattan township,Powhattan township,690,875,913,874,888,849,0,0,0,0,0,0,690,875,913,874,888,849
,Kansas,20,200,Brown County,13,130,Robinson township,60350,Robinson Township,ROBINSON TOWNSHIP,Robinson township,Robinson township,Robinson township,Robinson township,581,589,532,452,422,363,0,0,0,0,0,0,581,589,532,452,422,363
,Kansas,20,200,Brown County,13,130,Sabetha city,62025,,SABETHA CITY,Sabetha city,Sabetha city,Sabetha city,Sabetha city,,4,6,7,7,11,,0,0,0,6,0,,4,6,7,1,11
,Kansas,20,200,Brown County,13,130,Walnut township,74875,Walnut Township,WALNUT TOWNSHIP,Walnut township,Walnut township,Walnut township,Walnut township,781,731,712,665,592,560,0,0,0,0,0,0,781,731,712,665,592,560
,Kansas,20,200,Brown County,13,130,Washington township,75525,Washington Township,WASHINGTON TOWNSHIP,Washington township,Washington township,Washington township,Washington township,560,598,525,541,507,471,0,0,0,0,0,0,560,598,525,541,507,471
,Kansas,20,200,Butler County,15,150,Augusta city,3300,Augusta City,AUGUSTA CITY,Augusta city,Augusta city,Augusta city,Augusta city,5977,6968,7876,8423,9274,9256,5977,6968,7876,8394,9265,9223,0,0,0,29,9,33
,Kansas,20,200,Butler County,15,150,Augusta township,3325,Augusta Township,AUGUSTA TOWNSHIP,Augusta township,Augusta township,Augusta township,Augusta township,1126,1074,1077,1405,1371,1242,0,0,0,155,85,8,1126,1074,1077,1250,1286,1234
,Kansas,20,200,Butler County,15,150,Benton township,6200,Benton Township,BENTON TOWNSHIP,Benton township,Benton township,Benton township,Benton township,963,1404,1747,2211,2278,2330,0,0,0,0,0,0,963,1404,1747,2211,2278,2330
,Kansas,20,200,Butler County,15,150,Bloomington township,7500,Bloomington Township,BLOOMINGTON TOWNSHIP,Bloomington township,Bloomington township,Bloomington township,Bloomington township,299,316,386,544,535,495,0,0,0,0,0,0,299,316,386,544,535,495
,Kansas,20,200,Butler County,15,150,Bruno township,8825,Bruno Township,BRUNO TOWNSHIP,Bruno township,Bruno township,Bruno township,Bruno township,3677,5394,7143,9744,14123,16821,0,2801,4047,7389,11492,14312,3677,2593,3096,2355,2631,2509
,Kansas,20,200,Butler County,15,150,Chelsea township,12750,Chelsea Township,CHELSEA TOWNSHIP,Chelsea township,Chelsea township,Chelsea township,Chelsea township,225,99,144,190,267,273,0,0,0,0,0,0,225,99,144,190,267,273
,Kansas,20,200,Butler County,15,150,Clay township,13575,Clay Township,CLAY TOWNSHIP,Clay township,Clay township,Clay township,Clay township,93,112,83,83,70,94,0,0,0,0,0,0,93,112,83,83,70,94
,Kansas,20,200,Butler County,15,150,Clifford township,14175,Clifford Township,CLIFFORD TOWNSHIP,Clifford township,Clifford township,Clifford township,Clifford township,277,260,255,259,276,253,0,0,0,0,0,0,277,260,255,259,276,253
,Kansas,20,200,Butler County,15,150,Douglass township,18425,Douglass Township,DOUGLASS TOWNSHIP,Douglass township,Douglass township,Douglass township,Douglass township,1413,1834,2116,2306,2171,2019,0,0,0,0,0,0,1413,1834,2116,2306,2171,2019
,Kansas,20,200,Butler County,15,150,El Dorado city,20075,El Dorado City,EL DORADO CITY,El Dorado city,El Dorado city,El Dorado city,El Dorado city,12308,10510,11504,12057,13021,12870,12308,10510,11504,11998,12941,12708,0,0,0,59,80,162
,Kansas,20,200,Butler County,15,150,El Dorado township,20100,El Dorado Township,EL DORADO TOWNSHIP,El Dorado township,El Dorado township,El Dorado township,El Dorado township,1268,2456,1347,1700,1039,874,0,0,0,561,204,66,1268,2456,1347,1139,835,808
,Kansas,20,200,Butler County,15,150,Fairmount township,22275,Fairmount Township,FAIRMOUNT TOWNSHIP,Fairmount township,Fairmount township,Fairmount township,Fairmount township,385,464,422,511,489,474,0,0,0,0,0,0,385,464,422,511,489,474
,Kansas,20,200,Butler County,15,150,Fairview township,22450,Fairview Township,FAIRVIEW TOWNSHIP,Fairview township,Fairview township,Fairview township,Fairview township,269,384,437,491,519,470,0,0,0,0,0,0,269,384,437,491,519,470
,Kansas,20,200,Butler County,15,150,Glencoe township,26400,Glencoe Township,GLENCOE TOWNSHIP,Glencoe township,Glencoe township,Glencoe township,Glencoe township,248,254,230,239,202,180,0,0,0,0,0,0,248,254,230,239,202,180
,Kansas,20,200,Butler County,15,150,Hickory township,31750,Hickory Township,HICKORY TOWNSHIP,Hickory township,Hickory township,Hickory township,Hickory township,137,101,85,90,74,96,0,0,0,0,0,0,137,101,85,90,74,96
,Kansas,20,200,Butler County,15,150,Lincoln township,40500,Lincoln Township,LINCOLN TOWNSHIP,Lincoln township,Lincoln township,Lincoln township,Lincoln township,261,273,275,317,310,288,0,0,0,0,0,0,261,273,275,317,310,288
,Kansas,20,200,Butler County,15,150,Little Walnut township,41625,Little Walnut Township,LITTLE WALNUT TOWNSHIP,Little Walnut township,Little Walnut township,Little Walnut township,Little Walnut township,650,880,968,1002,1044,939,0,0,0,0,0,0,650,880,968,1002,1044,939
,Kansas,20,200,Butler County,15,150,Logan township,41775,Logan Township,LOGAN TOWNSHIP,Logan township,Logan township,Logan township,Logan township,119,96,144,154,122,120,0,0,0,0,0,0,119,96,144,154,122,120
,Kansas,20,200,Butler County,15,150,Milton township,46875,Milton Township,MILTON TOWNSHIP,Milton township,Milton township,Milton township,Milton township,884,1093,1100,1136,1153,1040,0,0,0,0,0,0,884,1093,1100,1136,1153,1040
,Kansas,20,200,Butler County,15,150,Murdock township,49225,Murdock Township,MURDOCK TOWNSHIP,Murdock township,Murdock township,Murdock township,Murdock township,234,276,376,378,402,459,0,0,0,0,0,0,234,276,376,378,402,459
,Kansas,20,200,Butler County,15,150,Pleasant township,56200,Pleasant Township,PLEASANT TOWNSHIP,Pleasant township,Pleasant township,Pleasant township,Pleasant township,1307,2938,4058,4649,5122,5342,0,0,0,2084,2208,0,1307,2938,4058,2565,2914,5342
,Kansas,20,200,Butler County,15,150,Plum Grove township,56850,Plum Grove Township,PLUM GROVE TOWNSHIP,Plum Grove township,Plum Grove township,Plum Grove township,Plum Grove township,692,763,645,661,660,591,0,0,0,0,0,0,692,763,645,661,660,591
,Kansas,20,200,Butler County,15,150,Prospect township,57775,Prospect Township,PROSPECT TOWNSHIP,Prospect township,Prospect township,Prospect township,Prospect township,867,986,1117,2033,2429,2262,0,0,0,1230,1579,0,867,986,1117,803,850,2262
,Kansas,20,200,Butler County,15,150,Richland township,59250,Richland Township,RICHLAND TOWNSHIP,Richland township,Richland township,Richland township,Richland township,833,963,1540,2399,2568,2562,0,0,0,1329,1442,0,833,963,1540,1070,1126,2562
,Kansas,20,200,Butler County,15,150,Rock Creek township,60475,Rock Creek Township,ROCK CREEK TOWNSHIP,Rock Creek township,Rock Creek township,Rock Creek township,Rock Creek township,218,228,272,299,325,269,0,0,0,0,0,0,218,228,272,299,325,269
,Kansas,20,200,Butler County,15,150,Rosalia township,61125,Rosalia Township,ROSALIA TOWNSHIP,Rosalia township,Rosalia township,Rosalia township,Rosalia township,422,525,545,589,631,554,0,0,0,0,0,0,422,525,545,589,631,554
,Kansas,20,200,Butler County,15,150,Spring township,67275,Spring Township,SPRING TOWNSHIP,Spring township,Spring township,Spring township,Spring township,922,1055,1374,1566,1487,1432,0,0,0,0,0,0,922,1055,1374,1566,1487,1432
,Kansas,20,200,Butler County,15,150,Sycamore township,69700,Sycamore Township,SYCAMORE TOWNSHIP,Sycamore township,Sycamore township,Sycamore township,Sycamore township,342,330,351,333,343,315,0,0,0,0,0,0,342,330,351,333,343,315
,Kansas,20,200,Butler County,15,150,Towanda township,71150,Towanda Township,TOWANDA TOWNSHIP,Towanda township,Towanda township,Towanda township,Towanda township,1669,2040,2160,2727,2668,2651,0,0,0,0,0,0,1669,2040,2160,2727,2668,2651
,Kansas,20,200,Butler County,15,150,Union township,72050,Union Township,UNION TOWNSHIP,Union township,Union township,Union township,Union township,220,205,210,226,184,133,0,0,0,0,0,0,220,205,210,226,184,133
,Kansas,20,200,Butler County,15,150,Walnut township,74900,Walnut Township,WALNUT TOWNSHIP,Walnut township,Walnut township,Walnut township,Walnut township,353,501,593,760,723,676,0,0,0,0,0,0,353,501,593,760,723,676
,Kansas,20,200,Chase County,17,170,Bazaar township,4700,Bazaar Township,BAZAAR TOWNSHIP,Bazaar township,Bazaar township,Bazaar township,Bazaar township,137,95,93,81,93,111,0,0,0,0,0,0,137,95,93,81,93,111
,Kansas,20,200,Chase County,17,170,Cedar township,11225,Cedar Township,CEDAR TOWNSHIP,Cedar township,Cedar township,Cedar township,Cedar township,158,167,113,116,93,59,0,0,0,0,0,0,158,167,113,116,93,59
,Kansas,20,200,Chase County,17,170,Cottonwood township,15875,Cottonwood Township,COTTONWOOD TOWNSHIP,Cottonwood township,Cottonwood township,Cottonwood township,Cottonwood township,251,235,200,184,139,159,0,0,0,0,0,0,251,235,200,184,139,159
,Kansas,20,200,Chase County,17,170,Diamond Creek township,17975,Diamond Creek Township,DIAMOND CREEK TOWNSHIP,Diamond Creek township,Diamond Creek township,Diamond Creek township,Diamond Creek township,314,311,277,237,241,225,0,0,0,0,0,0,314,311,277,237,241,225
,Kansas,20,200,Chase County,17,170,Falls township,22850,Falls Township,FALLS TOWNSHIP,Falls township,Falls township,Falls township,Falls township,1213,1125,1081,1163,1126,1053,0,0,0,0,0,0,1213,1125,1081,1163,1126,1053
,Kansas,20,200,Chase County,17,170,Homestead township,32950,Homestead Township,HOMESTEAD TOWNSHIP,Homestead township,Homestead township,Homestead township,Homestead township,117,108,65,52,45,40,0,0,0,0,0,0,117,108,65,52,45,40
,Kansas,20,200,Chase County,17,170,Matfield township,45125,Matfield Township,MATFIELD TOWNSHIP,Matfield township,Matfield township,Matfield township,Matfield township,226,175,143,155,119,126,0,0,0,0,0,0,226,175,143,155,119,126
,Kansas,20,200,Chase County,17,170,Strong township,68600,Strong Township,STRONG TOWNSHIP,Strong township,Strong township,Strong township,Strong township,680,797,774,740,634,507,0,0,0,0,0,0,680,797,774,740,634,507
,Kansas,20,200,Chase County,17,170,Toledo township,70775,Toledo Township,TOLEDO TOWNSHIP,Toledo township,Toledo township,Toledo township,Toledo township,312,296,275,302,300,292,0,0,0,0,0,0,312,296,275,302,300,292
,Kansas,20,200,Chautauqua County,19,190,Belleville township,5575,Belleville Township,BELLEVILLE TOWNSHIP,Belleville township,Belleville township,Belleville township,Belleville township,718,810,689,675,569,458,0,0,0,0,0,0,718,810,689,675,569,458
,Kansas,20,200,Chautauqua County,19,190,Caneyville township,10425,Caneyville Township,CANEYVILLE TOWNSHIP,Caneyville township,Caneyville township,Caneyville township,Caneyville township,89,88,80,88,76,89,0,0,0,0,0,0,89,88,80,88,76,89
,Kansas,20,200,Chautauqua County,19,190,Center township,11575,Center Township,CENTER TOWNSHIP,Center township,Center township,Center township,Center township,132,105,104,75,63,81,0,0,0,0,0,0,132,105,104,75,63,81
,Kansas,20,200,Chautauqua County,19,190,Harrison township,30275,Harrison Township,HARRISON TOWNSHIP,Harrison township,Harrison township,Harrison township,Harrison township,152,158,124,114,71,70,0,0,0,0,0,0,152,158,124,114,71,70
,Kansas,20,200,Chautauqua County,19,190,Hendricks township,31300,Hendricks Township,HENDRICKS TOWNSHIP,Hendricks township,Hendricks township,Hendricks township,Hendricks township,193,241,179,179,143,108,0,0,0,0,0,0,193,241,179,179,143,108
,Kansas,20,200,Chautauqua County,19,190,Jefferson township,35125,Jefferson Township,JEFFERSON TOWNSHIP,Jefferson township,Jefferson township,Jefferson township,Jefferson township,816,955,875,834,686,568,0,0,0,0,0,0,816,955,875,834,686,568
,Kansas,20,200,Chautauqua County,19,190,Lafayette township,37650,Lafayette Township,LAFAYETTE TOWNSHIP,Lafayette township,Lafayette township,Lafayette township,Lafayette township,65,86,72,65,29,27,0,0,0,0,0,0,65,86,72,65,29,27
,Kansas,20,200,Chautauqua County,19,190,Little Caney township,41525,Little Caney Township,LITTLE CANEY TOWNSHIP,Little Caney township,Little Caney township,Little Caney township,Little Caney township,250,298,265,353,329,330,0,0,0,0,0,0,250,298,265,353,329,330
,Kansas,20,200,Chautauqua County,19,190,Salt Creek township,62775,Salt Creek Township,SALT CREEK TOWNSHIP,Salt Creek township,Salt Creek township,Salt Creek township,Salt Creek township,132,139,109,123,105,118,0,0,0,0,0,0,132,139,109,123,105,118
,Kansas,20,200,Chautauqua County,19,190,Sedan township,63775,Sedan Township,SEDAN TOWNSHIP,Sedan township,Sedan township,Sedan township,Sedan township,1859,1878,1676,1660,1435,1367,0,0,0,0,0,0,1859,1878,1676,1660,1435,1367
,Kansas,20,200,Chautauqua County,19,190,Summit township,69025,Summit Township,SUMMIT TOWNSHIP,Summit township,Summit township,Summit township,Summit township,122,126,107,106,78,92,0,0,0,0,0,0,122,126,107,106,78,92
,Kansas,20,200,Chautauqua County,19,190,Washington township,75550,Washington Township,WASHINGTON TOWNSHIP,Washington township,Washington township,Washington township,Washington township,114,132,127,87,85,71,0,0,0,0,0,0,114,132,127,87,85,71
,Kansas,20,200,Cherokee County,21,210,Baxter Springs city,4625,Baxter Springs City,BAXTER SPRINGS CITY,Baxter Springs city,Baxter Springs city,Baxter Springs city,Baxter Springs city,4489,4773,4351,4602,4238,3888,4489,4773,4351,4561,4171,0,0,0,0,41,67,3888
,Kansas,20,200,Cherokee County,21,210,Cherokee township,12800,Cherokee Township,CHEROKEE TOWNSHIP,Cherokee township,Cherokee township,Cherokee township,Cherokee township,357,374,342,336,331,320,0,0,0,0,0,0,357,374,342,336,331,320
,Kansas,20,200,Cherokee County,21,210,Columbus city,15075,Columbus City,COLUMBUS CITY,Columbus city,Columbus city,Columbus city,Columbus city,3356,3426,3268,3396,3312,2929,3356,3426,3268,3319,3210,0,0,0,0,77,102,2929
,Kansas,20,200,Cherokee County,21,210,Crawford township,16225,Crawford Township,CRAWFORD TOWNSHIP,Crawford township,Crawford township,Crawford township,Crawford township,498,559,550,646,636,579,0,0,0,0,0,0,498,559,550,646,636,579
,Kansas,20,200,Cherokee County,21,210,Galena city,25100,Galena City,GALENA CITY,Galena city,Galena city,Galena city,Galena city,3712,3587,3308,3287,3085,2761,3712,3587,3308,2757,2504,0,0,0,0,530,581,2761
,Kansas,20,200,Cherokee County,21,210,Garden township,25250,Garden Township,GARDEN TOWNSHIP,Garden township,Garden township,Garden township,Garden township,1973,2470,2703,3039,3045,2731,0,0,0,214,1028,0,1973,2470,2703,2825,2017,2731
,Kansas,20,200,Cherokee County,21,210,Lola township,42350,Lola Township,LOLA TOWNSHIP,Lola township,Lola township,Lola township,Lola township,422,390,357,382,344,288,0,0,0,0,0,0,422,390,357,382,344,288
,Kansas,20,200,Cherokee County,21,210,Lowell township,43075,Lowell Township,LOWELL TOWNSHIP,Lowell township,Lowell township,Lowell township,Lowell township,379,547,564,672,675,663,0,0,0,0,0,0,379,547,564,672,675,663
,Kansas,20,200,Cherokee County,21,210,Lyon township,43400,Lyon Township,LYON TOWNSHIP,Lyon township,Lyon township,Lyon township,Lyon township,622,669,527,528,562,328,0,0,0,0,0,0,622,669,527,528,562,328
,Kansas,20,200,Cherokee County,21,210,Mineral township,47000,Mineral Township,MINERAL TOWNSHIP,Mineral township,Mineral township,Mineral township,Mineral township,318,291,239,254,216,203,0,0,0,0,0,0,318,291,239,254,216,203
,Kansas,20,200,Cherokee County,21,210,Neosho township,49725,Neosho Township,NEOSHO TOWNSHIP,Neosho township,Neosho township,Neosho township,Neosho township,340,349,281,306,279,225,0,0,0,0,0,0,340,349,281,306,279,225
,Kansas,20,200,Cherokee County,21,210,Oswego city,53450,,,,,,Oswego city,,,,,,0,,,,,,0,,,,,,0
,Kansas,20,200,Cherokee County,21,210,Pleasant View township,56675,Pleasant View Township,PLEASANT VIEW TOWNSHIP,Pleasant View township,Pleasant View township,Pleasant View township,Pleasant View township,546,576,508,658,627,585,0,0,0,0,0,0,546,576,508,658,627,585
,Kansas,20,200,Cherokee County,21,210,Ross township,61350,Ross Township,ROSS TOWNSHIP,Ross township,Ross township,Ross township,Ross township,997,921,847,893,782,650,0,0,0,0,0,0,997,921,847,893,782,650
,Kansas,20,200,Cherokee County,21,210,Salamanca township,62575,Salamanca Township,SALAMANCA TOWNSHIP,Salamanca township,Salamanca township,Salamanca township,Salamanca township,597,559,575,569,505,493,0,0,0,111,62,0,597,559,575,458,443,493
,Kansas,20,200,Cherokee County,21,210,Scammon city,63325,Scammon City,SCAMMON CITY,Scammon city,Scammon city,Scammon city,Scammon city,457,501,466,496,482,376,0,0,0,0,0,0,457,501,466,496,482,376
,Kansas,20,200,Cherokee County,21,210,Shawnee township,64475,Shawnee Township,SHAWNEE TOWNSHIP,Shawnee township,Shawnee township,Shawnee township,Shawnee township,456,480,478,505,461,545,0,0,0,0,0,0,456,480,478,505,461,545
,Kansas,20,200,Cherokee County,21,210,Sheridan township,64625,Sheridan Township,SHERIDAN TOWNSHIP,Sheridan township,Sheridan township,Sheridan township,Sheridan township,334,302,246,249,231,201,0,0,0,0,0,0,334,302,246,249,231,201
,Kansas,20,200,Cherokee County,21,210,Spring Valley township,67725,Spring Valley Township,SPRING VALLEY TOWNSHIP,Spring Valley township,Spring Valley township,Spring Valley township,Spring Valley township,956,825,1034,1007,1106,1028,0,0,0,39,29,0,956,825,1034,968,1077,1028
,Kansas,20,200,Cherokee County,21,210,Weir city,76350,Weir City,WEIR CITY,Weir city,Weir city,Weir city,Weir city,740,705,730,780,686,569,0,0,0,0,0,0,740,705,730,780,686,569
,Kansas,20,200,Cheyenne County,23,230,Alexander Township,5,Alexander Township,,,,,,121,,,,,,0,,,,,,121,,,,,
,Kansas,20,200,Cheyenne County,23,230,Beaver Township,10,Beaver Township,,,,,,105,,,,,,0,,,,,,105,,,,,
,Kansas,20,200,Cheyenne County,23,230,Benkelman township,6025,Benkelman Township,BENKELMAN TOWNSHIP,Benkelman township,Benkelman township,Benkelman township,Benkelman township,72,77,55,57,28,42,0,0,0,0,0,0,72,77,55,57,28,42
,Kansas,20,200,Cheyenne County,23,230,Bird City township,6850,Bird City Township,BIRD CITY TOWNSHIP,Bird City township,Bird City township,Bird City township,Bird City township,747,947,794,771,687,655,0,0,0,0,0,0,747,947,794,771,687,655
,Kansas,20,200,Cheyenne County,23,230,Calhoun township,9950,Calhoun Township,CALHOUN TOWNSHIP,Calhoun township,Calhoun township,Calhoun township,Calhoun township,120,88,61,57,36,41,0,0,0,0,0,0,120,88,61,57,36,41
,Kansas,20,200,Cheyenne County,23,230,Cherry Creek township,12900,Cherry Creek Township,CHERRY CREEK TOWNSHIP,Cherry Creek township,,,,130,114,117,,,,0,0,0,,,,130,114,117,,,
,Kansas,20,200,Cheyenne County,23,230,Cleveland Run township,14150,Cleveland Run Township,CLEVELAND RUN TOWNSHIP,Cleveland Run township,Cleveland Run township,Cleveland Run township,Cleveland Run township,103,82,80,67,54,68,0,0,0,0,0,0,103,82,80,67,54,68
,Kansas,20,200,Cheyenne County,23,230,Dent Township,40,Dent Township,,,,,,124,,,,,,0,,,,,,124,,,,,
,Kansas,20,200,Cheyenne County,23,230,Eureka Township,45,Eureka Township,,,,,,114,,,,,,0,,,,,,114,,,,,
,Kansas,20,200,Cheyenne County,23,230,Evergreen Township,50,Evergreen Township,,,,,,40,,,,,,0,,,,,,40,,,,,
,Kansas,20,200,Cheyenne County,23,230,Jaqua township,35025,Jaqua Township,JAQUA TOWNSHIP,Jaqua township,Jaqua township,Jaqua township,Jaqua township,88,75,60,46,33,35,0,0,0,0,0,0,88,75,60,46,33,35
,Kansas,20,200,Cheyenne County,23,230,Jefferson Township,60,Jefferson Township,,,,,,62,,,,,,0,,,,,,62,,,,,
,Kansas,20,200,Cheyenne County,23,230,Lawn Ridge Township,65,Lawn Ridge Township,,,,,,118,,,,,,0,,,,,,118,,,,,
,Kansas,20,200,Cheyenne County,23,230,Nutty Combe Township,70,Nutty Combe Township,,,,,,63,,,,,,0,,,,,,63,,,,,
,Kansas,20,200,Cheyenne County,23,230,Orlando township,53050,Orlando Township,ORLANDO TOWNSHIP,Orlando township,Orlando township,Orlando township,Orlando township,105,91,66,63,49,44,0,0,0,0,0,0,105,91,66,63,49,44
,Kansas,20,200,Cheyenne County,23,230,Porter Township,80,Porter Township,,,,,,145,,,,,,0,,,,,,145,,,,,
,Kansas,20,200,Cheyenne County,23,230,Wano township,75375,Wano Township,WANO TOWNSHIP,Wano township,Wano township,Wano township,Wano township,1999,2204,2010,2104,1839,1731,0,0,0,0,0,0,1999,2204,2010,2104,1839,1731
,Kansas,20,200,Clark County,25,250,Appleton township,2100,Appleton Township,APPLETON TOWNSHIP,Appleton township,Appleton township,Appleton township,Appleton township,822,908,875,921,940,912,0,0,0,0,0,0,822,908,875,921,940,912
,Kansas,20,200,Clark County,25,250,Brown Township,10,Brown Township,,,,,,80,,,,,,0,,,,,,80,,,,,
,Kansas,20,200,Clark County,25,250,Center township,11600,Center Township,CENTER TOWNSHIP,Center township,Center township,Center township,Center township,1451,1238,1146,1097,974,867,0,0,0,0,0,0,1451,1238,1146,1097,974,867
,Kansas,20,200,Clark County,25,250,Englewood township,21375,Englewood Township,ENGLEWOOD TOWNSHIP,Englewood township,Englewood township,Englewood township,Englewood township,195,197,148,171,125,110,0,0,0,0,0,0,195,197,148,171,125,110
,Kansas,20,200,Clark County,25,250,Lexington township,39775,Lexington Township,LEXINGTON TOWNSHIP,Lexington township,Lexington township,Lexington township,Lexington township,74,84,63,83,78,38,0,0,0,0,0,0,74,84,63,83,78,38
,Kansas,20,200,Clark County,25,250,Liberty township,39900,Liberty Township,LIBERTY TOWNSHIP,Liberty township,Liberty township,Liberty township,Liberty township,40,42,61,32,35,13,0,0,0,0,0,0,40,42,61,32,35,13
,Kansas,20,200,Clark County,25,250,Sitka township,65725,Sitka Township,SITKA TOWNSHIP,Sitka township,Sitka township,Sitka township,Sitka township,161,130,125,86,63,51,0,0,0,0,0,0,161,130,125,86,63,51
,Kansas,20,200,Clark County,25,250,Vesta Township,50,Vesta Township,,,,,,73,,,,,,0,,,,,,73,,,,,
,Kansas,20,200,Clay County,27,270,Athelstane township,2950,Athelstane Township,ATHELSTANE TOWNSHIP,Athelstane township,Athelstane township,Athelstane township,Athelstane township,208,194,158,144,119,106,0,0,0,0,0,0,208,194,158,144,119,106
,Kansas,20,200,Clay County,27,270,Blaine township,7050,Blaine Township,BLAINE TOWNSHIP,Blaine township,Blaine township,Blaine township,Blaine township,249,293,298,259,239,214,0,0,0,0,0,0,249,293,298,259,239,214
,Kansas,20,200,Clay County,27,270,Bloom township,7325,Bloom Township,BLOOM TOWNSHIP,Bloom township,Bloom township,Bloom township,Bloom township,163,122,98,125,113,161,0,0,0,0,0,0,163,122,98,125,113,161
,Kansas,20,200,Clay County,27,270,Chapman township,12525,Chapman Township,CHAPMAN TOWNSHIP,Chapman township,Chapman township,Chapman township,Chapman township,275,264,188,202,191,175,0,0,0,0,0,0,275,264,188,202,191,175
,Kansas,20,200,Clay County,27,270,Clay Center city,13625,Clay Center City,CLAY CENTER CITY,Clay Center city,Clay Center city,Clay Center city,Clay Center city,4963,4948,4613,4564,4334,4199,4963,4948,4613,4522,4305,4131,0,0,0,42,29,68
,Kansas,20,200,Clay County,27,270,Clay Center township,13650,Clay Center Township,CLAY CENTER TOWNSHIP,Clay Center township,Clay Center township,Clay Center township,Clay Center township,386,383,398,368,390,384,0,0,0,2,2,0,386,383,398,366,388,384
,Kansas,20,200,Clay County,27,270,Exeter township,22100,Exeter Township,EXETER TOWNSHIP,Exeter township,Exeter township,Exeter township,Exeter township,128,115,94,81,76,60,0,0,0,0,0,0,128,115,94,81,76,60
,Kansas,20,200,Clay County,27,270,Five Creeks township,23475,Five Creeks Township,FIVE CREEKS TOWNSHIP,Five Creeks township,Five Creeks township,Five Creeks township,Five Creeks township,183,171,160,159,123,118,0,0,0,0,0,0,183,171,160,159,123,118
,Kansas,20,200,Clay County,27,270,Garfield township,25500,Garfield Township,GARFIELD TOWNSHIP,Garfield township,Garfield township,Garfield township,Garfield township,209,159,134,107,117,91,0,0,0,0,0,0,209,159,134,107,117,91
,Kansas,20,200,Clay County,27,270,Gill township,26250,Gill Township,GILL TOWNSHIP,Gill township,Gill township,Gill township,Gill township,167,150,161,140,128,146,0,0,0,0,0,0,167,150,161,140,128,146
,Kansas,20,200,Clay County,27,270,Goshen township,27025,Goshen Township,GOSHEN TOWNSHIP,Goshen township,Goshen township,Goshen township,Goshen township,145,110,80,92,60,41,0,0,0,0,0,0,145,110,80,92,60,41
,Kansas,20,200,Clay County,27,270,Grant township,27500,Grant Township,GRANT TOWNSHIP,Grant township,Grant township,Grant township,Grant township,134,144,116,132,146,171,0,0,0,0,0,0,134,144,116,132,146,171
,Kansas,20,200,Clay County,27,270,Hayes township,30875,Hayes Township,HAYES TOWNSHIP,Hayes township,Hayes township,Hayes township,Hayes township,233,221,261,206,222,184,0,0,0,2,0,0,233,221,261,204,222,184
,Kansas,20,200,Clay County,27,270,Highland township,31825,Highland Township,HIGHLAND TOWNSHIP,Highland township,Highland township,Highland township,Highland township,361,376,340,310,278,254,0,0,0,0,0,0,361,376,340,310,278,254
,Kansas,20,200,Clay County,27,270,Mulberry township,49000,Mulberry Township,MULBERRY TOWNSHIP,Mulberry township,Mulberry township,Mulberry township,Mulberry township,576,501,402,331,331,278,0,0,0,0,0,0,576,501,402,331,331,278
,Kansas,20,200,Clay County,27,270,Oakland township,51725,Oakland Township,OAKLAND TOWNSHIP,Oakland township,Oakland township,Oakland township,Oakland township,148,108,96,110,95,104,0,0,0,0,0,0,148,108,96,110,95,104
,Kansas,20,200,Clay County,27,270,Republican township,59025,Republican Township,REPUBLICAN TOWNSHIP,Republican township,Republican township,Republican township,Republican township,745,971,1055,1024,1142,1068,0,0,0,0,0,0,745,971,1055,1024,1142,1068
,Kansas,20,200,Clay County,27,270,Sherman township,64850,Sherman Township,SHERMAN TOWNSHIP,Sherman township,Sherman township,Sherman township,Sherman township,436,394,347,328,275,235,0,0,0,0,0,0,436,394,347,328,275,235
,Kansas,20,200,Clay County,27,270,Union township,72075,Union Township,UNION TOWNSHIP,Union township,Union township,Union township,Union township,181,178,159,140,156,128,0,0,0,0,0,0,181,178,159,140,156,128
,Kansas,20,200,Cloud County,29,290,Arion township,2275,Arion Township,ARION TOWNSHIP,Arion township,Arion township,Arion township,Arion township,166,137,107,105,100,112,0,0,0,0,0,0,166,137,107,105,100,112
,Kansas,20,200,Cloud County,29,290,Aurora township,3450,Aurora Township,AURORA TOWNSHIP,Aurora township,Aurora township,Aurora township,Aurora township,280,230,195,169,120,133,0,0,0,0,0,0,280,230,195,169,120,133
,Kansas,20,200,Cloud County,29,290,Buffalo township,9100,Buffalo Township,BUFFALO TOWNSHIP,Buffalo township,Buffalo township,Buffalo township,Buffalo township,200,152,159,119,112,93,0,0,0,0,0,0,200,152,159,119,112,93
,Kansas,20,200,Cloud County,29,290,Center township,11625,Center Township,CENTER TOWNSHIP,Center township,Center township,Center township,Center township,202,196,218,172,187,182,0,0,0,0,0,0,202,196,218,172,187,182
,Kansas,20,200,Cloud County,29,290,Colfax township,14775,Colfax Township,COLFAX TOWNSHIP,Colfax township,Colfax township,Colfax township,Colfax township,119,95,69,49,37,55,0,0,0,0,0,0,119,95,69,49,37,55
,Kansas,20,200,Cloud County,29,290,Concordia city,15200,Concordia City,CONCORDIA CITY,Concordia city,Concordia city,Concordia city,Concordia city,7221,6847,6167,5714,5395,5111,7221,6847,6167,5621,5332,5031,0,0,0,93,63,80
,Kansas,20,200,Cloud County,29,290,Elk township,20150,Elk Township,ELK TOWNSHIP,Elk township,Elk township,Elk township,Elk township,1102,1055,906,845,817,785,0,0,0,0,0,0,1102,1055,906,845,817,785
,Kansas,20,200,Cloud County,29,290,Grant township,27525,Grant Township,GRANT TOWNSHIP,Grant township,Grant township,Grant township,Grant township,604,551,430,479,350,324,0,0,0,0,0,0,604,551,430,479,350,324
,Kansas,20,200,Cloud County,29,290,Lawrence township,38875,Lawrence Township,LAWRENCE TOWNSHIP,Lawrence township,Lawrence township,Lawrence township,Lawrence township,202,230,169,146,118,128,0,0,0,0,0,0,202,230,169,146,118,128
,Kansas,20,200,Cloud County,29,290,Lincoln township,40525,Lincoln Township,LINCOLN TOWNSHIP,Lincoln township,Lincoln township,Lincoln township,Lincoln township,286,356,421,378,359,363,0,0,0,25,8,0,286,356,421,353,351,363
,Kansas,20,200,Cloud County,29,290,Lyon township,43425,Lyon Township,LYON TOWNSHIP,Lyon township,Lyon township,Lyon township,Lyon township,180,148,126,103,122,84,0,0,0,0,0,0,180,148,126,103,122,84
,Kansas,20,200,Cloud County,29,290,Meredith township,45925,Meredith Township,MEREDITH TOWNSHIP,Meredith township,Meredith township,Meredith township,Meredith township,116,104,85,77,75,73,0,0,0,0,0,0,116,104,85,77,75,73
,Kansas,20,200,Cloud County,29,290,Nelson township,49600,Nelson Township,NELSON TOWNSHIP,Nelson township,Nelson township,Nelson township,Nelson township,193,172,161,137,109,106,0,0,0,0,0,0,193,172,161,137,109,106
,Kansas,20,200,Cloud County,29,290,Oakland township,51750,Oakland Township,OAKLAND TOWNSHIP,Oakland township,Oakland township,Oakland township,Oakland township,85,70,57,52,37,36,0,0,0,0,0,0,85,70,57,52,37,36
,Kansas,20,200,Cloud County,29,290,Shirley township,65375,Shirley Township,SHIRLEY TOWNSHIP,Shirley township,Shirley township,Shirley township,Shirley township,274,226,189,178,147,150,0,0,0,0,0,0,274,226,189,178,147,150
,Kansas,20,200,Cloud County,29,290,Sibley township,65425,Sibley Township,SIBLEY TOWNSHIP,Sibley township,Sibley township,Sibley township,Sibley township,212,239,205,178,184,149,0,0,0,0,0,0,212,239,205,178,184,149
,Kansas,20,200,Cloud County,29,290,Solomon township,66250,Solomon Township,SOLOMON TOWNSHIP,Solomon township,Solomon township,Solomon township,Solomon township,963,855,663,664,591,547,0,0,0,0,0,0,963,855,663,664,591,547
,Kansas,20,200,Cloud County,29,290,Starr township,68050,Starr Township,STARR TOWNSHIP,Starr township,Starr township,Starr township,Starr township,948,757,620,653,624,550,0,0,0,0,0,0,948,757,620,653,624,550
,Kansas,20,200,Cloud County,29,290,Summit township,69050,Summit Township,SUMMIT TOWNSHIP,Summit township,Summit township,Summit township,Summit township,113,74,76,50,49,51,0,0,0,0,0,0,113,74,76,50,49,51
,Kansas,20,200,Coffey County,31,310,Avon township,3550,Avon Township,AVON TOWNSHIP,Avon township,Avon township,Avon township,Avon township,268,275,185,183,180,161,0,0,0,0,0,0,268,275,185,183,180,161
,Kansas,20,200,Coffey County,31,310,Burlington city,9400,Burlington City,BURLINGTON CITY,Burlington city,Burlington city,Burlington city,Burlington city,2099,2901,2735,2790,2674,2634,0,2901,2735,2704,2502,0,2099,0,0,86,172,2634
,Kansas,20,200,Coffey County,31,310,Burlington township,9425,Burlington Township,BURLINGTON TOWNSHIP,Burlington township,Burlington township,Burlington township,Burlington township,317,363,313,300,341,383,0,0,0,0,1,0,317,363,313,300,340,383
,Kansas,20,200,Coffey County,31,310,California Township,20,California Township,,,,,,55,,,,,,0,,,,,,55,,,,,
,Kansas,20,200,Coffey County,31,310,Hampden township,29775,Hampden Township,HAMPDEN TOWNSHIP,Hampden township,Hampden township,Hampden township,Hampden township,138,105,82,114,128,145,0,0,0,0,0,0,138,105,82,114,128,145
,Kansas,20,200,Coffey County,31,310,Key West township,36650,Key West Township,KEY WEST TOWNSHIP,Key West township,Key West township,Key West township,Key West township,223,225,198,237,242,263,0,0,0,0,0,0,223,225,198,237,242,263
,Kansas,20,200,Coffey County,31,310,LeRoy township,39675,Le Roy Township,LE ROY TOWNSHIP,Le Roy township,Le Roy township,LeRoy township,LeRoy township,649,792,648,669,669,553,0,0,0,0,0,0,649,792,648,669,669,553
,Kansas,20,200,Coffey County,31,310,Liberty township,39925,Liberty Township,LIBERTY TOWNSHIP,Liberty township,Liberty township,Liberty township,Liberty township,704,723,638,634,555,550,0,0,0,0,0,0,704,723,638,634,555,550
,Kansas,20,200,Coffey County,31,310,Lincoln township,40550,Lincoln Township,LINCOLN TOWNSHIP,Lincoln township,Lincoln township,Lincoln township,Lincoln township,827,1205,1134,1268,1281,1227,0,0,0,0,0,0,827,1205,1134,1268,1281,1227
,Kansas,20,200,Coffey County,31,310,Neosho township,49750,Neosho Township,NEOSHO TOWNSHIP,Neosho township,Neosho township,Neosho township,Neosho township,188,173,144,140,131,109,0,0,0,0,0,0,188,173,144,140,131,109
,Kansas,20,200,Coffey County,31,310,Ottumwa township,53700,Ottumwa Township,OTTUMWA TOWNSHIP,Ottumwa township,Ottumwa township,Ottumwa township,Ottumwa township,288,742,676,740,716,716,0,0,0,0,0,0,288,742,676,740,716,716
,Kansas,20,200,Coffey County,31,310,Pleasant township,56225,Pleasant Township,PLEASANT TOWNSHIP,Pleasant township,Pleasant township,Pleasant township,Pleasant township,184,270,238,272,254,256,0,0,0,0,0,0,184,270,238,272,254,256
,Kansas,20,200,Coffey County,31,310,Pottawatomie township,57200,Pottawatomie Township,POTTAWATOMIE TOWNSHIP,Pottawatomie township,Pottawatomie township,Pottawatomie township,Pottawatomie township,288,239,212,217,205,179,0,0,0,0,0,0,288,239,212,217,205,179
,Kansas,20,200,Coffey County,31,310,Rock Creek township,60500,Rock Creek Township,ROCK CREEK TOWNSHIP,Rock Creek township,Rock Creek township,Rock Creek township,Rock Creek township,845,1000,900,1025,955,914,0,0,0,0,0,0,845,1000,900,1025,955,914
,Kansas,20,200,Coffey County,31,310,Spring Creek township,67375,Spring Creek Township,SPRING CREEK TOWNSHIP,Spring Creek township,Spring Creek township,Spring Creek township,Spring Creek township,152,160,147,118,114,123,0,0,0,0,0,0,152,160,147,118,114,123
,Kansas,20,200,Coffey County,31,310,Star township,68000,Star Township,STAR TOWNSHIP,Star township,Star township,Star township,Star township,172,197,154,158,156,147,0,0,0,0,0,0,172,197,154,158,156,147
,Kansas,20,200,Comanche County,33,330,Avilla township,3525,Avilla Township,AVILLA TOWNSHIP,Avilla township,Avilla township,Avilla township,Avilla township,124,111,106,58,84,58,0,0,0,0,0,0,124,111,106,58,84,58
,Kansas,20,200,Comanche County,33,330,Coldwater township,14725,Coldwater Township,COLDWATER TOWNSHIP,Coldwater township,Coldwater township,Coldwater township,Coldwater township,1275,1359,1223,1086,1048,920,0,0,0,0,0,0,1275,1359,1223,1086,1048,920
,Kansas,20,200,Comanche County,33,330,Logan Township,15,Logan Township,,,,,,59,,,,,,0,,,,,,59,,,,,
,Kansas,20,200,Comanche County,33,330,Nescatunga Township,20,Nescatunga Township,,,,,,54,,,,,,0,,,,,,54,,,,,
,Kansas,20,200,Comanche County,33,330,Powell township,57325,Powell Township,POWELL TOWNSHIP,Powell township,Powell township,Powell township,Powell township,153,156,120,89,82,55,0,0,0,0,0,0,153,156,120,89,82,55
,Kansas,20,200,Comanche County,33,330,Protection township,57875,Protection Township,PROTECTION TOWNSHIP,Protection township,Protection township,Protection township,Protection township,896,928,864,734,677,656,0,0,0,0,0,0,896,928,864,734,677,656
,Kansas,20,200,Comanche County,33,330,Shimer Township,35,Shimer Township,,,,,,62,,,,,,0,,,,,,62,,,,,
,Kansas,20,200,Comanche County,33,330,Valley Township,40,Valley Township,,,,,,79,,,,,,0,,,,,,79,,,,,
,Kansas,20,200,Cowley County,35,350,Arkansas City city,2300,Arkansas City City,ARKANSAS CITY CITY,Arkansas City city,Arkansas City city,Arkansas City city,Arkansas City city,13216,13201,12762,11963,12415,11974,13216,13201,12762,11588,12127,11491,0,0,0,375,288,483
,Kansas,20,200,Cowley County,35,350,Beaver township,5025,Beaver Township,BEAVER TOWNSHIP,Beaver township,Beaver township,Beaver township,Beaver township,232,225,244,244,205,212,0,0,0,0,0,0,232,225,244,244,205,212
,Kansas,20,200,Cowley County,35,350,Bolton township,7875,Bolton Township,BOLTON TOWNSHIP,Bolton township,Bolton township,Bolton township,Bolton township,1498,1681,1961,1754,1705,1434,0,0,0,561,576,368,1498,1681,1961,1193,1129,1066
,Kansas,20,200,Cowley County,35,350,Cedar township,11250,Cedar Township,CEDAR TOWNSHIP,Cedar township,Cedar township,Cedar township,Cedar township,78,78,46,44,37,20,0,0,0,0,0,0,78,78,46,44,37,20
,Kansas,20,200,Cowley County,35,350,Creswell township,16375,Creswell Township,CRESWELL TOWNSHIP,Creswell township,Creswell township,Creswell township,Creswell township,1522,2290,2414,2098,1970,1888,0,0,0,16,323,19,1522,2290,2414,2082,1647,1869
,Kansas,20,200,Cowley County,35,350,Dexter township,17950,Dexter Township,DEXTER TOWNSHIP,Dexter township,Dexter township,Dexter township,Dexter township,469,570,549,506,433,374,0,0,0,0,0,0,469,570,549,506,433,374
,Kansas,20,200,Cowley County,35,350,Fairview township,22475,Fairview Township,FAIRVIEW TOWNSHIP,Fairview township,Fairview township,Fairview township,Fairview township,233,226,217,203,248,281,0,0,0,0,0,0,233,226,217,203,248,281
,Kansas,20,200,Cowley County,35,350,Grant township,27550,Grant Township,GRANT TOWNSHIP,Grant township,Grant township,Grant township,Grant township,95,93,58,76,67,75,0,0,0,0,0,0,95,93,58,76,67,75
,Kansas,20,200,Cowley County,35,350,Harvey township,30525,Harvey Township,HARVEY TOWNSHIP,Harvey township,Harvey township,Harvey township,Harvey township,125,118,109,117,94,83,0,0,0,0,0,0,125,118,109,117,94,83
,Kansas,20,200,Cowley County,35,350,Liberty township,39950,Liberty Township,LIBERTY TOWNSHIP,Liberty township,Liberty township,Liberty township,Liberty township,148,199,160,218,163,174,0,0,0,0,0,0,148,199,160,218,163,174
,Kansas,20,200,Cowley County,35,350,Maple township,44450,Maple Township,MAPLE TOWNSHIP,Maple township,Maple township,Maple township,Maple township,336,473,588,702,716,761,0,0,0,0,0,0,336,473,588,702,716,761
,Kansas,20,200,Cowley County,35,350,Ninnescah township,50625,Ninnescah Township,NINNESCAH TOWNSHIP,Ninnescah township,Ninnescah township,Ninnescah township,Ninnescah township,883,1142,1126,1114,1050,915,0,0,0,0,0,0,883,1142,1126,1114,1050,915
,Kansas,20,200,Cowley County,35,350,Omnia township,52850,Omnia Township,OMNIA TOWNSHIP,Omnia township,Omnia township,Omnia township,Omnia township,331,358,320,357,312,274,0,0,0,0,0,0,331,358,320,357,312,274
,Kansas,20,200,Cowley County,35,350,Otter township,53625,Otter Township,OTTER TOWNSHIP,Otter township,Otter township,Otter township,Otter township,80,73,45,54,40,24,0,0,0,0,0,0,80,73,45,54,40,24
,Kansas,20,200,Cowley County,35,350,Pleasant Valley township,56500,Pleasant Valley Township,PLEASANT VALLEY TOWNSHIP,Pleasant Valley township,Pleasant Valley township,Pleasant Valley township,Pleasant Valley township,792,1027,830,838,885,813,0,0,0,4,94,61,792,1027,830,834,791,752
,Kansas,20,200,Cowley County,35,350,Richland township,59275,Richland Township,RICHLAND TOWNSHIP,Richland township,Richland township,Richland township,Richland township,166,170,184,178,196,169,0,0,0,0,0,0,166,170,184,178,196,169
,Kansas,20,200,Cowley County,35,350,Rock Creek township,60525,Rock Creek Township,ROCK CREEK TOWNSHIP,Rock Creek township,Rock Creek township,Rock Creek township,Rock Creek township,248,233,209,243,243,266,0,0,0,0,0,0,248,233,209,243,243,266
,Kansas,20,200,Cowley County,35,350,Salem township,62625,Salem Township,SALEM TOWNSHIP,Salem township,Salem township,Salem township,Salem township,245,273,298,364,306,307,0,0,0,0,0,0,245,273,298,364,306,307
,Kansas,20,200,Cowley County,35,350,Sheridan township,64650,Sheridan Township,SHERIDAN TOWNSHIP,Sheridan township,Sheridan township,Sheridan township,Sheridan township,162,144,160,159,152,161,0,0,0,0,0,0,162,144,160,159,152,161
,Kansas,20,200,Cowley County,35,350,Silver Creek township,65500,Silver Creek Township,SILVER CREEK TOWNSHIP,Silver Creek township,Silver Creek township,Silver Creek township,Silver Creek township,671,707,698,770,715,689,0,0,0,0,0,0,671,707,698,770,715,689
,Kansas,20,200,Cowley County,35,350,Silverdale township,65575,Silverdale Township,SILVERDALE TOWNSHIP,Silverdale township,Silverdale township,Silverdale township,Silverdale township,296,376,359,327,354,329,0,0,0,0,0,0,296,376,359,327,354,329
,Kansas,20,200,Cowley County,35,350,Spring Creek township,67400,Spring Creek Township,SPRING CREEK TOWNSHIP,Spring Creek township,Spring Creek township,Spring Creek township,Spring Creek township,122,89,78,77,75,76,0,0,0,0,0,0,122,89,78,77,75,76
,Kansas,20,200,Cowley County,35,350,Tisdale township,70725,Tisdale Township,TISDALE TOWNSHIP,Tisdale township,Tisdale township,Tisdale township,Tisdale township,255,305,299,340,325,298,0,0,0,0,0,0,255,305,299,340,325,298
,Kansas,20,200,Cowley County,35,350,Vernon township,73575,Vernon Township,VERNON TOWNSHIP,Vernon township,Vernon township,Vernon township,Vernon township,649,709,513,502,484,431,0,0,0,48,8,39,649,709,513,454,476,392
,Kansas,20,200,Cowley County,35,350,Walnut township,74925,Walnut Township,WALNUT TOWNSHIP,Walnut township,Walnut township,Walnut township,Walnut township,520,1105,550,626,644,590,0,0,0,0,1,0,520,1105,550,626,643,590
,Kansas,20,200,Cowley County,35,350,Windsor township,79875,Windsor Township,WINDSOR TOWNSHIP,Windsor township,Windsor township,Windsor township,Windsor township,235,223,207,211,176,154,0,0,0,0,0,0,235,223,207,211,176,154
,Kansas,20,200,Cowley County,35,350,Winfield city,79950,Winfield City,WINFIELD CITY,Winfield city,Winfield city,Winfield city,Winfield city,11405,10736,11931,12206,12301,11777,11405,10736,11931,11752,11926,11517,0,0,0,454,375,260
,Kansas,20,200,Crawford County,37,370,Baker township,3750,Baker Township,BAKER TOWNSHIP,Baker township,Baker township,Baker township,Baker township,2926,3330,3350,3640,3408,3467,0,0,0,8,390,15,2926,3330,3350,3632,3018,3452
,Kansas,20,200,Crawford County,37,370,Crawford township,16250,Crawford Township,CRAWFORD TOWNSHIP,Crawford township,Crawford township,Crawford township,Crawford township,827,761,723,883,928,1042,0,0,0,2,5,0,827,761,723,881,923,1042
,Kansas,20,200,Crawford County,37,370,Frontenac city,24850,Frontenac City,FRONTENAC CITY,Frontenac city,Frontenac city,Frontenac city,Frontenac city,2223,2586,2588,2996,3437,3382,0,2586,2588,2584,2772,3000,2223,0,0,412,665,382
,Kansas,20,200,Crawford County,37,370,Girard city,26300,Girard City,GIRARD CITY,Girard city,Girard city,Girard city,Girard city,2591,2888,2794,2773,2789,2496,2591,2888,2794,2606,2542,0,0,0,0,167,247,2496
,Kansas,20,200,Crawford County,37,370,Grant township,27575,Grant Township,GRANT TOWNSHIP,Grant township,Grant township,Grant township,Grant township,404,368,267,247,236,233,0,0,0,0,0,0,404,368,267,247,236,233
,Kansas,20,200,Crawford County,37,370,Lincoln township,40575,Lincoln Township,LINCOLN TOWNSHIP,Lincoln township,Lincoln township,Lincoln township,Lincoln township,920,1048,803,942,832,790,0,0,0,0,0,0,920,1048,803,942,832,790
,Kansas,20,200,Crawford County,37,370,Mulberry city,49025,Mulberry City,MULBERRY CITY,Mulberry city,Mulberry city,Mulberry city,Mulberry city,622,647,555,577,520,409,0,0,0,0,0,0,622,647,555,577,520,409
,Kansas,20,200,Crawford County,37,370,Osage township,53125,Osage Township,OSAGE TOWNSHIP,Osage township,Osage township,Osage township,Osage township,950,853,793,756,686,742,0,0,0,0,0,0,950,853,793,756,686,742
,Kansas,20,200,Crawford County,37,370,Pittsburg city,56025,Pittsburg City,PITTSBURG CITY,Pittsburg city,Pittsburg city,Pittsburg city,Pittsburg city,20171,18770,17775,19243,20233,20646,20171,18770,17775,18916,19756,20105,0,0,0,327,477,541
,Kansas,20,200,Crawford County,37,370,Sheridan township,64675,Sheridan Township,SHERIDAN TOWNSHIP,Sheridan township,Sheridan township,Sheridan township,Sheridan township,1520,1619,1397,1501,1451,1273,0,0,0,0,0,0,1520,1619,1397,1501,1451,1273
,Kansas,20,200,Crawford County,37,370,Sherman township,64875,Sherman Township,SHERMAN TOWNSHIP,Sherman township,Sherman township,Sherman township,Sherman township,564,549,519,520,536,486,0,0,0,0,0,0,564,549,519,520,536,486
,Kansas,20,200,Crawford County,37,370,Walnut township,74975,Walnut Township,WALNUT TOWNSHIP,Walnut township,Walnut township,Walnut township,Walnut township,884,843,612,624,577,487,0,0,0,0,0,0,884,843,612,624,577,487
,Kansas,20,200,Crawford County,37,370,Washington township,75575,Washington Township,WASHINGTON TOWNSHIP,Washington township,Washington township,Washington township,Washington township,3248,3654,3392,3540,3501,3519,0,0,0,0,0,0,3248,3654,3392,3540,3501,3519
,Kansas,20,200,Decatur County,39,390,Allison township,1300,Allison Township,ALLISON TOWNSHIP,Allison township,Allison township,Allison township,Allison township,99,67,47,39,23,49,0,0,0,0,0,0,99,67,47,39,23,49
,Kansas,20,200,Decatur County,39,390,Altory township,1650,Altory Township,ALTORY TOWNSHIP,Altory township,Altory township,Altory township,Altory township,44,36,34,16,18,16,0,0,0,0,0,0,44,36,34,16,18,16
,Kansas,20,200,Decatur County,39,390,Bassettville township,4475,Bassettville Township,BASSETTVILLE TOWNSHIP,Bassettville township,Bassettville township,Bassettville township,Bassettville township,67,53,52,26,35,18,0,0,0,0,0,0,67,53,52,26,35,18
,Kansas,20,200,Decatur County,39,390,Beaver township,5050,Beaver Township,BEAVER TOWNSHIP,Beaver township,Beaver township,Beaver township,Beaver township,97,105,85,86,82,69,0,0,0,0,0,0,97,105,85,86,82,69
,Kansas,20,200,Decatur County,39,390,Center township,11650,Center Township,CENTER TOWNSHIP,Center township,Center township,Center township,Center township,83,67,61,60,58,52,0,0,0,0,0,0,83,67,61,60,58,52
,Kansas,20,200,Decatur County,39,390,Cook township,15375,Cook Township,COOK TOWNSHIP,Cook township,Cook township,Cook township,Cook township,62,55,51,44,24,19,0,0,0,0,0,0,62,55,51,44,24,19
,Kansas,20,200,Decatur County,39,390,Custer township,16850,Custer Township,CUSTER TOWNSHIP,Custer township,Custer township,Custer township,Custer township,69,48,41,27,25,48,0,0,0,0,0,0,69,48,41,27,25,48
,Kansas,20,200,Decatur County,39,390,Dresden township,18625,Dresden Township,DRESDEN TOWNSHIP,Dresden township,Dresden township,Dresden township,Dresden township,279,200,188,141,112,91,0,0,0,0,0,0,279,200,188,141,112,91
,Kansas,20,200,Decatur County,39,390,Finley township,23425,Finley Township,FINLEY TOWNSHIP,Finley township,Finley township,Finley township,Finley township,111,91,58,39,49,43,0,0,0,0,0,0,111,91,58,39,49,43
,Kansas,20,200,Decatur County,39,390,Garfield township,25525,Garfield Township,GARFIELD TOWNSHIP,Garfield township,Garfield township,Garfield township,Garfield township,83,46,42,41,42,42,0,0,0,0,0,0,83,46,42,41,42,42
,Kansas,20,200,Decatur County,39,390,Grant township,27600,Grant Township,GRANT TOWNSHIP,Grant township,Grant township,Grant township,Grant township,76,45,28,31,11,17,0,0,0,0,0,0,76,45,28,31,11,17
,Kansas,20,200,Decatur County,39,390,Harlan township,30050,Harlan Township,HARLAN TOWNSHIP,Harlan township,Harlan township,Harlan township,Harlan township,90,75,52,51,21,31,0,0,0,0,0,0,90,75,52,51,21,31
,Kansas,20,200,Decatur County,39,390,Jennings township,35400,Jennings Township,JENNINGS TOWNSHIP,Jennings township,Jennings township,Jennings township,Jennings township,297,248,227,173,133,109,0,0,0,0,0,0,297,248,227,173,133,109
,Kansas,20,200,Decatur County,39,390,Liberty township,39975,Liberty Township,LIBERTY TOWNSHIP,Liberty township,Liberty township,Liberty township,Liberty township,87,75,59,48,51,41,0,0,0,0,0,0,87,75,59,48,51,41
,Kansas,20,200,Decatur County,39,390,Lincoln township,40600,Lincoln Township,LINCOLN TOWNSHIP,Lincoln township,Lincoln township,Lincoln township,Lincoln township,360,268,234,203,172,168,0,0,0,0,0,0,360,268,234,203,172,168
,Kansas,20,200,Decatur County,39,390,Logan township,41825,Logan Township,LOGAN TOWNSHIP,Logan township,Logan township,Logan township,Logan township,81,65,59,52,33,39,0,0,0,0,0,0,81,65,59,52,33,39
,Kansas,20,200,Decatur County,39,390,Lyon township,43450,Lyon Township,LYON TOWNSHIP,Lyon township,Lyon township,Lyon township,Lyon township,53,34,37,24,13,19,0,0,0,0,0,0,53,34,37,24,13,19
,Kansas,20,200,Decatur County,39,390,Oberlin city,52000,,,Oberlin city,Oberlin city,Oberlin city,Oberlin city,,,2197,1994,1788,1644,,,0,0,0,0,,,2197,1994,1788,1644
,Kansas,20,200,Decatur County,39,390,Oberlin township,52025,Oberlin Township,OBERLIN TOWNSHIP,Oberlin township,Oberlin township,Oberlin township,Oberlin township,2392,2471,129,91,81,81,0,0,0,0,0,0,2392,2471,129,91,81,81
,Kansas,20,200,Decatur County,39,390,Olive township,52675,Olive Township,OLIVE TOWNSHIP,Olive township,Olive township,Olive township,Olive township,95,109,80,68,33,53,0,0,0,0,0,0,95,109,80,68,33,53
,Kansas,20,200,Decatur County,39,390,Pleasant Valley township,56525,Pleasant Valley Township,PLEASANT VALLEY TOWNSHIP,Pleasant Valley township,Pleasant Valley township,Pleasant Valley township,Pleasant Valley township,110,82,73,46,38,27,0,0,0,0,0,0,110,82,73,46,38,27
,Kansas,20,200,Decatur County,39,390,Prairie Dog township,57475,Prairie Dog Township,PRAIRIE DOG TOWNSHIP,Prairie Dog township,Prairie Dog township,Prairie Dog township,Prairie Dog township,90,72,48,50,38,27,0,0,0,0,0,0,90,72,48,50,38,27
,Kansas,20,200,Decatur County,39,390,Roosevelt township,61025,Roosevelt Township,ROOSEVELT TOWNSHIP,Roosevelt township,Roosevelt township,Roosevelt township,Roosevelt township,71,42,28,32,18,7,0,0,0,0,0,0,71,42,28,32,18,7
,Kansas,20,200,Decatur County,39,390,Sappa township,63050,Sappa Township,SAPPA TOWNSHIP,Sappa township,Sappa township,Sappa township,Sappa township,68,55,47,43,36,17,0,0,0,0,0,0,68,55,47,43,36,17
,Kansas,20,200,Decatur County,39,390,Sherman township,64900,Sherman Township,SHERMAN TOWNSHIP,Sherman township,Sherman township,Sherman township,Sherman township,75,58,35,25,14,17,0,0,0,0,0,0,75,58,35,25,14,17
,Kansas,20,200,Decatur County,39,390,Summit township,69075,Summit Township,SUMMIT TOWNSHIP,Summit township,Summit township,Summit township,Summit township,49,42,29,22,13,20,0,0,0,0,0,0,49,42,29,22,13,20
,Kansas,20,200,Dickinson County,41,410,Abilene city,125,Abilene City,ABILENE CITY,Abilene city,Abilene city,Abilene city,Abilene city,6661,6572,6242,6543,6844,6460,6661,6572,6242,6426,6792,6365,0,0,0,117,52,95
,Kansas,20,200,Dickinson County,41,410,Banner township,3975,Banner Township,BANNER TOWNSHIP,Banner township,Banner township,Banner township,Banner township,177,159,145,148,108,75,0,0,0,0,0,0,177,159,145,148,108,75
,Kansas,20,200,Dickinson County,41,410,Buckeye township,8925,Buckeye Township,BUCKEYE TOWNSHIP,Buckeye township,Buckeye township,Buckeye township,Buckeye township,407,411,403,437,420,449,0,0,0,0,0,0,407,411,403,437,420,449
,Kansas,20,200,Dickinson County,41,410,Center township,11675,Center Township,CENTER TOWNSHIP,Center township,Center township,Center township,Center township,1305,1298,1286,1210,1218,1059,0,0,0,0,0,0,1305,1298,1286,1210,1218,1059
,Kansas,20,200,Dickinson County,41,410,Cheever township,12700,Cheever Township,CHEEVER TOWNSHIP,Cheever township,Cheever township,Cheever township,Cheever township,198,149,140,149,130,165,0,0,0,0,0,0,198,149,140,149,130,165
,Kansas,20,200,Dickinson County,41,410,Flora township,23550,Flora Township,FLORA TOWNSHIP,Flora township,Flora township,Flora township,Flora township,243,243,203,217,217,168,0,0,0,0,0,0,243,243,203,217,217,168
,Kansas,20,200,Dickinson County,41,410,Fragrant Hill township,24250,Fragrant Hill Township,FRAGRANT HILL TOWNSHIP,Fragrant Hill township,Fragrant Hill township,Fragrant Hill township,Fragrant Hill township,221,239,222,251,289,242,0,0,0,0,0,0,221,239,222,251,289,242
,Kansas,20,200,Dickinson County,41,410,Garfield township,25550,Garfield Township,GARFIELD TOWNSHIP,Garfield township,Garfield township,Garfield township,Garfield township,194,183,170,189,199,187,0,0,0,0,0,0,194,183,170,189,199,187
,Kansas,20,200,Dickinson County,41,410,Grant township,27625,Grant Township,GRANT TOWNSHIP,Grant township,Grant township,Grant township,Grant township,1049,1037,888,918,977,916,0,0,0,273,262,240,1049,1037,888,645,715,676
,Kansas,20,200,Dickinson County,41,410,Hayes township,30900,Hayes Township,HAYES TOWNSHIP,Hayes township,Hayes township,Hayes township,Hayes township,220,233,206,233,240,258,0,0,0,0,0,0,220,233,206,233,240,258
,Kansas,20,200,Dickinson County,41,410,Herington city,31400,Herington City,HERINGTON CITY,Herington city,Herington city,Herington city,Herington city,3165,2930,2685,2563,2526,2109,3165,2930,2685,0,0,0,0,0,0,2563,2526,2109
,Kansas,20,200,Dickinson County,41,410,Holland township,32625,Holland Township,HOLLAND TOWNSHIP,Holland township,Holland township,Holland township,Holland township,126,144,121,107,118,103,0,0,0,0,0,0,126,144,121,107,118,103
,Kansas,20,200,Dickinson County,41,410,Hope township,33100,Hope Township,HOPE TOWNSHIP,Hope township,Hope township,Hope township,Hope township,654,659,580,519,497,438,0,0,0,0,0,0,654,659,580,519,497,438
,Kansas,20,200,Dickinson County,41,410,Jefferson township,35175,Jefferson Township,JEFFERSON TOWNSHIP,Jefferson township,Jefferson township,Jefferson township,Jefferson township,267,224,196,166,175,216,0,0,0,0,0,0,267,224,196,166,175,216
,Kansas,20,200,Dickinson County,41,410,Liberty township,40000,Liberty Township,LIBERTY TOWNSHIP,Liberty township,Liberty township,Liberty township,Liberty township,388,424,384,405,342,308,0,0,0,0,0,0,388,424,384,405,342,308
,Kansas,20,200,Dickinson County,41,410,Lincoln township,40625,Lincoln Township,LINCOLN TOWNSHIP,Lincoln township,Lincoln township,Lincoln township,Lincoln township,1394,1618,1472,1669,1643,1535,0,0,0,0,0,0,1394,1618,1472,1669,1643,1535
,Kansas,20,200,Dickinson County,41,410,Logan township,41850,Logan Township,LOGAN TOWNSHIP,Logan township,Logan township,Logan township,Logan township,276,246,205,202,216,170,0,0,0,0,0,0,276,246,205,202,216,170
,Kansas,20,200,Dickinson County,41,410,Lyon township,43475,Lyon Township,LYON TOWNSHIP,Lyon township,Lyon township,Lyon township,Lyon township,238,269,256,252,243,221,0,0,0,0,0,0,238,269,256,252,243,221
,Kansas,20,200,Dickinson County,41,410,Newbern township,50225,Newbern Township,NEWBERN TOWNSHIP,Newbern township,Newbern township,Newbern township,Newbern township,262,320,346,349,326,362,0,0,0,0,0,0,262,320,346,349,326,362
,Kansas,20,200,Dickinson County,41,410,Noble township,50800,Noble Township,NOBLE TOWNSHIP,Noble township,Noble township,Noble township,Noble township,1419,1719,1773,1730,1917,1863,0,0,0,0,0,0,1419,1719,1773,1730,1917,1863
,Kansas,20,200,Dickinson County,41,410,Ridge township,59800,Ridge Township,RIDGE TOWNSHIP,Ridge township,Ridge township,Ridge township,Ridge township,207,177,162,160,136,132,0,0,0,0,0,0,207,177,162,160,136,132
,Kansas,20,200,Dickinson County,41,410,Rinehart township,59900,Rinehart Township,RINEHART TOWNSHIP,Rinehart township,Rinehart township,Rinehart township,Rinehart township,224,208,195,194,212,232,0,0,0,0,0,0,224,208,195,194,212,232
,Kansas,20,200,Dickinson County,41,410,Sherman township,64925,Sherman Township,SHERMAN TOWNSHIP,Sherman township,Sherman township,Sherman township,Sherman township,190,140,148,147,162,164,0,0,0,0,0,0,190,140,148,147,162,164
,Kansas,20,200,Dickinson County,41,410,Union township,72100,Union Township,UNION TOWNSHIP,Union township,Union township,Union township,Union township,174,212,189,176,170,158,0,0,0,0,0,0,174,212,189,176,170,158
,Kansas,20,200,Dickinson County,41,410,Wheatland township,77625,Wheatland Township,WHEATLAND TOWNSHIP,Wheatland township,Wheatland township,Wheatland township,Wheatland township,165,161,141,152,162,129,0,0,0,0,0,0,165,161,141,152,162,129
,Kansas,20,200,Dickinson County,41,410,Willowdale township,79450,Willowdale Township,WILLOWDALE TOWNSHIP,Willowdale township,Willowdale township,Willowdale township,Willowdale township,169,200,200,258,267,283,0,0,0,0,0,0,169,200,200,258,267,283
,Kansas,20,200,Doniphan County,43,430,Burr Oak township,9500,Burr Oak Township,BURR OAK TOWNSHIP,Burr Oak township,Burr Oak township,Burr Oak township,Burr Oak township,266,232,236,153,159,188,0,0,0,0,0,0,266,232,236,153,159,188
,Kansas,20,200,Doniphan County,43,430,Center township,11700,Center Township,CENTER TOWNSHIP,Center township,Center township,Center township,Center township,1904,1944,1719,1743,1703,1663,0,0,0,0,0,0,1904,1944,1719,1743,1703,1663
,Kansas,20,200,Doniphan County,43,430,Independence township,33850,Independence Township,INDEPENDENCE TOWNSHIP,Independence township,Independence township,Independence township,Independence township,351,347,334,342,289,257,0,0,0,0,0,0,351,347,334,342,289,257
,Kansas,20,200,Doniphan County,43,430,Iowa township,34400,Iowa Township,IOWA TOWNSHIP,Iowa township,Iowa township,Iowa township,Iowa township,1823,1843,1748,1694,1641,1433,0,0,0,0,0,0,1823,1843,1748,1694,1641,1433
,Kansas,20,200,Doniphan County,43,430,Marion township,44675,Marion Township,MARION TOWNSHIP,Marion township,Marion township,Marion township,Marion township,300,264,226,226,211,215,0,0,0,0,0,0,300,264,226,226,211,215
,Kansas,20,200,Doniphan County,43,430,Union township,72125,Union Township,UNION TOWNSHIP,Union township,Union township,Union township,Union township,443,390,378,360,297,276,0,0,0,0,0,0,443,390,378,360,297,276
,Kansas,20,200,Doniphan County,43,430,Washington township,75600,Washington Township,WASHINGTON TOWNSHIP,Washington township,Washington township,Washington township,Washington township,3104,3459,2825,3066,3079,2927,1283,1279,1100,1022,2368,2127,1821,2180,1725,2044,711,800
,Kansas,20,200,Doniphan County,43,430,Wayne township,76100,Wayne Township,WAYNE TOWNSHIP,Wayne township,Wayne township,Wayne township,Wayne township,323,265,241,226,196,201,0,0,0,0,0,0,323,265,241,226,196,201
,Kansas,20,200,Doniphan County,43,430,Wolf River township,80275,Wolf River Township,WOLF RIVER TOWNSHIP,Wolf River township,Wolf River township,Wolf River township,Wolf River township,593,524,427,439,370,350,0,0,0,0,0,0,593,524,427,439,370,350
,Kansas,20,200,Douglas County,45,450,Clinton township,14325,Clinton Township,CLINTON TOWNSHIP,Clinton township,Clinton township,Clinton township,Clinton township,439,275,354,531,586,626,0,0,0,0,0,0,439,275,354,531,586,626
,Kansas,20,200,Douglas County,45,450,Eudora township,21700,Eudora Township,EUDORA TOWNSHIP,Eudora township,Eudora township,Eudora township,Eudora township,2868,3821,4011,5571,7441,7734,0,2934,3006,4288,6140,6400,2868,887,1005,1283,1301,1334
,Kansas,20,200,Douglas County,45,450,Grant township,27650,Grant Township,GRANT TOWNSHIP,Grant township,Grant township,Grant township,Grant township,490,430,440,442,371,382,0,0,0,22,0,8,490,430,440,420,371,374
,Kansas,20,200,Douglas County,45,450,Kanwaka township,36075,Kanwaka Township,KANWAKA TOWNSHIP,Kanwaka township,Kanwaka township,Kanwaka township,Kanwaka township,646,704,1017,1317,1412,1401,0,0,0,0,61,81,646,704,1017,1317,1351,1320
,Kansas,20,200,Douglas County,45,450,Lawrence city,38900,Lawrence City,LAWRENCE CITY,Lawrence city,Lawrence city,Lawrence city,Lawrence city,45698,52738,65608,80098,87643,94934,45698,52738,65608,79456,87460,94774,0,0,0,642,183,160
,Kansas,20,200,Douglas County,45,450,Lecompton township,39175,Lecompton Township,LECOMPTON TOWNSHIP,Lecompton township,Lecompton township,Lecompton township,Lecompton township,1032,1250,1501,1761,1707,1669,0,0,0,0,0,0,1032,1250,1501,1761,1707,1669
,Kansas,20,200,Douglas County,45,450,Marion township,44700,Marion Township,MARION TOWNSHIP,Marion township,Marion township,Marion township,Marion township,557,600,662,836,812,845,0,0,0,0,0,0,557,600,662,836,812,845
,Kansas,20,200,Douglas County,45,450,Palmyra township,54225,Palmyra Township,PALMYRA TOWNSHIP,Palmyra township,Palmyra township,Palmyra township,Palmyra township,3798,4471,4736,5760,7073,7575,2520,2829,2961,3341,4428,0,1278,1642,1775,2419,2645,7575
,Kansas,20,200,Douglas County,45,450,Wakarusa township,74400,Wakarusa Township,WAKARUSA TOWNSHIP,Wakarusa township,Wakarusa township,Wakarusa township,Wakarusa township,1665,2246,2158,2237,2318,2102,0,72,147,169,532,135,1665,2174,2011,2068,1786,1967
,Kansas,20,200,Douglas County,45,450,Willow Springs township,79500,Willow Springs Township,WILLOW SPRINGS TOWNSHIP,Willow Springs township,Willow Springs township,Willow Springs township,Willow Springs township,739,1105,1311,1409,1463,1517,0,0,0,0,0,0,739,1105,1311,1409,1463,1517
,Kansas,20,200,Edwards County,47,470,Belpre township,5850,Belpre Township,BELPRE TOWNSHIP,Belpre township,Belpre township,Belpre township,Belpre township,326,277,221,186,178,182,0,0,0,0,0,0,326,277,221,186,178,182
,Kansas,20,200,Edwards County,47,470,Franklin township,24350,Franklin Township,FRANKLIN TOWNSHIP,Franklin township,Franklin township,Franklin township,Franklin township,167,137,109,93,80,92,0,0,0,0,0,0,167,137,109,93,80,92
,Kansas,20,200,Edwards County,47,470,Jackson township,34750,Jackson Township,JACKSON TOWNSHIP,Jackson township,Jackson township,Jackson township,Jackson township,176,118,111,98,57,51,0,0,0,0,0,0,176,118,111,98,57,51
,Kansas,20,200,Edwards County,47,470,Kinsley city,37075,Kinsley City,KINSLEY CITY,Kinsley city,Kinsley city,Kinsley city,Kinsley city,2212,2074,1875,1658,1457,1456,0,0,0,0,0,0,2212,2074,1875,1658,1457,1456
,Kansas,20,200,Edwards County,47,470,Kinsley township,37100,Kinsley Township,KINSLEY TOWNSHIP,Kinsley township,Kinsley township,Kinsley township,Kinsley township,228,201,191,160,139,112,0,0,0,0,0,0,228,201,191,160,139,112
,Kansas,20,200,Edwards County,47,470,Lincoln township,40650,Lincoln Township,LINCOLN TOWNSHIP,Lincoln township,Lincoln township,Lincoln township,Lincoln township,175,174,164,143,119,112,0,0,0,0,0,0,175,174,164,143,119,112
,Kansas,20,200,Edwards County,47,470,Logan township,41875,Logan Township,LOGAN TOWNSHIP,Logan township,Logan township,Logan township,Logan township,101,62,55,42,33,27,0,0,0,0,0,0,101,62,55,42,33,27
,Kansas,20,200,Edwards County,47,470,North Brown township,51100,North Brown Township,NORTH BROWN TOWNSHIP,North Brown township,North Brown township,North Brown township,North Brown township,98,97,104,67,64,53,0,0,0,0,0,0,98,97,104,67,64,53
,Kansas,20,200,Edwards County,47,470,South Brown township,66550,South Brown Township,SOUTH BROWN TOWNSHIP,South Brown township,South Brown township,South Brown township,South Brown township,121,110,100,90,78,90,0,0,0,0,0,0,121,110,100,90,78,90
,Kansas,20,200,Edwards County,47,470,Trenton township,71400,Trenton Township,TRENTON TOWNSHIP,Trenton township,Trenton township,Trenton township,Trenton township,333,333,297,306,274,239,0,0,0,0,0,0,333,333,297,306,274,239
,Kansas,20,200,Edwards County,47,470,Wayne township,76125,Wayne Township,WAYNE TOWNSHIP,Wayne township,Wayne township,Wayne township,Wayne township,644,688,560,606,558,493,0,0,0,0,0,0,644,688,560,606,558,493
,Kansas,20,200,Elk County,49,490,Elk Falls township,20325,Elk Falls Township,ELK FALLS TOWNSHIP,Elk Falls township,Elk Falls township,Elk Falls township,Elk Falls township,223,261,206,196,187,197,0,0,0,0,0,0,223,261,206,196,187,197
,Kansas,20,200,Elk County,49,490,Greenfield township,28550,Greenfield Township,GREENFIELD TOWNSHIP,Greenfield township,Greenfield township,Greenfield township,Greenfield township,415,423,340,321,302,252,0,0,0,0,0,0,415,423,340,321,302,252
,Kansas,20,200,Elk County,49,490,Howard township,33275,Howard Township,HOWARD TOWNSHIP,Howard township,Howard township,Howard township,Howard township,1166,1163,1012,1006,873,713,0,0,0,0,0,0,1166,1163,1012,1006,873,713
,Kansas,20,200,Elk County,49,490,Liberty township,40025,Liberty Township,LIBERTY TOWNSHIP,Liberty township,Liberty township,Liberty township,Liberty township,157,132,132,117,113,106,0,0,0,0,0,0,157,132,132,117,113,106
,Kansas,20,200,Elk County,49,490,Longton township,42675,Longton Township,LONGTON TOWNSHIP,Longton township,Longton township,Longton township,Longton township,439,506,481,530,439,351,0,0,0,0,0,0,439,506,481,530,439,351
,Kansas,20,200,Elk County,49,490,Oak Valley township,51950,Oak Valley Township,OAK VALLEY TOWNSHIP,Oak Valley township,Oak Valley township,Oak Valley township,Oak Valley township,122,136,132,154,143,92,0,0,0,0,0,0,122,136,132,154,143,92
,Kansas,20,200,Elk County,49,490,Painterhood township,54075,Painterhood Township,PAINTERHOOD TOWNSHIP,Painterhood township,Painterhood township,Painterhood township,Painterhood township,76,94,80,68,59,73,0,0,0,0,0,0,76,94,80,68,59,73
,Kansas,20,200,Elk County,49,490,Paw Paw township,54925,Paw Paw Township,PAW PAW TOWNSHIP,Paw Paw township,Paw Paw township,Paw Paw township,Paw Paw township,232,191,149,116,124,107,0,0,0,0,0,0,232,191,149,116,124,107
,Kansas,20,200,Elk County,49,490,Union Center township,72500,Union Center Township,UNION CENTER TOWNSHIP,Union Center township,Union Center township,Union Center township,Union Center township,218,199,114,116,103,115,0,0,0,0,0,0,218,199,114,116,103,115
,Kansas,20,200,Elk County,49,490,Wildcat township,79150,Wild Cat Township,WILD CAT TOWNSHIP,Wildcat township,Wildcat township,Wildcat township,Wildcat township,810,813,681,637,539,477,0,0,0,0,0,0,810,813,681,637,539,477
,Kansas,20,200,Ellis County,51,510,Big Creek township,6650,Big Creek Township,BIG CREEK TOWNSHIP,Big Creek township,Big Creek township,Big Creek township,Big Creek township,2524,3336,2494,1798,1883,2077,0,0,0,538,693,800,2524,3336,2494,1260,1190,1277
,Kansas,20,200,Ellis County,51,510,Buckeye township,8950,Buckeye Township,BUCKEYE TOWNSHIP,Buckeye township,Buckeye township,Buckeye township,Buckeye township,189,315,280,285,414,391,0,0,0,0,0,0,189,315,280,285,414,391
,Kansas,20,200,Ellis County,51,510,Catherine township,11050,Catherine Township,CATHERINE TOWNSHIP,Catherine township,Catherine township,Catherine township,Catherine township,306,292,289,318,312,281,0,0,0,0,0,0,306,292,289,318,312,281
,Kansas,20,200,Ellis County,51,510,East Hamilton Township,20,East Hamilton Township,,,,,,72,,,,,,0,,,,,,72,,,,,
,Kansas,20,200,Ellis County,51,510,Ellis city,20450,Ellis City,ELLIS CITY,Ellis city,Ellis city,Ellis city,Ellis city,2137,2062,1814,1873,2062,1958,0,0,0,0,0,0,2137,2062,1814,1873,2062,1958
,Kansas,20,200,Ellis County,51,510,Ellis township,20475,Ellis Township,ELLIS TOWNSHIP,Ellis township,Ellis township,Ellis township,Ellis township,352,482,384,386,418,452,0,0,0,0,0,0,352,482,384,386,418,452
,Kansas,20,200,Ellis County,51,510,Freedom township,24625,Freedom Township,FREEDOM TOWNSHIP,Freedom township,Freedom township,Freedom township,Freedom township,213,208,123,125,118,106,0,0,0,0,0,0,213,208,123,125,118,106
,Kansas,20,200,Ellis County,51,510,Hays city,31100,Hays City,HAYS CITY,Hays city,Hays city,Hays city,Hays city,15396,16301,17767,20013,20510,21116,15396,16301,17767,19961,20487,21080,0,0,0,52,23,36
,Kansas,20,200,Ellis County,51,510,Herzog township,31525,Herzog Township,HERZOG TOWNSHIP,Herzog township,Herzog township,Herzog township,Herzog township,743,972,901,894,894,839,0,0,0,0,0,0,743,972,901,894,894,839
,Kansas,20,200,Ellis County,51,510,Lookout township,42700,Lookout Township,LOOKOUT TOWNSHIP,Lookout township,Lookout township,Lookout township,Lookout township,489,591,534,569,579,523,0,0,0,0,0,0,489,591,534,569,579,523
,Kansas,20,200,Ellis County,51,510,Pleasant Hill Township,55,Pleasant Hill Township,,,,,,187,,,,,,0,,,,,,187,,,,,
,Kansas,20,200,Ellis County,51,510,Riverview Township,60,Riverview Township,,,,,,128,,,,,,0,,,,,,128,,,,,
,Kansas,20,200,Ellis County,51,510,Saline Township,65,Saline Township,,,,,,100,,,,,,0,,,,,,100,,,,,
,Kansas,20,200,Ellis County,51,510,Smoky Hill Township,70,Smoky Hill Township,,,,,,144,,,,,,0,,,,,,144,,,,,
,Kansas,20,200,Ellis County,51,510,Victoria township,73800,Victoria Township,VICTORIA TOWNSHIP,Victoria township,Victoria township,Victoria township,Victoria township,902,1060,976,845,876,804,0,0,0,0,0,0,902,1060,976,845,876,804
,Kansas,20,200,Ellis County,51,510,Walker Township,80,Walker Township,,,,,,276,,,,,,0,,,,,,276,,,,,
,Kansas,20,200,Ellis County,51,510,West Hamilton Township,85,West Hamilton Township,,,,,,103,,,,,,0,,,,,,103,,,,,
,Kansas,20,200,Ellis County,51,510,Wheatland township,77650,Wheatland Township,WHEATLAND TOWNSHIP,Wheatland township,Wheatland township,Wheatland township,Wheatland township,469,479,442,401,386,387,0,0,0,0,0,0,469,479,442,401,386,387
,Kansas,20,200,Ellsworth County,53,530,Ash Creek township,2575,Ash Creek Township,ASH CREEK TOWNSHIP,Ash Creek township,Ash Creek township,Ash Creek township,Ash Creek township,61,76,66,58,55,47,0,0,0,0,0,0,61,76,66,58,55,47
,Kansas,20,200,Ellsworth County,53,530,Black Wolf township,7025,Black Wolf Township,BLACK WOLF TOWNSHIP,Black Wolf township,Black Wolf township,Black Wolf township,Black Wolf township,66,99,99,87,79,85,0,0,0,0,0,0,66,99,99,87,79,85
,Kansas,20,200,Ellsworth County,53,530,Carneiro township,10800,Carneiro Township,CARNEIRO TOWNSHIP,Carneiro township,Carneiro township,Carneiro township,Carneiro township,78,65,53,57,61,54,0,0,0,0,0,0,78,65,53,57,61,54
,Kansas,20,200,Ellsworth County,53,530,Clear Creek township,13725,Clear Creek Township,CLEAR CREEK TOWNSHIP,Clear Creek township,Clear Creek township,Clear Creek township,Clear Creek township,85,110,104,91,82,101,0,0,0,0,0,0,85,110,104,91,82,101
,Kansas,20,200,Ellsworth County,53,530,Columbia township,15025,Columbia Township,COLUMBIA TOWNSHIP,Columbia township,Columbia township,Columbia township,Columbia township,130,92,74,60,49,51,0,0,0,0,0,0,130,92,74,60,49,51
,Kansas,20,200,Ellsworth County,53,530,Ellsworth city,20500,Ellsworth City,ELLSWORTH CITY,Ellsworth city,Ellsworth city,Ellsworth city,Ellsworth city,2080,2465,2294,2965,3120,3066,0,0,0,2766,2982,0,2080,2465,2294,199,138,3066
,Kansas,20,200,Ellsworth County,53,530,Ellsworth township,20525,Ellsworth Township,ELLSWORTH TOWNSHIP,Ellsworth township,Ellsworth township,Ellsworth township,Ellsworth township,899,979,1425,797,729,648,0,0,0,3,0,0,899,979,1425,794,729,648
,Kansas,20,200,Ellsworth County,53,530,Empire township,21150,Empire Township,EMPIRE TOWNSHIP,Empire township,Empire township,Empire township,Empire township,95,78,78,174,196,142,0,0,0,0,0,0,95,78,78,174,196,142
,Kansas,20,200,Ellsworth County,53,530,Garfield township,25575,Garfield Township,GARFIELD TOWNSHIP,Garfield township,Garfield township,Garfield township,Garfield township,25,44,44,27,40,62,0,0,0,0,0,0,25,44,44,27,40,62
,Kansas,20,200,Ellsworth County,53,530,Green Garden township,28600,Green Garden Township,GREEN GARDEN TOWNSHIP,Green Garden township,Green Garden township,Green Garden township,Green Garden township,254,250,235,211,213,205,0,0,0,0,0,0,254,250,235,211,213,205
,Kansas,20,200,Ellsworth County,53,530,Langley township,38600,Langley Township,LANGLEY TOWNSHIP,Langley township,Langley township,Langley township,Langley township,85,81,80,76,74,60,0,0,0,0,0,0,85,81,80,76,74,60
,Kansas,20,200,Ellsworth County,53,530,Lincoln township,40675,Lincoln Township,LINCOLN TOWNSHIP,Lincoln township,Lincoln township,Lincoln township,Lincoln township,49,38,43,62,44,59,0,0,0,0,0,0,49,38,43,62,44,59
,Kansas,20,200,Ellsworth County,53,530,Mulberry township,49050,Mulberry Township,MULBERRY TOWNSHIP,Mulberry township,Mulberry township,Mulberry township,Mulberry township,21,36,35,44,27,39,0,0,0,0,0,0,21,36,35,44,27,39
,Kansas,20,200,Ellsworth County,53,530,Noble township,50825,Noble Township,NOBLE TOWNSHIP,Noble township,Noble township,Noble township,Noble township,150,103,93,90,87,104,0,0,0,0,0,0,150,103,93,90,87,104
,Kansas,20,200,Ellsworth County,53,530,Palacky township,54100,Palacky Township,PALACKY TOWNSHIP,Palacky township,Palacky township,Palacky township,Palacky township,73,66,67,63,60,57,0,0,0,0,0,0,73,66,67,63,60,57
,Kansas,20,200,Ellsworth County,53,530,Sherman township,64950,Sherman Township,SHERMAN TOWNSHIP,Sherman township,Sherman township,Sherman township,Sherman township,73,103,94,65,60,80,0,0,0,0,0,0,73,103,94,65,60,80
,Kansas,20,200,Ellsworth County,53,530,Thomas township,70450,Thomas Township,THOMAS TOWNSHIP,Thomas township,Thomas township,Thomas township,Thomas township,86,78,67,72,53,64,0,0,0,0,0,0,86,78,67,72,53,64
,Kansas,20,200,Ellsworth County,53,530,Trivoli township,71525,Trivoli Township,TRIVOLI TOWNSHIP,Trivoli township,Trivoli township,Trivoli township,Trivoli township,57,80,53,55,54,39,0,0,0,0,0,0,57,80,53,55,54,39
,Kansas,20,200,Ellsworth County,53,530,Valley township,72800,Valley Township,VALLEY TOWNSHIP,Valley township,Valley township,Valley township,Valley township,739,700,611,577,538,481,0,0,0,0,0,0,739,700,611,577,538,481
,Kansas,20,200,Ellsworth County,53,530,Wilson township,79700,Wilson Township,WILSON TOWNSHIP,Wilson township,Wilson township,Wilson township,Wilson township,1040,1097,971,894,876,932,0,0,0,0,0,0,1040,1097,971,894,876,932
,Kansas,20,200,Finney County,55,550,Garden City city,25325,Garden City City,GARDEN CITY CITY,Garden City city,Garden City city,Garden City city,Garden City city,14708,18256,24097,28451,26658,28151,14708,18256,24097,28237,26611,28130,0,0,0,214,47,21
,Kansas,20,200,Finney County,55,550,Garden City township,25350,Garden City Township,GARDEN CITY TOWNSHIP,Garden City township,Garden City township,Garden City township,Garden City township,1940,2724,5368,7400,5761,5773,0,0,0,4868,3331,2846,1940,2724,5368,2532,2430,2927
,Kansas,20,200,Finney County,55,550,Garfield township,25600,Garfield Township,GARFIELD TOWNSHIP,Garfield township,Garfield township,Garfield township,Garfield township,479,342,326,331,288,345,0,0,0,0,0,0,479,342,326,331,288,345
,Kansas,20,200,Finney County,55,550,Ivanhoe township,34675,Ivanhoe Township,IVANHOE TOWNSHIP,Ivanhoe township,Ivanhoe township,Ivanhoe township,Ivanhoe township,220,298,370,666,464,489,0,0,0,0,0,0,220,298,370,666,464,489
,Kansas,20,200,Finney County,55,550,Pierceville township,55800,Pierceville Township,PIERCEVILLE TOWNSHIP,Pierceville township,Pierceville township,Pierceville township,Pierceville township,334,422,495,551,491,459,0,0,0,37,0,0,334,422,495,514,491,459
,Kansas,20,200,Finney County,55,550,Pleasant Valley township,56550,Pleasant Valley Township,PLEASANT VALLEY TOWNSHIP,Pleasant Valley township,Pleasant Valley township,Pleasant Valley township,Pleasant Valley township,112,118,124,139,166,144,0,0,0,0,0,0,112,118,124,139,166,144
,Kansas,20,200,Finney County,55,550,Sherlock township,64800,Sherlock Township,SHERLOCK TOWNSHIP,Sherlock township,Sherlock township,Sherlock township,Sherlock township,870,1436,2060,2758,2789,2958,0,0,0,0,0,0,870,1436,2060,2758,2789,2958
,Kansas,20,200,Finney County,55,550,Terry township,70225,Terry Township,TERRY TOWNSHIP,Terry township,Terry township,Terry township,Terry township,284,229,230,227,159,151,0,0,0,0,0,0,284,229,230,227,159,151
,Kansas,20,200,Ford County,57,570,Bloom township,7375,Bloom Township,BLOOM TOWNSHIP,Bloom township,Bloom township,Bloom township,Bloom township,149,132,134,113,116,110,0,0,0,0,0,0,149,132,134,113,116,110
,Kansas,20,200,Ford County,57,570,Bucklin township,9025,Bucklin Township,BUCKLIN TOWNSHIP,Bucklin township,Bucklin township,Bucklin township,Bucklin township,837,943,848,900,885,821,0,0,0,0,0,0,837,943,848,900,885,821
,Kansas,20,200,Ford County,57,570,Concord township,15150,Concord Township,CONCORD TOWNSHIP,Concord township,Concord township,Concord township,Concord township,124,99,115,117,104,122,0,0,0,0,0,0,124,99,115,117,104,122
,Kansas,20,200,Ford County,57,570,Dodge City city,18250,Dodge City City,DODGE CITY CITY,Dodge City city,Dodge City city,Dodge City city,Dodge City city,14127,18001,21129,25176,27340,27788,14127,18001,21129,25126,26806,27316,0,0,0,50,534,472
,Kansas,20,200,Ford County,57,570,Dodge township,18225,Dodge Township,DODGE TOWNSHIP,Dodge township,Dodge township,Dodge township,Dodge township,2348,884,674,899,693,683,0,0,0,332,48,23,2348,884,674,567,645,660
,Kansas,20,200,Ford County,57,570,Enterprise township,21450,Enterprise Township,ENTERPRISE TOWNSHIP,Enterprise township,Enterprise township,Enterprise township,Enterprise township,545,633,736,1113,882,998,0,0,0,183,57,0,545,633,736,930,825,998
,Kansas,20,200,Ford County,57,570,Fairview township,22500,Fairview Township,FAIRVIEW TOWNSHIP,Fairview township,Fairview township,Fairview township,Fairview township,189,320,309,346,290,277,0,0,0,0,0,0,189,320,309,346,290,277
,Kansas,20,200,Ford County,57,570,Ford township,23750,Ford Township,FORD TOWNSHIP,Ford township,Ford township,Ford township,Ford township,393,424,403,456,364,329,0,0,0,0,0,0,393,424,403,456,364,329
,Kansas,20,200,Ford County,57,570,Grandview township,27350,Grandview Township,GRANDVIEW TOWNSHIP,Grandview township,Grandview township,Grandview township,Grandview township,862,783,759,784,624,569,0,0,0,0,0,7,862,783,759,784,624,562
,Kansas,20,200,Ford County,57,570,Pleasant Valley Township,50,Pleasant Valley Township,,,,,,83,,,,,,0,,,,,,83,,,,,
,Kansas,20,200,Ford County,57,570,Richland township,59300,Richland Township,RICHLAND TOWNSHIP,Richland township,Richland township,Richland township,Richland township,863,319,673,931,888,893,0,0,0,523,405,356,863,319,673,408,483,537
,Kansas,20,200,Ford County,57,570,Royal township,61575,Royal Township,ROYAL TOWNSHIP,Royal township,Royal township,Royal township,Royal township,97,107,106,105,207,228,0,0,0,0,0,0,97,107,106,105,207,228
,Kansas,20,200,Ford County,57,570,Sodville township,66150,Sodville Township,SODVILLE TOWNSHIP,Sodville township,Sodville township,Sodville township,Sodville township,135,129,124,110,109,89,0,0,0,0,0,0,135,129,124,110,109,89
,Kansas,20,200,Ford County,57,570,Spearville township,67150,Spearville Township,SPEARVILLE TOWNSHIP,Spearville township,Spearville township,Spearville township,Spearville township,1340,1172,1151,1150,1104,1163,0,0,0,0,0,0,1340,1172,1151,1150,1104,1163
,Kansas,20,200,Ford County,57,570,Wheatland township,77675,Wheatland Township,WHEATLAND TOWNSHIP,Wheatland township,Wheatland township,Wheatland township,Wheatland township,342,235,210,170,151,139,0,0,0,0,0,0,342,235,210,170,151,139
,Kansas,20,200,Ford County,57,570,Wilburn township,79100,Wilburn Township,WILBURN TOWNSHIP,Wilburn township,Wilburn township,Wilburn township,Wilburn township,153,134,92,88,91,78,0,0,0,0,0,0,153,134,92,88,91,78
,Kansas,20,200,Franklin County,59,590,Appanoose township,2075,Appanoose Township,APPANOOSE TOWNSHIP,Appanoose township,Appanoose township,Appanoose township,Appanoose township,245,257,263,293,306,344,0,0,0,0,0,0,245,257,263,293,306,344
,Kansas,20,200,Franklin County,59,590,Centropolis township,12475,Centropolis Township,CENTROPOLIS TOWNSHIP,Centropolis township,Centropolis township,Centropolis township,Centropolis township,616,758,822,997,1011,1006,0,0,0,0,0,0,616,758,822,997,1011,1006
,Kansas,20,200,Franklin County,59,590,Cutler township,16900,Cutler Township,CUTLER TOWNSHIP,Cutler township,Cutler township,Cutler township,Cutler township,537,714,669,856,798,748,0,0,0,0,0,0,537,714,669,856,798,748
,Kansas,20,200,Franklin County,59,590,Franklin township,24375,Franklin Township,FRANKLIN TOWNSHIP,Franklin township,Franklin township,Franklin township,Franklin township,1663,2219,2178,2552,3065,3080,0,0,0,0,0,0,1663,2219,2178,2552,3065,3080
,Kansas,20,200,Franklin County,59,590,Greenwood township,28750,Greenwood Township,GREENWOOD TOWNSHIP,Greenwood township,Greenwood township,Greenwood township,Greenwood township,260,347,366,429,459,403,0,0,0,0,0,0,260,347,366,429,459,403
,Kansas,20,200,Franklin County,59,590,Harrison township,30300,Harrison Township,HARRISON TOWNSHIP,Harrison township,Harrison township,Harrison township,Harrison township,484,420,402,445,438,460,0,0,0,0,0,0,484,420,402,445,438,460
,Kansas,20,200,Franklin County,59,590,Hayes township,30925,Hayes Township,HAYES TOWNSHIP,Hayes township,Hayes township,Hayes township,Hayes township,258,314,362,397,393,431,0,0,0,0,0,0,258,314,362,397,393,431
,Kansas,20,200,Franklin County,59,590,Homewood township,33000,Homewood Township,HOMEWOOD TOWNSHIP,Homewood township,Homewood township,Homewood township,Homewood township,329,411,412,493,532,550,0,0,0,0,0,0,329,411,412,493,532,550
,Kansas,20,200,Franklin County,59,590,Lincoln township,40700,Lincoln Township,LINCOLN TOWNSHIP,Lincoln township,Lincoln township,Lincoln township,Lincoln township,469,475,902,797,857,833,0,0,0,1,2,0,469,475,902,796,855,833
,Kansas,20,200,Franklin County,59,590,Ohio township,52350,Ohio Township,OHIO TOWNSHIP,Ohio township,Ohio township,Ohio township,Ohio township,499,621,650,783,770,768,0,0,0,0,0,0,499,621,650,783,770,768
,Kansas,20,200,Franklin County,59,590,Ottawa city,53550,Ottawa City,OTTAWA CITY,Ottawa city,Ottawa city,Ottawa city,Ottawa city,11036,11016,10667,11921,12649,12625,11036,11016,10667,11734,12446,12461,0,0,0,187,203,164
,Kansas,20,200,Franklin County,59,590,Ottawa township,53575,Ottawa Township,OTTAWA TOWNSHIP,Ottawa township,Ottawa township,Ottawa township,Ottawa township,665,923,792,868,813,842,0,0,0,0,2,0,665,923,792,868,811,842
,Kansas,20,200,Franklin County,59,590,Peoria township,55425,Peoria Township,PEORIA TOWNSHIP,Peoria township,Peoria township,Peoria township,Peoria township,374,514,526,626,672,646,0,0,0,0,0,0,374,514,526,626,672,646
,Kansas,20,200,Franklin County,59,590,Pomona township,57025,Pomona Township,POMONA TOWNSHIP,Pomona township,Pomona township,Pomona township,Pomona township,718,1080,1051,1174,1078,1128,0,0,0,0,0,0,718,1080,1051,1174,1078,1128
,Kansas,20,200,Franklin County,59,590,Pottawatomie township,57225,Pottawatomie Township,POTTAWATOMIE TOWNSHIP,Pottawatomie township,Pottawatomie township,Pottawatomie township,Pottawatomie township,534,561,582,669,605,607,0,0,0,0,0,0,534,561,582,669,605,607
,Kansas,20,200,Franklin County,59,590,Richmond township,59700,Richmond Township,RICHMOND TOWNSHIP,Richmond township,Richmond township,Richmond township,Richmond township,722,780,833,812,842,829,0,0,0,0,0,0,722,780,833,812,842,829
,Kansas,20,200,Franklin County,59,590,Williamsburg township,79325,Williamsburg Township,WILLIAMSBURG TOWNSHIP,Williamsburg township,Williamsburg township,Williamsburg township,Williamsburg township,598,652,517,672,704,696,0,0,0,0,0,0,598,652,517,672,704,696
,Kansas,20,200,Geary County,61,610,Blakely township,7275,Blakely Township,BLAKELY TOWNSHIP,Blakely township,Blakely township,Blakely township,Blakely township,100,94,107,113,101,113,0,0,0,0,0,0,100,94,107,113,101,113
,Kansas,20,200,Geary County,61,610,Jackson township,34775,Jackson Township,JACKSON TOWNSHIP,Jackson township,Jackson township,Jackson township,Jackson township,84,100,84,78,59,96,0,0,0,0,0,0,84,100,84,78,59,96
,Kansas,20,200,Geary County,61,610,Jefferson township,35200,Jefferson Township,JEFFERSON TOWNSHIP,Jefferson township,Jefferson township,Jefferson township,Jefferson township,1113,1740,1749,1651,2041,2159,0,0,0,1160,1614,1739,1113,1740,1749,491,427,420
,Kansas,20,200,Geary County,61,610,Junction City city,35750,Junction City City,JUNCTION CITY CITY,Junction City city,Junction City city,Junction City city,Junction City city,19018,19305,20604,18886,23353,22932,19018,19305,20604,18842,23073,22861,0,0,0,44,280,71
,Kansas,20,200,Geary County,61,610,Liberty township,40050,Liberty Township,LIBERTY TOWNSHIP,Liberty township,Liberty township,Liberty township,Liberty township,252,286,246,225,167,185,0,0,0,0,0,0,252,286,246,225,167,185
,Kansas,20,200,Geary County,61,610,Lyon township,43500,Lyon Township,LYON TOWNSHIP,Lyon township,Lyon township,Lyon township,Lyon township,193,272,301,298,305,250,0,0,0,0,0,0,193,272,301,298,305,250
,Kansas,20,200,Geary County,61,610,Milford township,46550,Milford Township,MILFORD TOWNSHIP,Milford township,Milford township,Milford township,Milford township,1346,1285,1445,1583,1669,1698,956,0,0,0,0,0,390,1285,1445,1583,1669,1698
,Kansas,20,200,Geary County,61,610,Smoky Hill township,66000,Smoky Hill Township,SMOKY HILL TOWNSHIP,Smoky Hill township,Smoky Hill township,Smoky Hill township,Smoky Hill township,5861,6625,5758,4974,6531,9143,3551,1656,683,3997,5664,7869,2310,4969,5075,977,867,1274
,Kansas,20,200,Geary County,61,610,Wingfield township,80025,Wingfield Township,WINGFIELD TOWNSHIP,Wingfield township,Wingfield township,Wingfield township,Wingfield township,144,145,159,139,136,163,0,0,0,0,0,0,144,145,159,139,136,163
,Kansas,20,200,Gove County,63,630,Baker township,3775,Baker Township,BAKER TOWNSHIP,Baker township,Baker township,Baker township,Baker township,1360,1400,1344,1357,1291,1276,0,0,0,0,0,0,1360,1400,1344,1357,1291,1276
,Kansas,20,200,Gove County,63,630,Gaeland township,25000,Gaeland Township,GAELAND TOWNSHIP,Gaeland township,Gaeland township,Gaeland township,Gaeland township,89,80,55,46,52,52,0,0,0,0,0,0,89,80,55,46,52,52
,Kansas,20,200,Gove County,63,630,Gove township,27075,Gove Township,GOVE TOWNSHIP,Gove township,Gove township,Gove township,Gove township,365,293,230,215,173,181,0,0,0,0,0,0,365,293,230,215,173,181
,Kansas,20,200,Gove County,63,630,Grainfield township,27225,Grainfield Township,GRAINFIELD TOWNSHIP,Grainfield township,Grainfield township,Grainfield township,Grainfield township,615,585,467,430,369,406,0,0,0,0,0,0,615,585,467,430,369,406
,Kansas,20,200,Gove County,63,630,Grinnell township,28925,Grinnell Township,GRINNELL TOWNSHIP,Grinnell township,Grinnell township,Grinnell township,Grinnell township,723,678,557,480,399,406,0,0,0,0,0,0,723,678,557,480,399,406
,Kansas,20,200,Gove County,63,630,Jerome township,35425,Jerome Township,JEROME TOWNSHIP,Jerome township,Jerome township,Jerome township,Jerome township,168,154,149,132,97,99,0,0,0,0,0,0,168,154,149,132,97,99
,Kansas,20,200,Gove County,63,630,Larrabee township,38750,Larrabee Township,LARRABEE TOWNSHIP,Larrabee township,Larrabee township,Larrabee township,Larrabee township,111,102,93,80,61,58,0,0,0,0,0,0,111,102,93,80,61,58
,Kansas,20,200,Gove County,63,630,Lewis township,39750,Lewis Township,LEWIS TOWNSHIP,Lewis township,Lewis township,Lewis township,Lewis township,26,26,20,13,7,12,0,0,0,0,0,0,26,26,20,13,7,12
,Kansas,20,200,Gove County,63,630,Payne township,55050,Payne Township,PAYNE TOWNSHIP,Payne township,Payne township,Payne township,Payne township,483,408,316,315,246,228,0,0,0,0,0,0,483,408,316,315,246,228
,Kansas,20,200,Graham County,65,650,Allodium township,1325,Allodium Township,ALLODIUM TOWNSHIP,Allodium township,Allodium township,Allodium township,Allodium township,101,102,64,46,51,36,0,0,0,0,0,0,101,102,64,46,51,36
,Kansas,20,200,Graham County,65,650,Bryant township,8850,Bryant Township,BRYANT TOWNSHIP,Bryant township,Bryant township,Bryant township,Bryant township,293,231,162,115,74,80,0,0,0,0,0,0,293,231,162,115,74,80
,Kansas,20,200,Graham County,65,650,Gettysburg township,26175,Gettysburg Township,GETTYSBURG TOWNSHIP,Gettysburg township,Gettysburg township,Gettysburg township,Gettysburg township,157,110,103,83,74,71,0,0,0,0,0,0,157,110,103,83,74,71
,Kansas,20,200,Graham County,65,650,Graham township,27175,Graham Township,GRAHAM TOWNSHIP,Graham township,Graham township,Graham township,Graham township,101,76,60,53,54,51,0,0,0,0,0,0,101,76,60,53,54,51
,Kansas,20,200,Graham County,65,650,Happy township,29950,Happy Township,HAPPY TOWNSHIP,Happy township,Happy township,Happy township,Happy township,157,108,86,72,54,59,0,0,0,0,0,0,157,108,86,72,54,59
,Kansas,20,200,Graham County,65,650,Hill City township,32200,Hill City Township,HILL CITY TOWNSHIP,Hill City township,Hill City township,Hill City township,Hill City township,2394,2205,2025,1747,1591,1518,0,0,0,0,0,0,2394,2205,2025,1747,1591,1518
,Kansas,20,200,Graham County,65,650,Indiana township,34000,Indiana Township,INDIANA TOWNSHIP,Indiana township,Indiana township,Indiana township,Indiana township,89,65,42,42,31,26,0,0,0,0,0,0,89,65,42,42,31,26
,Kansas,20,200,Graham County,65,650,Millbrook township,46625,Millbrook Township,MILLBROOK TOWNSHIP,Millbrook township,Millbrook township,Millbrook township,Millbrook township,291,215,179,150,108,90,0,0,0,0,0,0,291,215,179,150,108,90
,Kansas,20,200,Graham County,65,650,Morlan township,48250,Morlan Township,MORLAN TOWNSHIP,Morlan township,Morlan township,Morlan township,Morlan township,184,112,113,68,64,51,0,0,0,0,0,0,184,112,113,68,64,51
,Kansas,20,200,Graham County,65,650,Nicodemus township,50575,Nicodemus Township,NICODEMUS TOWNSHIP,Nicodemus township,Nicodemus township,Nicodemus township,Nicodemus township,100,81,66,52,59,43,0,0,0,0,0,0,100,81,66,52,59,43
,Kansas,20,200,Graham County,65,650,Pioneer township,55900,Pioneer Township,PIONEER TOWNSHIP,Pioneer township,Pioneer township,Pioneer township,Pioneer township,106,67,45,57,34,16,0,0,0,0,0,0,106,67,45,57,34,16
,Kansas,20,200,Graham County,65,650,Solomon township,66300,Solomon Township,SOLOMON TOWNSHIP,Solomon township,Solomon township,Solomon township,Solomon township,386,317,293,209,193,145,0,0,0,0,0,0,386,317,293,209,193,145
,Kansas,20,200,Graham County,65,650,Wildhorse township,79225,Wild Horse Township,WILD HORSE TOWNSHIP,Wildhorse township,Wildhorse township,Wildhorse township,Wildhorse township,392,306,305,252,210,229,0,0,0,0,0,0,392,306,305,252,210,229
,Kansas,20,200,Grant County,67,670,Lincoln township,40725,Lincoln Township,LINCOLN TOWNSHIP,Lincoln township,Lincoln township,Lincoln township,Lincoln township,4769,5832,6226,7058,7102,6644,3779,4653,5474,6259,6279,5865,990,1179,752,799,823,779
,Kansas,20,200,Grant County,67,670,Sherman township,64975,Sherman Township,SHERMAN TOWNSHIP,Sherman township,Sherman township,Sherman township,Sherman township,561,536,534,498,465,437,0,0,0,0,0,0,561,536,534,498,465,437
,Kansas,20,200,Grant County,67,670,Sullivan township,68875,Sullivan Township,SULLIVAN TOWNSHIP,Sullivan township,Sullivan township,Sullivan township,Sullivan township,631,609,399,353,262,271,0,0,0,0,0,0,631,609,399,353,262,271
,Kansas,20,200,Gray County,69,690,Cimarron township,13300,Cimarron Township,CIMARRON TOWNSHIP,Cimarron township,Cimarron township,Cimarron township,Cimarron township,1617,1937,2125,2379,2647,2418,0,0,0,0,0,0,1617,1937,2125,2379,2647,2418
,Kansas,20,200,Gray County,69,690,Copeland township,15500,Copeland Township,COPELAND TOWNSHIP,Copeland township,Copeland township,Copeland township,Copeland township,517,574,536,540,552,502,0,0,0,0,0,0,517,574,536,540,552,502
,Kansas,20,200,Gray County,69,690,East Hess township,19525,East Hess Township,EAST HESS TOWNSHIP,East Hess township,East Hess township,East Hess township,East Hess township,422,396,373,372,360,335,0,0,0,0,0,0,422,396,373,372,360,335
,Kansas,20,200,Gray County,69,690,Foote township,23675,Foote Township,FOOTE TOWNSHIP,Foote township,Foote township,Foote township,Foote township,160,152,124,126,99,131,0,0,0,0,0,0,160,152,124,126,99,131
,Kansas,20,200,Gray County,69,690,Ingalls township,34250,Ingalls Township,INGALLS TOWNSHIP,Ingalls township,Ingalls township,Ingalls township,Ingalls township,480,595,611,646,609,564,0,0,0,0,0,0,480,595,611,646,609,564
,Kansas,20,200,Gray County,69,690,Logan township,41900,Logan Township,LOGAN TOWNSHIP,Logan township,Logan township,Logan township,Logan township,205,197,196,216,207,163,0,0,0,0,0,0,205,197,196,216,207,163
,Kansas,20,200,Gray County,69,690,Montezuma township,47900,Montezuma Township,MONTEZUMA TOWNSHIP,Montezuma township,Montezuma township,Montezuma township,Montezuma township,922,1287,1431,1625,1532,1540,0,0,0,0,0,0,922,1287,1431,1625,1532,1540
,Kansas,20,200,Gray County,69,690,West Hess Township,40,West Hess Township,,,,,,193,,,,,,0,,,,,,193,,,,,
,Kansas,20,200,Greeley County,71,710,Colony township,14975,Colony Township,COLONY TOWNSHIP,Colony township,Colony township,,,220,235,203,172,,,0,0,0,0,,,220,235,203,172,,
,Kansas,20,200,Greeley County,71,710,Harrison township,30325,Harrison Township,HARRISON TOWNSHIP,Harrison township,Harrison township,,,144,185,134,107,,,0,0,0,0,,,144,185,134,107,,
,Kansas,20,200,Greeley County,71,710,Tribune township,71475,Tribune Township,TRIBUNE TOWNSHIP,Tribune township,Tribune township,Tribune township,Tribune township,1455,1425,1437,1255,1247,1284,0,0,0,0,0,0,1455,1425,1437,1255,1247,1284
,Kansas,20,200,Greenwood County,73,730,Bachelor township,3625,Bachelor Township,BACHELOR TOWNSHIP,Bachelor township,Bachelor township,Bachelor township,Bachelor township,236,195,236,230,193,164,0,0,0,0,0,0,236,195,236,230,193,164
,Kansas,20,200,Greenwood County,73,730,Eureka city,21800,Eureka City,EUREKA CITY,Eureka city,Eureka city,Eureka city,Eureka city,3576,3425,2974,2914,2633,2332,3576,3425,2974,2848,2586,0,0,0,0,66,47,2332
,Kansas,20,200,Greenwood County,73,730,Eureka township,21825,Eureka Township,EUREKA TOWNSHIP,Eureka township,Eureka township,Eureka township,Eureka township,322,369,481,451,395,355,0,0,0,18,5,0,322,369,481,433,390,355
,Kansas,20,200,Greenwood County,73,730,Fall River township,22800,Fall River Township,FALL RIVER TOWNSHIP,Fall River township,Fall River township,Fall River township,Fall River township,249,239,214,229,206,203,0,0,0,0,0,0,249,239,214,229,206,203
,Kansas,20,200,Greenwood County,73,730,Janesville township,35000,Janesville Township,JANESVILLE TOWNSHIP,Janesville township,Janesville township,Janesville township,Janesville township,693,665,600,548,469,333,0,0,0,0,0,0,693,665,600,548,469,333
,Kansas,20,200,Greenwood County,73,730,Lane township,38425,Lane Township,LANE TOWNSHIP,Lane township,Lane township,Lane township,Lane township,267,238,153,167,113,75,0,0,0,0,0,0,267,238,153,167,113,75
,Kansas,20,200,Greenwood County,73,730,Madison township,44075,Madison Township,MADISON TOWNSHIP,Madison township,Madison township,Madison township,Madison township,1447,1431,1222,1155,983,1007,0,0,0,0,0,0,1447,1431,1222,1155,983,1007
,Kansas,20,200,Greenwood County,73,730,Otter Creek township,53650,Otter Creek Township,OTTER CREEK TOWNSHIP,Otter Creek township,Otter Creek township,Otter Creek township,Otter Creek township,300,238,184,211,209,165,0,0,0,0,0,0,300,238,184,211,209,165
,Kansas,20,200,Greenwood County,73,730,Pleasant Grove township,56375,Pleasant Grove Township,PLEASANT GROVE TOWNSHIP,Pleasant Grove township,Pleasant Grove township,Pleasant Grove township,Pleasant Grove township,101,66,51,52,48,64,0,0,0,0,0,0,101,66,51,52,48,64
,Kansas,20,200,Greenwood County,73,730,Quincy township,58175,Quincy Township,QUINCY TOWNSHIP,Quincy township,Quincy township,Quincy township,Quincy township,222,195,177,163,145,164,0,0,0,0,0,0,222,195,177,163,145,164
,Kansas,20,200,Greenwood County,73,730,Salem township,62650,Salem Township,SALEM TOWNSHIP,Salem township,Salem township,Salem township,Salem township,48,48,29,35,33,25,0,0,0,0,0,0,48,48,29,35,33,25
,Kansas,20,200,Greenwood County,73,730,Salt Springs township,62875,Salt Springs Township,SALT SPRINGS TOWNSHIP,Salt Springs township,Salt Springs township,Salt Springs township,Salt Springs township,400,388,395,463,410,384,0,0,0,0,0,0,400,388,395,463,410,384
,Kansas,20,200,Greenwood County,73,730,Shell Rock township,64600,Shell Rock Township,SHELL ROCK TOWNSHIP,Shell Rock township,Shell Rock township,Shell Rock township,Shell Rock township,290,238,208,173,160,131,0,0,0,0,0,0,290,238,208,173,160,131
,Kansas,20,200,Greenwood County,73,730,South Salem township,66925,South Salem Township,SOUTH SALEM TOWNSHIP,South Salem township,South Salem township,South Salem township,South Salem township,166,137,129,127,95,96,0,0,0,0,0,0,166,137,129,127,95,96
,Kansas,20,200,Greenwood County,73,730,Spring Creek township,67425,Spring Creek Township,SPRING CREEK TOWNSHIP,Spring Creek township,Spring Creek township,Spring Creek township,Spring Creek township,151,122,137,154,109,110,0,0,0,0,0,0,151,122,137,154,109,110
,Kansas,20,200,Greenwood County,73,730,Twin Grove township,71825,Twin Grove Township,TWIN GROVE TOWNSHIP,Twin Grove township,Twin Grove township,Twin Grove township,Twin Grove township,673,770,657,601,488,408,0,0,0,0,0,0,673,770,657,601,488,408
,Kansas,20,200,Hamilton County,75,750,Bear Creek township,4850,Bear Creek Township,BEAR CREEK TOWNSHIP,Bear Creek township,Bear Creek township,Bear Creek township,Bear Creek township,119,81,60,69,117,66,0,0,0,0,0,0,119,81,60,69,117,66
,Kansas,20,200,Hamilton County,75,750,Coolidge township,15425,Coolidge Township,COOLIDGE TOWNSHIP,Coolidge township,Coolidge township,Coolidge township,Coolidge township,215,182,144,128,149,101,0,0,0,0,0,0,215,182,144,128,149,101
,Kansas,20,200,Hamilton County,75,750,Kendall township,36425,Kendall Township,KENDALL TOWNSHIP,Kendall township,Kendall township,Kendall township,Kendall township,138,103,86,101,85,70,0,0,0,0,0,0,138,103,86,101,85,70
,Kansas,20,200,Hamilton County,75,750,Lamont township,38275,Lamont Township,LAMONT TOWNSHIP,Lamont township,Lamont township,Lamont township,Lamont township,144,108,91,89,85,84,0,0,0,0,0,0,144,108,91,89,85,84
,Kansas,20,200,Hamilton County,75,750,Liberty township,40075,Liberty Township,LIBERTY TOWNSHIP,Liberty township,Liberty township,Liberty township,Liberty township,65,32,30,38,34,43,0,0,0,0,0,0,65,32,30,38,34,43
,Kansas,20,200,Hamilton County,75,750,Medway township,45650,Medway Township,MEDWAY TOWNSHIP,Medway township,Medway township,Medway township,Medway township,60,39,38,53,60,40,0,0,0,0,0,0,60,39,38,53,60,40
,Kansas,20,200,Hamilton County,75,750,Richland township,59325,Richland Township,RICHLAND TOWNSHIP,Richland township,Richland township,Richland township,Richland township,55,40,28,27,30,30,0,0,0,0,0,0,55,40,28,27,30,30
,Kansas,20,200,Hamilton County,75,750,Syracuse township,69875,Syracuse Township,SYRACUSE TOWNSHIP,Syracuse township,Syracuse township,Syracuse township,Syracuse township,1951,1929,1911,2165,2130,2084,0,0,0,0,0,0,1951,1929,1911,2165,2130,2084
,Kansas,20,200,Harper County,77,770,Anthony city,1975,Anthony City,ANTHONY CITY,Anthony city,Anthony city,Anthony city,Anthony city,2653,2661,2516,2440,2269,2108,2653,2661,2516,0,0,0,0,0,0,2440,2269,2108
,Kansas,20,200,Harper County,77,770,Anthony Township,10,Anthony Township,,,,,,313,,,,,,0,,,,,,313,,,,,
,Kansas,20,200,Harper County,77,770,Banner Township,15,Banner Township,,,,,,180,,,,,,0,,,,,,180,,,,,
,Kansas,20,200,Harper County,77,770,Berlin Township,20,Berlin Township,,,,,,105,,,,,,0,,,,,,105,,,,,
,Kansas,20,200,Harper County,77,770,Blaine Township,25,Blaine Township,,,,,,134,,,,,,0,,,,,,134,,,,,
,Kansas,20,200,Harper County,77,770,Chicaskia Township,30,Chicaskia Township,,,,,,153,,,,,,0,,,,,,153,,,,,
,Kansas,20,200,Harper County,77,770,Eagle Township,35,Eagle Township,,,,,,141,,,,,,0,,,,,,141,,,,,
,Kansas,20,200,Harper County,77,770,Empire Township,40,Empire Township,,,,,,67,,,,,,0,,,,,,67,,,,,
,Kansas,20,200,Harper County,77,770,Garden Township,45,Garden Township,,,,,,92,,,,,,0,,,,,,92,,,,,
,Kansas,20,200,Harper County,77,770,Grant Township,50,Grant Township,,,,,,142,,,,,,0,,,,,,142,,,,,
,Kansas,20,200,Harper County,77,770,Greene Township,55,Greene Township,,,,,,88,,,,,,0,,,,,,88,,,,,
,Kansas,20,200,Harper County,77,770,Harper city,30175,Harper City,HARPER CITY,Harper city,Harper city,Harper city,Harper city,1665,1823,1735,1567,1473,1313,0,0,0,0,0,0,1665,1823,1735,1567,1473,1313
,Kansas,20,200,Harper County,77,770,Harper Township,65,Harper Township,,,,,,139,,,,,,0,,,,,,139,,,,,
,Kansas,20,200,Harper County,77,770,Lake Township,70,Lake Township,,,,,,91,,,,,,0,,,,,,91,,,,,
,Kansas,20,200,Harper County,77,770,Lawn Township,75,Lawn Township,,,,,,97,,,,,,0,,,,,,97,,,,,
,Kansas,20,200,Harper County,77,770,Liberty Township,80,Liberty Township,,,,,,89,,,,,,0,,,,,,89,,,,,
,Kansas,20,200,Harper County,77,770,Odell Township,85,Odell Township,,,,,,226,,,,,,0,,,,,,226,,,,,
,Kansas,20,200,Harper County,77,770,Pilot Knob Township,90,Pilot Knob Township,,,,,,194,,,,,,0,,,,,,194,,,,,
,Kansas,20,200,Harper County,77,770,Ruella Township,95,Ruella Township,,,,,,739,,,,,,0,,,,,,739,,,,,
,Kansas,20,200,Harper County,77,770,Silver Creek Township,100,Silver Creek Township,,,,,,136,,,,,,0,,,,,,136,,,,,
,Kansas,20,200,Harper County,77,770,Spring Township,105,Spring Township,,,,,,134,,,,,,0,,,,,,134,,,,,
,Kansas,20,200,Harper County,77,770,Stohrville Township,110,Stohrville Township,,,,,,293,,,,,,0,,,,,,293,,,,,
,Kansas,20,200,Harper County,77,770,Township 1,71201,,TOWNSHIP NO. 1,Township No. 1,Township No. 1,Township 1,Township 1,,1206,1125,1000,963,834,,0,0,0,0,0,,1206,1125,1000,963,834
,Kansas,20,200,Harper County,77,770,Township 2,71205,,TOWNSHIP NO. 2,Township No. 2,Township No. 2,Township 2,Township 2,,270,189,144,115,102,,0,0,0,0,0,,270,189,144,115,102
,Kansas,20,200,Harper County,77,770,Township 3,71209,,TOWNSHIP NO. 3,Township No. 3,Township No. 3,Township 3,Township 3,,554,414,394,300,273,,0,0,0,0,0,,554,414,394,300,273
,Kansas,20,200,Harper County,77,770,Township 4,71213,,TOWNSHIP NO. 4,Township No. 4,Township No. 4,Township 4,Township 4,,318,268,232,220,178,,0,0,0,0,0,,318,268,232,220,178
,Kansas,20,200,Harper County,77,770,Township 5,71217,,TOWNSHIP NO. 5,Township No. 5,Township No. 5,Township 5,Township 5,,551,499,463,412,406,,0,0,0,0,0,,551,499,463,412,406
,Kansas,20,200,Harper County,77,770,Township 6,71221,,TOWNSHIP NO. 6,Township No. 6,Township No. 6,Township 6,Township 6,,395,378,296,282,271,,0,0,0,0,0,,395,378,296,282,271
,Kansas,20,200,Harvey County,79,790,Alta township,1500,Alta Township,ALTA TOWNSHIP,Alta township,Alta township,Alta township,Alta township,267,242,243,221,236,221,0,0,0,0,0,0,267,242,243,221,236,221
,Kansas,20,200,Harvey County,79,790,Burrton township,9600,Burrton Township,BURRTON TOWNSHIP,Burrton township,Burrton township,Burrton township,Burrton township,1035,1211,1149,1143,1080,1057,0,0,0,0,0,0,1035,1211,1149,1143,1080,1057
,Kansas,20,200,Harvey County,79,790,Darlington township,17025,Darlington Township,DARLINGTON TOWNSHIP,Darlington township,Darlington township,Darlington township,Darlington township,409,527,471,601,575,586,0,0,0,0,0,0,409,527,471,601,575,586
,Kansas,20,200,Harvey County,79,790,Emma township,21025,Emma Township,EMMA TOWNSHIP,Emma township,Emma township,Emma township,Emma township,2433,3618,3612,4181,4267,4038,0,3013,3012,3373,3306,0,2433,605,600,808,961,4038
,Kansas,20,200,Harvey County,79,790,Garden township,25300,Garden Township,GARDEN TOWNSHIP,Garden township,Garden township,Garden township,Garden township,303,296,301,294,280,300,0,0,0,0,0,0,303,296,301,294,280,300
,Kansas,20,200,Harvey County,79,790,Halstead city,29600,Halstead City,HALSTEAD CITY,Halstead city,Halstead city,Halstead city,Halstead city,1716,1994,2015,1873,2085,2179,0,0,0,0,0,0,1716,1994,2015,1873,2085,2179
,Kansas,20,200,Harvey County,79,790,Halstead township,29625,Halstead Township,HALSTEAD TOWNSHIP,Halstead township,Halstead township,Halstead township,Halstead township,404,378,390,353,365,392,0,0,0,0,0,0,404,378,390,353,365,392
,Kansas,20,200,Harvey County,79,790,Highland township,31875,Highland Township,HIGHLAND TOWNSHIP,Highland township,Highland township,Highland township,Highland township,342,386,408,415,388,384,0,0,0,0,0,0,342,386,408,415,388,384
,Kansas,20,200,Harvey County,79,790,Lake township,37825,Lake Township,LAKE TOWNSHIP,Lake township,Lake township,Lake township,Lake township,233,219,191,173,158,170,0,0,0,0,0,0,233,219,191,173,158,170
,Kansas,20,200,Harvey County,79,790,Lakin township,38150,Lakin Township,LAKIN TOWNSHIP,Lakin township,Lakin township,Lakin township,Lakin township,306,346,327,357,331,358,0,0,0,0,0,0,306,346,327,357,331,358
,Kansas,20,200,Harvey County,79,790,Macon township,43925,Macon Township,MACON TOWNSHIP,Macon township,Macon township,Macon township,Macon township,456,632,819,1056,531,498,0,0,0,560,4,0,456,632,819,496,527,498
,Kansas,20,200,Harvey County,79,790,Newton city,50475,Newton City,NEWTON CITY,Newton city,Newton city,Newton city,Newton city,15439,16332,16700,17190,19132,18602,15439,16332,16700,17170,18858,18522,0,0,0,20,274,80
,Kansas,20,200,Harvey County,79,790,Newton township,50500,Newton Township,NEWTON TOWNSHIP,Newton township,Newton township,Newton township,Newton township,1499,1708,1694,1950,2130,2207,0,0,0,1588,1792,1856,1499,1708,1694,362,338,351
,Kansas,20,200,Harvey County,79,790,Pleasant township,56250,Pleasant Township,PLEASANT TOWNSHIP,Pleasant township,Pleasant township,Pleasant township,Pleasant township,258,323,389,439,400,457,0,0,0,0,0,0,258,323,389,439,400,457
,Kansas,20,200,Harvey County,79,790,Richland township,59350,Richland Township,RICHLAND TOWNSHIP,Richland township,Richland township,Richland township,Richland township,244,211,200,360,367,358,0,0,0,0,0,0,244,211,200,360,367,358
,Kansas,20,200,Harvey County,79,790,Sedgwick township,63825,Sedgwick Township,SEDGWICK TOWNSHIP,Sedgwick township,Sedgwick township,Sedgwick township,Sedgwick township,1498,1682,1701,1711,1833,1748,0,0,0,0,0,0,1498,1682,1701,1711,1833,1748
,Kansas,20,200,Harvey County,79,790,Walton township,75225,Walton Township,WALTON TOWNSHIP,Walton township,Walton township,Walton township,Walton township,394,426,418,552,526,469,0,0,0,0,0,0,394,426,418,552,526,469
,Kansas,20,200,Haskell County,81,810,Dudley township,18825,Dudley Township,DUDLEY TOWNSHIP,Dudley township,Dudley township,Dudley township,Dudley township,1579,1541,1522,1814,1683,1435,0,0,0,0,0,0,1579,1541,1522,1814,1683,1435
,Kansas,20,200,Haskell County,81,810,Haskell township,30625,Haskell Township,HASKELL TOWNSHIP,Haskell township,Haskell township,Haskell township,Haskell township,1619,1721,1825,1971,2094,1880,0,0,0,0,0,0,1619,1721,1825,1971,2094,1880
,Kansas,20,200,Haskell County,81,810,Lockport township,41675,Lockport Township,LOCKPORT TOWNSHIP,Lockport township,Lockport township,Lockport township,Lockport township,474,552,539,522,479,465,0,0,0,0,0,0,474,552,539,522,479,465
,Kansas,20,200,Hodgeman County,83,830,Benton township,6225,Benton Township,BENTON TOWNSHIP,Benton township,Benton township,Benton township,Benton township,50,47,42,48,36,27,0,0,0,0,0,0,50,47,42,48,36,27
,Kansas,20,200,Hodgeman County,83,830,Center township,11725,Center Township,CENTER TOWNSHIP,Center township,Center township,Center township,Center township,1208,1098,1053,1121,1085,963,0,0,0,0,0,0,1208,1098,1053,1121,1085,963
,Kansas,20,200,Hodgeman County,83,830,Hallet township,29525,Hallet Township,HALLET TOWNSHIP,Hallet township,Hallet township,Hallet township,Hallet township,76,69,41,62,58,45,0,0,0,0,0,0,76,69,41,62,58,45
,Kansas,20,200,Hodgeman County,83,830,Marena township,44575,Marena Township,MARENA TOWNSHIP,Marena township,Marena township,Marena township,Marena township,568,500,542,432,389,384,0,0,0,0,0,0,568,500,542,432,389,384
,Kansas,20,200,Hodgeman County,83,830,North Roscoe township,51350,North Roscoe Township,NORTH ROSCOE TOWNSHIP,North Roscoe township,North Roscoe township,North Roscoe township,North Roscoe township,115,76,73,51,48,31,0,0,0,0,0,0,115,76,73,51,48,31
,Kansas,20,200,Hodgeman County,83,830,Sawlog township,63225,Sawlog Township,SAWLOG TOWNSHIP,Sawlog township,Sawlog township,Sawlog township,Sawlog township,170,124,100,93,91,61,0,0,0,0,0,0,170,124,100,93,91,61
,Kansas,20,200,Hodgeman County,83,830,South Roscoe township,66900,South Roscoe Township,SOUTH ROSCOE TOWNSHIP,South Roscoe township,South Roscoe township,South Roscoe township,South Roscoe township,124,99,107,76,62,50,0,0,0,0,0,0,124,99,107,76,62,50
,Kansas,20,200,Hodgeman County,83,830,Sterling township,68175,Sterling Township,STERLING TOWNSHIP,Sterling township,Sterling township,Sterling township,Sterling township,230,163,153,144,101,99,0,0,0,0,0,0,230,163,153,144,101,99
,Kansas,20,200,Hodgeman County,83,830,Valley township,72825,Valley Township,VALLEY TOWNSHIP,Valley township,Valley township,Valley township,Valley township,121,93,66,58,46,63,0,0,0,0,0,0,121,93,66,58,46,63
,Kansas,20,200,Jackson County,85,850,Adrian township,350,Adrian Township,ADRIAN TOWNSHIP,Adrian township,Adrian township,Adrian township,Adrian township,166,125,114,150,176,188,0,0,0,0,0,0,166,125,114,150,176,188
,Kansas,20,200,Jackson County,85,850,Banner township,4025,Banner Township,BANNER TOWNSHIP,Banner township,Banner township,Banner township,Banner township,264,329,312,300,328,327,0,0,0,0,0,0,264,329,312,300,328,327
,Kansas,20,200,Jackson County,85,850,Cedar township,11275,Cedar Township,CEDAR TOWNSHIP,Cedar township,Cedar township,Cedar township,Cedar township,828,1164,1132,1254,1402,1392,0,0,0,0,0,0,828,1164,1132,1254,1402,1392
,Kansas,20,200,Jackson County,85,850,Douglas township,18350,Douglas Township,DOUGLAS TOWNSHIP,Douglas township,Douglas township,Douglas township,Douglas township,1243,1711,1812,2135,2314,2146,0,0,0,0,0,0,1243,1711,1812,2135,2314,2146
,Kansas,20,200,Jackson County,85,850,Franklin township,24400,Franklin Township,FRANKLIN TOWNSHIP,Franklin township,Franklin township,Franklin township,Franklin township,472,600,634,776,1022,903,0,0,0,0,0,0,472,600,634,776,1022,903
,Kansas,20,200,Jackson County,85,850,Garfield township,25625,Garfield Township,GARFIELD TOWNSHIP,Garfield township,Garfield township,Garfield township,Garfield township,619,600,604,624,640,564,0,0,0,0,0,0,619,600,604,624,640,564
,Kansas,20,200,Jackson County,85,850,Grant township,27700,Grant Township,GRANT TOWNSHIP,Grant township,Grant township,Grant township,Grant township,178,211,183,212,170,186,0,0,0,0,0,0,178,211,183,212,170,186
,Kansas,20,200,Jackson County,85,850,Holton city,32825,Holton City,HOLTON CITY,Holton city,Holton city,Holton city,Holton city,3063,3132,3196,3353,3329,3401,3063,3132,3196,3285,3245,0,0,0,0,68,84,3401
,Kansas,20,200,Jackson County,85,850,Jefferson township,35225,Jefferson Township,JEFFERSON TOWNSHIP,Jefferson township,Jefferson township,Jefferson township,Jefferson township,467,517,466,494,513,528,0,0,0,0,0,0,467,517,466,494,513,528
,Kansas,20,200,Jackson County,85,850,Liberty township,40125,Liberty Township,LIBERTY TOWNSHIP,Liberty township,Liberty township,Liberty township,Liberty township,421,416,410,513,510,539,0,0,0,0,0,0,421,416,410,513,510,539
,Kansas,20,200,Jackson County,85,850,Lincoln township,40750,Lincoln Township,LINCOLN TOWNSHIP,Lincoln township,Lincoln township,Lincoln township,Lincoln township,528,756,892,1046,1221,1313,0,0,0,0,0,0,528,756,892,1046,1221,1313
,Kansas,20,200,Jackson County,85,850,Netawaka township,49975,Netawaka Township,NETAWAKA TOWNSHIP,Netawaka township,Netawaka township,Netawaka township,Netawaka township,413,474,371,361,330,324,0,0,0,0,0,0,413,474,371,361,330,324
,Kansas,20,200,Jackson County,85,850,Soldier township,66200,Soldier Township,SOLDIER TOWNSHIP,Soldier township,Soldier township,Soldier township,Soldier township,479,493,395,403,404,344,0,0,0,0,0,0,479,493,395,403,404,344
,Kansas,20,200,Jackson County,85,850,Straight Creek township,68475,Straight Creek Township,STRAIGHT CREEK TOWNSHIP,Straight Creek township,Straight Creek township,Straight Creek township,Straight Creek township,236,193,181,158,185,202,0,0,0,0,0,0,236,193,181,158,185,202
,Kansas,20,200,Jackson County,85,850,Washington township,75625,Washington Township,WASHINGTON TOWNSHIP,Washington township,Washington township,Washington township,Washington township,459,453,443,516,582,556,0,0,0,0,0,0,459,453,443,516,582,556
,Kansas,20,200,Jackson County,85,850,Whiting township,78125,Whiting Township,WHITING TOWNSHIP,Whiting township,Whiting township,Whiting township,Whiting township,506,470,380,362,336,319,0,0,0,0,0,0,506,470,380,362,336,319
,Kansas,20,200,Jefferson County,87,870,Delaware township,17425,Delaware Township,DELAWARE TOWNSHIP,Delaware township,Delaware township,Delaware township,Delaware township,1889,1981,2000,2034,1939,1802,0,0,0,0,0,0,1889,1981,2000,2034,1939,1802
,Kansas,20,200,Jefferson County,87,870,Fairview township,22525,Fairview Township,FAIRVIEW TOWNSHIP,Fairview township,Fairview township,Fairview township,Fairview township,149,669,995,1510,1699,1622,0,0,0,0,0,0,149,669,995,1510,1699,1622
,Kansas,20,200,Jefferson County,87,870,Jefferson No. 10 township,35337,,,Jefferson No. 10 township,,,,,,1191,,,,,,0,,,,,,1191,,,
,Kansas,20,200,Jefferson County,87,870,Jefferson township,35250,Jefferson Township,JEFFERSON TOWNSHIP,,Jefferson township,Jefferson township,Jefferson township,1045,1241,,1240,1160,1090,0,0,,0,0,0,1045,1241,,1240,1160,1090
,Kansas,20,200,Jefferson County,87,870,Kaw township,36125,Kaw Township,KAW TOWNSHIP,Kaw township,Kaw township,Kaw township,Kaw township,1013,1301,1356,1409,1461,1390,0,0,0,0,226,160,1013,1301,1356,1409,1235,1230
,Kansas,20,200,Jefferson County,87,870,Kentucky township,36575,Kentucky Township,KENTUCKY TOWNSHIP,Kentucky township,Kentucky township,Kentucky township,Kentucky township,1129,1453,1443,1576,1746,1557,0,0,0,0,0,0,1129,1453,1443,1576,1746,1557
,Kansas,20,200,Jefferson County,87,870,Norton township,51475,Norton Township,NORTON TOWNSHIP,Norton township,Norton township,Norton township,Norton township,1121,1016,934,955,931,859,0,0,0,0,0,0,1121,1016,934,955,931,859
,Kansas,20,200,Jefferson County,87,870,Oskaloosa township,53400,Oskaloosa Township,OSKALOOSA TOWNSHIP,Oskaloosa township,Oskaloosa township,Oskaloosa township,Oskaloosa township,1572,1776,1832,2142,2169,2167,0,0,0,0,0,0,1572,1776,1832,2142,2169,2167
,Kansas,20,200,Jefferson County,87,870,Ozawkie township,53950,Ozawkie Township,OZAWKIE TOWNSHIP,Ozawkie township,Ozawkie township,Ozawkie township,Ozawkie township,430,950,1128,1408,1637,1628,0,0,0,0,0,0,430,950,1128,1408,1637,1628
,Kansas,20,200,Jefferson County,87,870,Rock Creek township,60575,Rock Creek Township,ROCK CREEK TOWNSHIP,Rock Creek township,Rock Creek township,Rock Creek township,Rock Creek township,1558,2234,2299,2718,2890,2801,0,0,0,0,0,0,1558,2234,2299,2718,2890,2801
,Kansas,20,200,Jefferson County,87,870,Rural township,61700,Rural Township,RURAL TOWNSHIP,Rural township,Rural township,Rural township,Rural township,476,588,588,804,761,776,0,0,0,0,0,0,476,588,588,804,761,776
,Kansas,20,200,Jefferson County,87,870,Sarcoxie township,63100,Sarcoxie Township,SARCOXIE TOWNSHIP,Sarcoxie township,Sarcoxie township,Sarcoxie township,Sarcoxie township,456,644,755,958,999,986,0,0,0,0,0,0,456,644,755,958,999,986
,Kansas,20,200,Jefferson County,87,870,Union township,72150,Union Township,UNION TOWNSHIP,Union township,Union township,Union township,Union township,1107,1354,1384,1672,1734,1690,0,0,0,0,0,0,1107,1354,1384,1672,1734,1690
,Kansas,20,200,Jewell County,89,890,Allen township,1225,Allen Township,ALLEN TOWNSHIP,Allen township,Allen township,Allen township,Allen township,77,68,58,43,24,13,0,0,0,0,0,0,77,68,58,43,24,13
,Kansas,20,200,Jewell County,89,890,Athens township,2975,Athens Township,ATHENS TOWNSHIP,Athens township,Athens township,Athens township,Athens township,141,105,91,74,50,50,0,0,0,0,0,0,141,105,91,74,50,50
,Kansas,20,200,Jewell County,89,890,Browns Creek township,8725,Browns Creek Township,BROWNS CREEK TOWNSHIP,Browns Creek township,Browns Creek township,Browns Creek township,Browns Creek township,90,71,74,64,50,57,0,0,0,0,0,0,90,71,74,64,50,57
,Kansas,20,200,Jewell County,89,890,Buffalo township,9125,Buffalo Township,BUFFALO TOWNSHIP,Buffalo township,Buffalo township,Buffalo township,Buffalo township,745,723,652,574,507,458,0,0,0,0,0,0,745,723,652,574,507,458
,Kansas,20,200,Jewell County,89,890,Burr Oak township,9550,Burr Oak Township,BURR OAK TOWNSHIP,Burr Oak township,Burr Oak township,Burr Oak township,Burr Oak township,568,473,349,338,226,197,0,0,0,0,0,0,568,473,349,338,226,197
,Kansas,20,200,Jewell County,89,890,Calvin township,10075,Calvin Township,CALVIN TOWNSHIP,Calvin township,Calvin township,Calvin township,Calvin township,78,73,57,65,48,36,0,0,0,0,0,0,78,73,57,65,48,36
,Kansas,20,200,Jewell County,89,890,Center township,11750,Center Township,CENTER TOWNSHIP,Center township,Center township,Center township,Center township,1477,1366,1173,1100,975,956,0,0,0,0,0,0,1477,1366,1173,1100,975,956
,Kansas,20,200,Jewell County,89,890,Erving township,21575,Erving Township,ERVING TOWNSHIP,Erving township,Erving township,Erving township,Erving township,121,86,67,60,38,37,0,0,0,0,0,0,121,86,67,60,38,37
,Kansas,20,200,Jewell County,89,890,Esbon township,21625,Esbon Township,ESBON TOWNSHIP,Esbon township,Esbon township,Esbon township,Esbon township,357,358,231,222,155,141,0,0,0,0,0,0,357,358,231,222,155,141
,Kansas,20,200,Jewell County,89,890,Grant township,27725,Grant Township,GRANT TOWNSHIP,Grant township,Grant township,Grant township,Grant township,345,280,223,220,177,159,0,0,0,0,0,0,345,280,223,220,177,159
,Kansas,20,200,Jewell County,89,890,Harrison township,30350,Harrison Township,HARRISON TOWNSHIP,Harrison township,Harrison township,Harrison township,Harrison township,85,71,60,52,33,46,0,0,0,0,0,0,85,71,60,52,33,46
,Kansas,20,200,Jewell County,89,890,Highland township,31900,Highland Township,HIGHLAND TOWNSHIP,Highland township,Highland township,Highland township,Highland township,98,67,66,49,39,35,0,0,0,0,0,0,98,67,66,49,39,35
,Kansas,20,200,Jewell County,89,890,Holmwood township,32800,Holmwood Township,HOLMWOOD TOWNSHIP,Holmwood township,Holmwood township,Holmwood township,Holmwood township,96,71,67,49,44,42,0,0,0,0,0,0,96,71,67,49,44,42
,Kansas,20,200,Jewell County,89,890,Ionia township,34375,Ionia Township,IONIA TOWNSHIP,Ionia township,Ionia township,Ionia township,Ionia township,188,153,106,100,81,67,0,0,0,0,0,0,188,153,106,100,81,67
,Kansas,20,200,Jewell County,89,890,Jackson township,34800,Jackson Township,JACKSON TOWNSHIP,Jackson township,Jackson township,Jackson township,Jackson township,207,191,154,123,97,110,0,0,0,0,0,0,207,191,154,123,97,110
,Kansas,20,200,Jewell County,89,890,Limestone township,40450,Limestone Township,LIMESTONE TOWNSHIP,Limestone township,Limestone township,Limestone township,Limestone township,131,103,87,49,49,37,0,0,0,0,0,0,131,103,87,49,49,37
,Kansas,20,200,Jewell County,89,890,Montana township,47800,Montana Township,MONTANA TOWNSHIP,Montana township,Montana township,Montana township,Montana township,147,118,96,93,73,64,0,0,0,0,0,0,147,118,96,93,73,64
,Kansas,20,200,Jewell County,89,890,Odessa township,52125,Odessa Township,ODESSA TOWNSHIP,Odessa township,Odessa township,Odessa township,Odessa township,88,74,44,34,21,16,0,0,0,0,0,0,88,74,44,34,21,16
,Kansas,20,200,Jewell County,89,890,Prairie township,57400,Prairie Township,PRAIRIE TOWNSHIP,Prairie township,Prairie township,Prairie township,Prairie township,291,250,190,172,121,139,0,0,0,0,0,0,291,250,190,172,121,139
,Kansas,20,200,Jewell County,89,890,Richland township,59375,Richland Township,RICHLAND TOWNSHIP,Richland township,Richland township,Richland township,Richland township,72,39,42,36,33,32,0,0,0,0,0,0,72,39,42,36,33,32
,Kansas,20,200,Jewell County,89,890,Sinclair township,65675,Sinclair Township,SINCLAIR TOWNSHIP,Sinclair township,Sinclair township,Sinclair township,Sinclair township,148,111,78,67,60,59,0,0,0,0,0,0,148,111,78,67,60,59
,Kansas,20,200,Jewell County,89,890,Vicksburg township,73725,Vicksburg Township,VICKSBURG TOWNSHIP,Vicksburg township,Vicksburg township,Vicksburg township,Vicksburg township,95,60,42,28,27,21,0,0,0,0,0,0,95,60,42,28,27,21
,Kansas,20,200,Jewell County,89,890,Walnut township,75000,Walnut Township,WALNUT TOWNSHIP,Walnut township,Walnut township,Walnut township,Walnut township,178,113,86,80,54,56,0,0,0,0,0,0,178,113,86,80,54,56
,Kansas,20,200,Jewell County,89,890,Washington township,75650,Washington Township,WASHINGTON TOWNSHIP,Washington township,Washington township,Washington township,Washington township,159,115,76,50,55,52,0,0,0,0,0,0,159,115,76,50,55,52
,Kansas,20,200,Jewell County,89,890,White Mound township,77925,White Mound Township,WHITE MOUND TOWNSHIP,White Mound township,White Mound township,White Mound township,White Mound township,117,102,82,49,40,52,0,0,0,0,0,0,117,102,82,49,40,52
,Kansas,20,200,Johnson County,91,910,Aubry township,3225,Aubry Township,AUBRY TOWNSHIP,Aubry township,Aubry township,Aubry township,Aubry township,1246,2989,4294,5440,4204,4650,0,0,0,0,0,25,1246,2989,4294,5440,4204,4625
,Kansas,20,200,Johnson County,91,910,Bonner Springs city,7975,,,Bonner Springs city,Bonner Springs city,Bonner Springs city,Bonner Springs city,,,3,1,0,0,,,3,0,0,0,,,0,1,0,0
,Kansas,20,200,Johnson County,91,910,Countryside city,15975,Countryside City,COUNTRYSIDE CITY,Countryside city,Countryside city,,,403,346,312,295,,,403,346,312,295,,,0,0,0,0,,
,Kansas,20,200,Johnson County,91,910,De Soto city,17850,De Soto City,DE SOTO CITY,De Soto city,De Soto city,De Soto city,De Soto city,1839,2061,2291,4561,5720,6118,0,0,0,3136,4697,0,1839,2061,2291,1425,1023,6118
,Kansas,20,200,Johnson County,91,910,Edgerton city,19825,Edgerton City,EDGERTON CITY,Edgerton city,Edgerton city,Edgerton city,Edgerton city,513,1214,1244,1440,1671,1748,0,0,0,0,0,5,513,1214,1244,1440,1671,1743
,Kansas,20,200,Johnson County,91,910,Fairway city,22700,Fairway City,FAIRWAY CITY,Fairway city,Fairway city,Fairway city,Fairway city,5133,4619,4173,3952,3882,4170,5133,4619,4173,3952,3882,4170,0,0,0,0,0,0
,Kansas,20,200,Johnson County,91,910,Gardner city,25425,Gardner City,GARDNER CITY,Gardner city,Gardner city,Gardner city,Gardner city,1839,2392,3191,9396,19123,23287,0,0,3191,9294,18960,23037,1839,2392,0,102,163,250
,Kansas,20,200,Johnson County,91,910,Gardner township,25450,Gardner Township,GARDNER TOWNSHIP,Gardner township,Gardner township,Gardner township,Gardner township,1852,2595,2888,2143,2905,2593,0,0,0,707,1530,1302,1852,2595,2888,1436,1375,1291
,Kansas,20,200,Johnson County,91,910,Lake Quivira city,37975,,LAKE QUIVIRA CITY,Lake Quivira city,Lake Quivira city,Lake Quivira city,Lake Quivira city,,1029,943,883,866,961,,1029,943,883,866,927,,0,0,0,0,34
,Kansas,20,200,Johnson County,91,910,Leawood city,39075,Leawood City,LEAWOOD CITY,Leawood city,Leawood city,Leawood city,Leawood city,10349,13360,19693,27656,31867,33902,10247,12962,19693,27450,31844,33902,102,398,0,206,23,0
,Kansas,20,200,Johnson County,91,910,Lenexa city,39350,Lenexa City,LENEXA CITY,Lenexa city,Lenexa city,Lenexa city,Lenexa city,5242,18639,34034,40238,48190,57434,5242,18639,34034,38605,46509,56773,0,0,0,1633,1681,661
,Kansas,20,200,Johnson County,91,910,Lexington township,39800,Lexington Township,LEXINGTON TOWNSHIP,Lexington township,Lexington township,Lexington township,Lexington township,2854,1978,1876,1315,1312,1497,0,0,0,0,4,0,2854,1978,1876,1315,1308,1497
,Kansas,20,200,Johnson County,91,910,McCamish township,43625,Mc Camish Township,MCCAMISH TOWNSHIP,McCamish township,McCamish township,McCamish township,McCamish township,559,922,857,878,996,980,0,0,0,0,0,0,559,922,857,878,996,980
,Kansas,20,200,Johnson County,91,910,Merriam city,46000,Merriam City,MERRIAM CITY,Merriam city,Merriam city,Merriam city,Merriam city,10851,10794,11821,11008,11003,11098,10851,10794,11821,11008,11003,11098,0,0,0,0,0,0
,Kansas,20,200,Johnson County,91,910,Mission city,47225,Mission City,MISSION CITY,Mission city,Mission city,Mission city,Mission city,8376,8643,9504,9727,9323,9954,8376,8643,9504,9727,9323,9954,0,0,0,0,0,0
,Kansas,20,200,Johnson County,91,910,Mission Hills city,47350,Mission Hills City,MISSION HILLS CITY,Mission Hills city,Mission Hills city,Mission Hills city,Mission Hills city,4177,3904,3446,3593,3498,3594,4177,3904,3446,3593,3498,3594,0,0,0,0,0,0
,Kansas,20,200,Johnson County,91,910,Mission Woods city,47425,Mission Woods City,MISSION WOODS CITY,Mission Woods city,Mission Woods city,Mission Woods city,Mission Woods city,242,213,182,165,178,203,242,213,182,165,178,203,0,0,0,0,0,0
,Kansas,20,200,Johnson County,91,910,Monticello township,47950,Monticello Township,MONTICELLO TOWNSHIP,Monticello township,Monticello township,,,1526,2813,134,0,,,0,0,0,0,,,1526,2813,134,0,,
,Kansas,20,200,Johnson County,91,910,Olathe city,52575,Olathe City,OLATHE CITY,Olathe city,Olathe city,Olathe city,Olathe city,17917,37258,63352,92962,125872,141290,17917,37258,63352,90252,123857,140576,0,0,0,2710,2015,714
,Kansas,20,200,Johnson County,91,910,Olathe township,52600,Olathe Township,OLATHE TOWNSHIP,Olathe township,Olathe township,Olathe township,Olathe township,965,1564,1931,1187,865,894,0,0,46,510,130,108,965,1564,1885,677,735,786
,Kansas,20,200,Johnson County,91,910,Overland Park city,53775,Overland Park City,OVERLAND PARK CITY,Overland Park city,Overland Park city,Overland Park city,Overland Park city,76623,81784,111790,149080,173372,197238,75985,81397,111790,147977,171220,195680,638,387,0,1103,2152,1558
,Kansas,20,200,Johnson County,91,910,Oxford township,53825,Oxford Township,OXFORD TOWNSHIP,Oxford township,Oxford township,Oxford township,Oxford township,961,2491,1925,2020,1959,2027,0,0,0,1511,1916,1983,961,2491,1925,509,43,44
,Kansas,20,200,Johnson County,91,910,Prairie Village city,57575,Prairie Village City,PRAIRIE VILLAGE CITY,Prairie Village city,Prairie Village city,Prairie Village city,Prairie Village city,28138,24657,23186,22072,21447,22957,28138,24657,23186,22072,21447,22957,0,0,0,0,0,0
,Kansas,20,200,Johnson County,91,910,Roeland Park city,60825,Roeland Park City,ROELAND PARK CITY,Roeland Park city,Roeland Park city,Roeland Park city,Roeland Park city,9974,7962,7706,6817,6731,6871,9974,7962,7706,6817,6731,6871,0,0,0,0,0,0
,Kansas,20,200,Johnson County,91,910,Shawnee city,64500,Shawnee City,SHAWNEE CITY,Shawnee city,Shawnee city,Shawnee city,Shawnee city,20482,29653,37993,47996,62209,67311,20482,29653,37993,46366,60348,65313,0,0,0,1630,1861,1998
,Kansas,20,200,Johnson County,91,910,Shawnee township,64525,Shawnee Township,SHAWNEE TOWNSHIP,Shawnee township,Shawnee township,,,1174,620,106,0,,,0,532,106,0,,,1174,88,0,0,,
,Kansas,20,200,Johnson County,91,910,Spring Hill city,67625,Spring Hill City,SPRING HILL CITY,Spring Hill city,Spring Hill city,Spring Hill city,Spring Hill city,1186,1963,2084,2291,3100,4932,0,0,0,2274,2918,4367,1186,1963,2084,17,182,565
,Kansas,20,200,Johnson County,91,910,Spring Hill township,67650,Spring Hill Township,SPRING HILL TOWNSHIP,Spring Hill township,Spring Hill township,Spring Hill township,Spring Hill township,498,1586,1940,2059,2021,2004,0,0,0,1,591,246,498,1586,1940,2058,1430,1758
,Kansas,20,200,Johnson County,91,910,Westwood city,77500,Westwood City,WESTWOOD CITY,Westwood city,Westwood city,Westwood city,Westwood city,2329,1783,1772,1533,1506,1750,2329,1783,1772,1533,1506,1750,0,0,0,0,0,0
,Kansas,20,200,Johnson County,91,910,Westwood Hills city,77525,Westwood Hills City,WESTWOOD HILLS CITY,Westwood Hills city,Westwood Hills city,Westwood Hills city,Westwood Hills city,414,437,383,378,359,400,414,437,383,378,359,400,0,0,0,0,0,0
,Kansas,20,200,Kearny County,93,930,Deerfield township,17250,Deerfield Township,DEERFIELD TOWNSHIP,Deerfield township,Deerfield township,Deerfield township,Deerfield township,639,713,954,1104,879,847,0,0,0,0,0,0,639,713,954,1104,879,847
,Kansas,20,200,Kearny County,93,930,East Hibbard township,19550,East Hibbard Township,EAST HIBBARD TOWNSHIP,East Hibbard township,East Hibbard township,East Hibbard township,East Hibbard township,155,152,123,131,108,68,0,0,0,0,0,0,155,152,123,131,108,68
,Kansas,20,200,Kearny County,93,930,Hartland township,30500,Hartland Township,HARTLAND TOWNSHIP,Hartland township,Hartland township,Hartland township,Hartland township,133,126,123,128,99,143,0,0,0,0,0,0,133,126,123,128,99,143
,Kansas,20,200,Kearny County,93,930,Kendall township,36450,Kendall Township,KENDALL TOWNSHIP,Kendall township,Kendall township,Kendall township,Kendall township,106,109,133,157,103,109,0,0,0,0,0,0,106,109,133,157,103,109
,Kansas,20,200,Kearny County,93,930,Lakin township,38200,Lakin Township,LAKIN TOWNSHIP,Lakin township,Lakin township,Lakin township,Lakin township,1781,2078,2392,2587,2451,2491,0,0,0,0,0,0,1781,2078,2392,2587,2451,2491
,Kansas,20,200,Kearny County,93,930,Southside township,67025,Southside Township,SOUTHSIDE TOWNSHIP,Southside township,Southside township,Southside township,Southside township,137,190,233,359,264,261,0,0,0,0,0,0,137,190,233,359,264,261
,Kansas,20,200,Kearny County,93,930,West Hibbard township,77050,West Hibbard Township,WEST HIBBARD TOWNSHIP,West Hibbard township,West Hibbard township,West Hibbard township,West Hibbard township,96,67,69,65,73,64,0,0,0,0,0,0,96,67,69,65,73,64
,Kansas,20,200,Kingman County,95,950,Allen township,1250,Allen Township,ALLEN TOWNSHIP,Allen township,Allen township,Allen township,Allen township,126,114,123,109,84,98,0,0,0,0,0,0,126,114,123,109,84,98
,Kansas,20,200,Kingman County,95,950,Belmont township,5675,Belmont Township,BELMONT TOWNSHIP,Belmont township,Belmont township,Belmont township,Belmont township,135,134,105,92,49,57,0,0,0,0,0,0,135,134,105,92,49,57
,Kansas,20,200,Kingman County,95,950,Bennett township,6050,Bennett Township,BENNETT TOWNSHIP,Bennett township,Bennett township,Bennett township,Bennett township,576,647,617,705,633,623,0,0,0,0,0,0,576,647,617,705,633,623
,Kansas,20,200,Kingman County,95,950,Canton township,10450,Canton Township,CANTON TOWNSHIP,Canton township,Canton township,Canton township,Canton township,172,111,88,118,109,84,0,0,0,0,0,0,172,111,88,118,109,84
,Kansas,20,200,Kingman County,95,950,Chikaskia township,13125,Chikaskia Township,CHIKASKIA TOWNSHIP,Chikaskia township,Chikaskia township,Chikaskia township,Chikaskia township,171,168,169,140,127,100,0,0,0,0,0,0,171,168,169,140,127,100
,Kansas,20,200,Kingman County,95,950,Dale township,16925,Dale Township,DALE TOWNSHIP,Dale township,Dale township,Dale township,Dale township,258,217,197,203,166,135,0,0,0,0,0,0,258,217,197,203,166,135
,Kansas,20,200,Kingman County,95,950,Dresden township,18650,Dresden Township,DRESDEN TOWNSHIP,Dresden township,Dresden township,Dresden township,Dresden township,454,402,359,385,309,308,0,0,0,0,0,0,454,402,359,385,309,308
,Kansas,20,200,Kingman County,95,950,Eagle township,19225,Eagle Township,EAGLE TOWNSHIP,Eagle township,Eagle township,Eagle township,Eagle township,162,159,125,154,125,112,0,0,0,0,0,0,162,159,125,154,125,112
,Kansas,20,200,Kingman County,95,950,Eureka township,21850,Eureka Township,EUREKA TOWNSHIP,Eureka township,Eureka township,Eureka township,Eureka township,174,147,138,123,98,88,0,0,0,0,0,0,174,147,138,123,98,88
,Kansas,20,200,Kingman County,95,950,Evan township,22000,Evan Township,EVAN TOWNSHIP,Evan township,Evan township,Evan township,Evan township,264,425,441,516,542,476,0,0,0,0,0,0,264,425,441,516,542,476
,Kansas,20,200,Kingman County,95,950,Galesburg township,25125,Galesburg Township,GALESBURG TOWNSHIP,Galesburg township,Galesburg township,Galesburg township,Galesburg township,250,259,205,254,218,237,0,0,0,0,0,0,250,259,205,254,218,237
,Kansas,20,200,Kingman County,95,950,Hoosier township,33050,Hoosier Township,HOOSIER TOWNSHIP,Hoosier township,Hoosier township,Hoosier township,Hoosier township,168,185,170,162,149,152,0,0,0,0,0,0,168,185,170,162,149,152
,Kansas,20,200,Kingman County,95,950,Kingman city,36950,Kingman City,KINGMAN CITY,Kingman city,Kingman city,Kingman city,Kingman city,3622,3563,3196,3387,3177,3105,3622,3563,3196,3188,2978,0,0,0,0,199,199,3105
,Kansas,20,200,Kingman County,95,950,Kingman township,36975,Kingman Township,KINGMAN TOWNSHIP,Kingman township,Kingman township,Kingman township,Kingman township,241,184,164,124,115,99,0,0,0,0,0,0,241,184,164,124,115,99
,Kansas,20,200,Kingman County,95,950,Liberty township,40150,Liberty Township,LIBERTY TOWNSHIP,Liberty township,Liberty township,Liberty township,Liberty township,211,220,220,178,132,124,0,0,0,0,0,0,211,220,220,178,132,124
,Kansas,20,200,Kingman County,95,950,Ninnescah township,50650,Ninnescah Township,NINNESCAH TOWNSHIP,Ninnescah township,Ninnescah township,Ninnescah township,Ninnescah township,224,258,256,313,273,284,0,0,0,0,0,0,224,258,256,313,273,284
,Kansas,20,200,Kingman County,95,950,Peters township,55550,Peters Township,PETERS TOWNSHIP,Peters township,Peters township,Peters township,Peters township,286,229,174,201,123,111,0,0,0,0,0,0,286,229,174,201,123,111
,Kansas,20,200,Kingman County,95,950,Richland township,59400,Richland Township,RICHLAND TOWNSHIP,Richland township,Richland township,Richland township,Richland township,113,139,94,100,107,79,0,0,0,0,0,0,113,139,94,100,107,79
,Kansas,20,200,Kingman County,95,950,Rochester township,60375,Rochester Township,ROCHESTER TOWNSHIP,Rochester township,Rochester township,Rochester township,Rochester township,274,248,200,210,168,137,0,0,0,0,0,0,274,248,200,210,168,137
,Kansas,20,200,Kingman County,95,950,Rural township,61725,Rural Township,RURAL TOWNSHIP,Rural township,Rural township,Rural township,Rural township,317,374,377,359,334,316,0,0,0,0,0,0,317,374,377,359,334,316
,Kansas,20,200,Kingman County,95,950,Union township,72175,Union Township,UNION TOWNSHIP,Union township,Union township,Union township,Union township,124,123,98,88,76,72,0,0,0,0,0,0,124,123,98,88,76,72
,Kansas,20,200,Kingman County,95,950,Valley township,72850,Valley Township,VALLEY TOWNSHIP,Valley township,Valley township,Valley township,Valley township,145,130,127,102,100,87,0,0,0,0,0,0,145,130,127,102,100,87
,Kansas,20,200,Kingman County,95,950,Vinita township,73975,Vinita Township,VINITA TOWNSHIP,Vinita township,Vinita township,Vinita township,Vinita township,222,208,190,249,253,223,0,0,0,0,0,0,222,208,190,249,253,223
,Kansas,20,200,Kingman County,95,950,White township,77775,White Township,WHITE TOWNSHIP,White township,White township,White township,White township,197,316,459,401,391,363,0,0,0,25,0,0,197,316,459,376,391,363
,Kansas,20,200,Kiowa County,97,970,Brenham Township,5,Brenham Township,,,,,,98,,,,,,0,,,,,,98,,,,,
,Kansas,20,200,Kiowa County,97,970,Butler Township,10,Butler Township,,,,,,36,,,,,,0,,,,,,36,,,,,
,Kansas,20,200,Kiowa County,97,970,Center Township,15,Center Township,,,,,,2003,,,,,,0,,,,,,2003,,,,,
,Kansas,20,200,Kiowa County,97,970,East Kiowa unorg.,19585,,EAST KIOWA %UNORG.<,East Kiowa unorg.,,,,,579,535,,,,,0,0,,,,,579,535,,,
,Kansas,20,200,Kiowa County,97,970,Garfield Township,20,Garfield Township,,,,,,73,,,,,,0,,,,,,73,,,,,
,Kansas,20,200,Kiowa County,97,970,Glick Township,25,Glick Township,,,,,,73,,,,,,0,,,,,,73,,,,,
,Kansas,20,200,Kiowa County,97,970,Greensburg city,28675,,GREENSBURG CITY,Greensburg city,,,,,1885,1792,,,,,0,0,,,,,1885,1792,,,
,Kansas,20,200,Kiowa County,97,970,Haviland city,30825,,HAVILAND CITY,Haviland city,,,,,770,624,,,,,0,0,,,,,770,624,,,
,Kansas,20,200,Kiowa County,97,970,Highland Township,30,Highland Township,,,,,,51,,,,,,0,,,,,,51,,,,,
,Kansas,20,200,Kiowa County,97,970,Kiowa Rural township,37185,,,,Kiowa Rural township,Kiowa Rural township,Kiowa Rural township,,,,3278,2553,2460,,,,0,0,0,,,,3278,2553,2460
,Kansas,20,200,Kiowa County,97,970,Kiowa Township,35,Kiowa Township,,,,,,42,,,,,,0,,,,,,42,,,,,
,Kansas,20,200,Kiowa County,97,970,Lincoln Township,40,Lincoln Township,,,,,,39,,,,,,0,,,,,,39,,,,,
,Kansas,20,200,Kiowa County,97,970,Martin Township,45,Martin Township,,,,,,462,,,,,,0,,,,,,462,,,,,
,Kansas,20,200,Kiowa County,97,970,Mullinville city,49075,,MULLINVILLE CITY,Mullinville city,,,,,339,289,,,,,0,0,,,,,339,289,,,
,Kansas,20,200,Kiowa County,97,970,Reeder Township,50,Reeder Township,,,,,,96,,,,,,0,,,,,,96,,,,,
,Kansas,20,200,Kiowa County,97,970,Union Township,55,Union Township,,,,,,29,,,,,,0,,,,,,29,,,,,
,Kansas,20,200,Kiowa County,97,970,Ursula Township,60,Ursula Township,,,,,,185,,,,,,0,,,,,,185,,,,,
,Kansas,20,200,Kiowa County,97,970,Valley Township,65,Valley Township,,,,,,67,,,,,,0,,,,,,67,,,,,
,Kansas,20,200,Kiowa County,97,970,Wellsford Township,70,Wellsford Township,,,,,,804,,,,,,0,,,,,,804,,,,,
,Kansas,20,200,Kiowa County,97,970,West Kiowa unorg.,77065,,WEST KIOWA %UNORG.<,West Kiowa unorg.,,,,,473,420,,,,,0,0,,,,,473,420,,,
,Kansas,20,200,Kiowa County,97,970,Westland Township,75,Westland Township,,,,,,30,,,,,,0,,,,,,30,,,,,
,Kansas,20,200,Labette County,99,990,Canada township,10325,Canada Township,CANADA TOWNSHIP,Canada township,Canada township,Canada township,Canada township,320,281,253,217,194,205,0,0,0,0,0,0,320,281,253,217,194,205
,Kansas,20,200,Labette County,99,990,Chetopa city,12950,Chetopa City,CHETOPA CITY,Chetopa city,Chetopa city,Chetopa city,Chetopa city,1596,1751,1357,1281,1125,929,0,0,0,0,0,0,1596,1751,1357,1281,1125,929
,Kansas,20,200,Labette County,99,990,Elm Grove township,20750,Elm Grove Township,ELM GROVE TOWNSHIP,Elm Grove township,Elm Grove township,Elm Grove township,Elm Grove township,825,947,817,798,823,682,0,0,0,0,0,0,825,947,817,798,823,682
,Kansas,20,200,Labette County,99,990,Fairview township,22550,Fairview Township,FAIRVIEW TOWNSHIP,Fairview township,Fairview township,Fairview township,Fairview township,285,281,234,239,237,284,0,0,0,0,0,0,285,281,234,239,237,284
,Kansas,20,200,Labette County,99,990,Hackberry township,29350,Hackberry Township,HACKBERRY TOWNSHIP,Hackberry township,Hackberry township,Hackberry township,Hackberry township,455,466,385,403,392,402,0,0,0,0,0,0,455,466,385,403,392,402
,Kansas,20,200,Labette County,99,990,Howard township,33300,Howard Township,HOWARD TOWNSHIP,Howard township,Howard township,Howard township,Howard township,395,388,354,357,346,347,0,0,0,0,0,0,395,388,354,357,346,347
,Kansas,20,200,Labette County,99,990,Labette township,37400,Labette Township,LABETTE TOWNSHIP,Labette township,Labette township,Labette township,Labette township,311,323,384,373,394,366,0,0,0,0,0,0,311,323,384,373,394,366
,Kansas,20,200,Labette County,99,990,Liberty township,40175,Liberty Township,LIBERTY TOWNSHIP,Liberty township,Liberty township,Liberty township,Liberty township,387,485,409,395,453,471,0,0,0,0,0,0,387,485,409,395,453,471
,Kansas,20,200,Labette County,99,990,Montana township,47850,Montana Township,MONTANA TOWNSHIP,Montana township,Montana township,Montana township,Montana township,212,240,233,179,164,150,0,0,0,0,0,0,212,240,233,179,164,150
,Kansas,20,200,Labette County,99,990,Mound Valley township,48850,Mound Valley Township,MOUND VALLEY TOWNSHIP,Mound Valley township,Mound Valley township,Mound Valley township,Mound Valley township,912,862,807,806,835,720,0,0,0,0,0,0,912,862,807,806,835,720
,Kansas,20,200,Labette County,99,990,Mount Pleasant township,48950,Mount Pleasant Township,MOUNT PLEASANT TOWNSHIP,Mount Pleasant township,Mount Pleasant township,Mount Pleasant township,Mount Pleasant township,1163,1342,1336,1351,1335,1268,0,0,0,0,0,0,1163,1342,1336,1351,1335,1268
,Kansas,20,200,Labette County,99,990,Neosho township,49775,Neosho Township,NEOSHO TOWNSHIP,Neosho township,Neosho township,Neosho township,Neosho township,195,199,213,222,182,160,0,0,0,0,0,0,195,199,213,222,182,160
,Kansas,20,200,Labette County,99,990,North township,50975,North Township,NORTH TOWNSHIP,North township,North township,North township,North township,673,618,638,612,601,591,0,0,0,0,16,0,673,618,638,612,585,591
,Kansas,20,200,Labette County,99,990,Osage township,53150,Osage Township,OSAGE TOWNSHIP,Osage township,Osage township,Osage township,Osage township,646,689,675,703,848,968,0,0,0,0,0,0,646,689,675,703,848,968
,Kansas,20,200,Labette County,99,990,Oswego city,53450,Oswego City,OSWEGO CITY,Oswego city,Oswego city,Oswego city,Oswego city,2200,2218,1870,2046,1829,1668,0,0,0,0,0,0,2200,2218,1870,2046,1829,1668
,Kansas,20,200,Labette County,99,990,Oswego township,53475,Oswego Township,OSWEGO TOWNSHIP,Oswego township,Oswego township,Oswego township,Oswego township,306,326,375,310,354,330,0,0,0,0,0,0,306,326,375,310,354,330
,Kansas,20,200,Labette County,99,990,Parsons city,54675,Parsons City,PARSONS CITY,Parsons city,Parsons city,Parsons city,Parsons city,13015,12898,11924,11514,10500,9600,13015,12898,11924,11212,10266,9421,0,0,0,302,234,179
,Kansas,20,200,Labette County,99,990,Richland township,59425,Richland Township,RICHLAND TOWNSHIP,Richland township,Richland township,Richland township,Richland township,437,372,393,303,287,332,0,0,0,0,0,0,437,372,393,303,287,332
,Kansas,20,200,Labette County,99,990,Walton township,75250,Walton Township,WALTON TOWNSHIP,Walton township,Walton township,Walton township,Walton township,1442,996,1036,726,708,711,0,0,0,0,16,12,1442,996,1036,726,692,699
,Kansas,20,200,Lane County,101,1010,Alamota township,775,Alamota Township,ALAMOTA TOWNSHIP,Alamota township,Alamota township,Alamota township,Alamota township,140,102,75,108,91,80,0,0,0,0,0,0,140,102,75,108,91,80
,Kansas,20,200,Lane County,101,1010,Blaine township,7100,Blaine Township,BLAINE TOWNSHIP,Blaine township,,,,129,138,124,,,,0,0,0,,,,129,138,124,,,
,Kansas,20,200,Lane County,101,1010,Cheyenne township,13050,Cheyenne Township,CHEYENNE TOWNSHIP,Cheyenne township,Cheyenne township,Cheyenne township,Cheyenne township,359,333,352,336,314,269,0,0,0,0,0,0,359,333,352,336,314,269
,Kansas,20,200,Lane County,101,1010,Cleveland township,14075,Cleveland Township,CLEVELAND TOWNSHIP,Cleveland township,,,,52,45,39,,,,0,0,0,,,,52,45,39,,,
,Kansas,20,200,Lane County,101,1010,Dighton township,18075,Dighton Township,DIGHTON TOWNSHIP,Dighton township,Dighton township,Dighton township,Dighton township,1699,1577,1565,1573,1268,1144,0,0,0,0,0,0,1699,1577,1565,1573,1268,1144
,Kansas,20,200,Lane County,101,1010,Spring Creek township,67450,Spring Creek Township,SPRING CREEK TOWNSHIP,Spring Creek township,,,,104,95,62,,,,0,0,0,,,,104,95,62,,,
,Kansas,20,200,Lane County,101,1010,Sutton Township,35,Sutton Township,,,,,,19,,,,,,0,,,,,,19,,,,,
,Kansas,20,200,Lane County,101,1010,White Rock township,77950,White Rock Township,WHITE ROCK TOWNSHIP,White Rock township,White Rock township,White Rock township,White Rock township,59,46,50,26,18,22,0,0,0,0,0,0,59,46,50,26,18,22
,Kansas,20,200,Lane County,101,1010,Wilson township,79725,Wilson Township,WILSON TOWNSHIP,Wilson township,Wilson township,Wilson township,Wilson township,146,136,108,112,59,59,0,0,0,0,0,0,146,136,108,112,59,59
,Kansas,20,200,Leavenworth County,103,1030,Alexandria township,1100,Alexandria Township,ALEXANDRIA TOWNSHIP,Alexandria township,Alexandria township,Alexandria township,Alexandria township,626,629,655,859,882,871,0,0,0,0,0,0,626,629,655,859,882,871
,Kansas,20,200,Leavenworth County,103,1030,Bonner Springs city,7975,,,,,Bonner Springs city,Bonner Springs city,,,,,6,6,,,,,0,0,,,,,6,6
,Kansas,20,200,Leavenworth County,103,1030,De Soto city,17850,,,,,,De Soto city,,,,,,0,,,,,,0,,,,,,0
,Kansas,20,200,Leavenworth County,103,1030,Delaware township,17450,Delaware Township,DELAWARE TOWNSHIP,Delaware township,Delaware township,Delaware township,Delaware township,6357,6031,1056,1361,1019,1061,3797,5307,0,7,10,0,2560,724,1056,1354,1009,1061
,Kansas,20,200,Leavenworth County,103,1030,Easton township,19625,Easton Township,EASTON TOWNSHIP,Easton township,Easton township,Easton township,Easton township,1020,1178,1290,1245,1131,1071,0,0,0,0,0,0,1020,1178,1290,1245,1131,1071
,Kansas,20,200,Leavenworth County,103,1030,Fairmount township,22325,Fairmount Township,FAIRMOUNT TOWNSHIP,Fairmount township,Fairmount township,Fairmount township,Fairmount township,1910,3121,3909,6266,8788,11215,0,0,0,0,3849,1639,1910,3121,3909,6266,4939,9576
,Kansas,20,200,Leavenworth County,103,1030,High Prairie township,32125,High Prairie Township,HIGH PRAIRIE TOWNSHIP,High Prairie township,High Prairie township,High Prairie township,High Prairie township,1002,1312,1470,1768,2002,2014,0,0,0,0,0,0,1002,1312,1470,1768,2002,2014
,Kansas,20,200,Leavenworth County,103,1030,Kickapoo township,36700,Kickapoo Township,KICKAPOO TOWNSHIP,Kickapoo township,Kickapoo township,Kickapoo township,Kickapoo township,11538,1394,1511,1760,1770,1763,8060,0,0,36,24,0,3478,1394,1511,1724,1746,1763
,Kansas,20,200,Leavenworth County,103,1030,Lansing city,38650,,,Lansing city,Lansing city,Lansing city,Lansing city,,,7120,9199,11265,11239,,,7120,8878,10800,10648,,,0,321,465,591
,Kansas,20,200,Leavenworth County,103,1030,Leavenworth city,39000,Leavenworth City,LEAVENWORTH CITY,Leavenworth city,Leavenworth city,Leavenworth city,Leavenworth city,25147,33656,38495,35420,35251,37351,25147,33656,38495,35192,34449,36922,0,0,0,228,802,429
,Kansas,20,200,Leavenworth County,103,1030,Reno township,58950,Reno Township,RENO TOWNSHIP,Reno township,Reno township,Reno township,Reno township,724,764,944,1143,1398,1419,0,0,0,0,0,0,724,764,944,1143,1398,1419
,Kansas,20,200,Leavenworth County,103,1030,Sherman township,65000,Sherman Township,SHERMAN TOWNSHIP,Sherman township,Sherman township,Sherman township,Sherman township,1208,1772,2036,2367,2635,2792,0,0,0,0,0,0,1208,1772,2036,2367,2635,2792
,Kansas,20,200,Leavenworth County,103,1030,Stranger township,68500,Stranger Township,STRANGER TOWNSHIP,Stranger township,Stranger township,Stranger township,Stranger township,1011,1438,1828,2451,4363,5081,0,0,0,168,1728,2183,1011,1438,1828,2283,2635,2898
,Kansas,20,200,Leavenworth County,103,1030,Tonganoxie township,70825,Tonganoxie Township,TONGANOXIE TOWNSHIP,Tonganoxie township,Tonganoxie township,Tonganoxie township,Tonganoxie township,2797,3514,4057,4852,5717,5998,0,0,0,2626,3213,3306,2797,3514,4057,2226,2504,2692
,Kansas,20,200,Lincoln County,105,1050,Battle Creek township,4525,Battle Creek Township,BATTLE CREEK TOWNSHIP,Battle Creek township,Battle Creek township,Battle Creek township,Battle Creek township,72,70,57,51,35,34,0,0,0,0,0,0,72,70,57,51,35,34
,Kansas,20,200,Lincoln County,105,1050,Beaver township,5075,Beaver Township,BEAVER TOWNSHIP,Beaver township,Beaver township,Beaver township,Beaver township,470,505,437,454,425,356,0,0,0,0,0,0,470,505,437,454,425,356
,Kansas,20,200,Lincoln County,105,1050,Cedron township,11500,Cedron Township,CEDRON TOWNSHIP,Cedron township,Cedron township,Cedron township,Cedron township,138,67,49,47,35,41,0,0,0,0,0,0,138,67,49,47,35,41
,Kansas,20,200,Lincoln County,105,1050,Colorado township,15000,Colorado Township,COLORADO TOWNSHIP,Colorado township,Colorado township,Colorado township,Colorado township,345,290,275,340,289,234,0,0,0,0,0,0,345,290,275,340,289,234
,Kansas,20,200,Lincoln County,105,1050,Elkhorn township,20375,Elkhorn Township,ELKHORN TOWNSHIP,Elkhorn township,Elkhorn township,Elkhorn township,Elkhorn township,1213,1123,997,927,929,871,0,0,0,0,0,0,1213,1123,997,927,929,871
,Kansas,20,200,Lincoln County,105,1050,Franklin township,24425,Franklin Township,FRANKLIN TOWNSHIP,Franklin township,Franklin township,Franklin township,Franklin township,119,105,99,80,98,70,0,0,0,0,0,0,119,105,99,80,98,70
,Kansas,20,200,Lincoln County,105,1050,Golden Belt township,26800,Golden Belt Township,GOLDEN BELT TOWNSHIP,Golden Belt township,Golden Belt township,Golden Belt township,Golden Belt township,90,78,79,67,40,67,0,0,0,0,0,0,90,78,79,67,40,67
,Kansas,20,200,Lincoln County,105,1050,Grant township,27750,Grant Township,GRANT TOWNSHIP,Grant township,Grant township,Grant township,Grant township,126,95,79,91,71,55,0,0,0,0,0,0,126,95,79,91,71,55
,Kansas,20,200,Lincoln County,105,1050,Hanover township,29850,Hanover Township,HANOVER TOWNSHIP,Hanover township,Hanover township,Hanover township,Hanover township,62,50,37,43,41,57,0,0,0,0,0,0,62,50,37,43,41,57
,Kansas,20,200,Lincoln County,105,1050,Highland township,31950,Highland Township,HIGHLAND TOWNSHIP,Highland township,Highland township,Highland township,Highland township,76,59,50,65,61,60,0,0,0,0,0,0,76,59,50,65,61,60
,Kansas,20,200,Lincoln County,105,1050,Indiana township,34025,Indiana Township,INDIANA TOWNSHIP,Indiana township,Indiana township,Indiana township,Indiana township,262,263,208,206,171,121,0,0,0,0,0,0,262,263,208,206,171,121
,Kansas,20,200,Lincoln County,105,1050,Logan township,41925,Logan Township,LOGAN TOWNSHIP,Logan township,Logan township,Logan township,Logan township,74,70,59,67,68,50,0,0,0,0,0,0,74,70,59,67,68,50
,Kansas,20,200,Lincoln County,105,1050,Madison township,44100,Madison Township,MADISON TOWNSHIP,Madison township,Madison township,Madison township,Madison township,127,107,114,96,96,81,0,0,0,0,0,0,127,107,114,96,96,81
,Kansas,20,200,Lincoln County,105,1050,Marion township,44725,Marion Township,MARION TOWNSHIP,Marion township,Marion township,Marion township,Marion township,127,123,112,103,100,113,0,0,0,0,0,0,127,123,112,103,100,113
,Kansas,20,200,Lincoln County,105,1050,Orange township,52950,Orange Township,ORANGE TOWNSHIP,Orange township,Orange township,Orange township,Orange township,109,96,105,68,68,47,0,0,0,0,0,0,109,96,105,68,68,47
,Kansas,20,200,Lincoln County,105,1050,Pleasant township,56275,Pleasant Township,PLEASANT TOWNSHIP,Pleasant township,Pleasant township,Pleasant township,Pleasant township,565,549,467,482,413,419,0,0,0,0,0,0,565,549,467,482,413,419
,Kansas,20,200,Lincoln County,105,1050,Salt Creek township,62800,Salt Creek Township,SALT CREEK TOWNSHIP,Salt Creek township,Salt Creek township,Salt Creek township,Salt Creek township,123,99,76,61,63,47,0,0,0,0,0,0,123,99,76,61,63,47
,Kansas,20,200,Lincoln County,105,1050,Scott township,63525,Scott Township,SCOTT TOWNSHIP,Scott township,Scott township,Scott township,Scott township,249,205,169,158,104,102,0,0,0,0,0,0,249,205,169,158,104,102
,Kansas,20,200,Lincoln County,105,1050,Valley township,72900,Valley Township,VALLEY TOWNSHIP,Valley township,Valley township,Valley township,Valley township,88,67,74,69,44,43,0,0,0,0,0,0,88,67,74,69,44,43
,Kansas,20,200,Lincoln County,105,1050,Vesper township,73650,Vesper Township,VESPER TOWNSHIP,Vesper township,Vesper township,Vesper township,Vesper township,147,124,110,103,90,71,0,0,0,0,0,0,147,124,110,103,90,71
,Kansas,20,200,Linn County,107,1070,Blue Mound township,7625,Blue Mound Township,BLUE MOUND TOWNSHIP,Blue Mound township,Blue Mound township,Blue Mound township,Blue Mound township,628,584,484,500,483,432,0,0,0,0,0,0,628,584,484,500,483,432
,Kansas,20,200,Linn County,107,1070,Centerville township,12350,Centerville Township,CENTERVILLE TOWNSHIP,Centerville township,Centerville township,Centerville township,Centerville township,514,448,381,389,404,483,0,0,0,0,0,0,514,448,381,389,404,483
,Kansas,20,200,Linn County,107,1070,Liberty township,40200,Liberty Township,LIBERTY TOWNSHIP,Liberty township,Liberty township,Liberty township,Liberty township,780,813,830,908,968,921,0,0,0,0,0,0,780,813,830,908,968,921
,Kansas,20,200,Linn County,107,1070,Lincoln township,40825,Lincoln Township,LINCOLN TOWNSHIP,Lincoln township,Lincoln township,Lincoln township,Lincoln township,1349,1491,1607,2251,2528,2525,0,0,0,0,0,0,1349,1491,1607,2251,2528,2525
,Kansas,20,200,Linn County,107,1070,Mound City township,48775,Mound City Township,MOUND CITY TOWNSHIP,Mound City township,Mound City township,Mound City township,Mound City township,1023,1104,1194,1421,1281,1327,0,0,0,0,0,0,1023,1104,1194,1421,1281,1327
,Kansas,20,200,Linn County,107,1070,Paris township,54375,Paris Township,PARIS TOWNSHIP,Paris township,Paris township,Paris township,Paris township,398,425,450,494,567,503,0,0,0,0,0,0,398,425,450,494,567,503
,Kansas,20,200,Linn County,107,1070,Potosi township,57175,Potosi Township,POTOSI TOWNSHIP,Potosi township,Potosi township,Potosi township,Potosi township,1810,1940,1886,2080,1840,1876,0,0,0,0,0,0,1810,1940,1886,2080,1840,1876
,Kansas,20,200,Linn County,107,1070,Scott township,63550,Scott Township,SCOTT TOWNSHIP,Scott township,Scott township,Scott township,Scott township,362,464,549,641,733,796,0,0,0,0,0,0,362,464,549,641,733,796
,Kansas,20,200,Linn County,107,1070,Sheridan township,64700,Sheridan Township,SHERIDAN TOWNSHIP,Sheridan township,Sheridan township,Sheridan township,Sheridan township,492,552,535,560,527,450,0,0,0,0,0,0,492,552,535,560,527,450
,Kansas,20,200,Linn County,107,1070,Stanton township,67875,Stanton Township,STANTON TOWNSHIP,Stanton township,Stanton township,Stanton township,Stanton township,198,176,174,169,178,148,0,0,0,0,0,0,198,176,174,169,178,148
,Kansas,20,200,Linn County,107,1070,Valley township,72925,Valley Township,VALLEY TOWNSHIP,Valley township,Valley township,Valley township,Valley township,216,237,164,157,147,130,0,0,0,0,0,0,216,237,164,157,147,130
,Kansas,20,200,Logan County,109,1090,Augustine township,3350,Augustine Township,AUGUSTINE TOWNSHIP,Augustine township,Augustine township,Augustine township,Augustine township,52,28,32,26,22,15,0,0,0,0,0,0,52,28,32,26,22,15
,Kansas,20,200,Logan County,109,1090,Elkader township,20225,Elkader Township,ELKADER TOWNSHIP,Elkader township,Elkader township,Elkader township,Elkader township,49,36,24,15,8,15,0,0,0,0,0,0,49,36,24,15,8,15
,Kansas,20,200,Logan County,109,1090,Lees township,39200,Lees Township,LEES TOWNSHIP,Lees township,Lees township,Lees township,Lees township,50,37,37,17,5,13,0,0,0,0,0,0,50,37,37,17,5,13
,Kansas,20,200,Logan County,109,1090,Logansport township,42325,Logansport Township,LOGANSPORT TOWNSHIP,Logansport township,Logansport township,Logansport township,Logansport township,11,12,5,14,7,6,0,0,0,0,0,0,11,12,5,14,7,6
,Kansas,20,200,Logan County,109,1090,McAllaster township,43600,Mc Allaster Township,MCALLASTER TOWNSHIP,McAllaster township,McAllaster township,McAllaster township,McAllaster township,47,40,31,29,25,25,0,0,0,0,0,0,47,40,31,29,25,25
,Kansas,20,200,Logan County,109,1090,Monument township,48050,Monument Township,MONUMENT TOWNSHIP,Monument township,Monument township,Monument township,Monument township,233,184,159,144,141,127,0,0,0,0,0,0,233,184,159,144,141,127
,Kansas,20,200,Logan County,109,1090,Oakley township,51850,Oakley Township,OAKLEY TOWNSHIP,Oakley township,Oakley township,Oakley township,Oakley township,2649,2558,2285,2343,2185,2173,0,0,0,0,0,0,2649,2558,2285,2343,2185,2173
,Kansas,20,200,Logan County,109,1090,Paxton township,55025,Paxton Township,PAXTON TOWNSHIP,Paxton township,Paxton township,Paxton township,Paxton township,43,33,43,24,28,33,0,0,0,0,0,0,43,33,43,24,28,33
,Kansas,20,200,Logan County,109,1090,Russell Springs township,61900,Russell Springs Township,RUSSELL SPRINGS TOWNSHIP,Russell Springs township,Russell Springs township,Russell Springs township,Russell Springs township,147,112,88,71,50,58,0,0,0,0,0,0,147,112,88,71,50,58
,Kansas,20,200,Logan County,109,1090,Western township,76900,Western Township,WESTERN TOWNSHIP,Western township,Western township,Western township,Western township,58,58,49,44,43,43,0,0,0,0,0,0,58,58,49,44,43,43
,Kansas,20,200,Logan County,109,1090,Winona township,80100,Winona Township,WINONA TOWNSHIP,Winona township,Winona township,Winona township,Winona township,475,380,328,319,242,254,0,0,0,0,0,0,475,380,328,319,242,254
,Kansas,20,200,Lyon County,111,1110,Agnes City township,525,Agnes City Township,AGNES CITY TOWNSHIP,Agnes City township,Agnes City township,Agnes City township,Agnes City township,443,507,492,468,430,400,0,0,0,0,0,0,443,507,492,468,430,400
,Kansas,20,200,Lyon County,111,1110,Americus township,1700,Americus Township,AMERICUS TOWNSHIP,Americus township,Americus township,Americus township,Americus township,918,1591,1491,1522,1503,1373,0,0,0,0,0,0,918,1591,1491,1522,1503,1373
,Kansas,20,200,Lyon County,111,1110,Center township,11800,Center Township,CENTER TOWNSHIP,Center township,Center township,Center township,Center township,1137,1135,1156,1201,1198,1094,0,0,0,0,0,0,1137,1135,1156,1201,1198,1094
,Kansas,20,200,Lyon County,111,1110,Elmendaro township,20687,Elmerdaro Township,ELMERDARO TOWNSHIP,Elmendaro township,Elmendaro township,Elmendaro township,Elmendaro township,1027,1035,1006,949,788,741,0,0,0,0,0,0,1027,1035,1006,949,788,741
,Kansas,20,200,Lyon County,111,1110,Emporia city,21275,Emporia City,EMPORIA CITY,Emporia city,Emporia city,Emporia city,Emporia city,23327,25287,25512,26760,24916,24139,23327,25287,25512,26726,24801,24071,0,0,0,34,115,68
,Kansas,20,200,Lyon County,111,1110,Emporia township,21300,Emporia Township,EMPORIA TOWNSHIP,Emporia township,Emporia township,Emporia township,Emporia township,1583,1244,1293,1167,907,911,0,0,0,150,29,11,1583,1244,1293,1017,878,900
,Kansas,20,200,Lyon County,111,1110,Fremont township,24750,Fremont Township,FREMONT TOWNSHIP,Fremont township,Fremont township,Fremont township,Fremont township,677,988,905,842,903,800,0,0,0,0,0,0,677,988,905,842,903,800
,Kansas,20,200,Lyon County,111,1110,Ivy township,34700,Ivy Township,IVY TOWNSHIP,Ivy township,Ivy township,Ivy township,Ivy township,264,275,253,304,261,270,0,0,0,0,0,0,264,275,253,304,261,270
,Kansas,20,200,Lyon County,111,1110,Jackson township,34825,Jackson Township,JACKSON TOWNSHIP,Jackson township,Jackson township,Jackson township,Jackson township,862,1013,865,995,979,993,0,0,0,0,0,0,862,1013,865,995,979,993
,Kansas,20,200,Lyon County,111,1110,Pike township,55825,Pike Township,PIKE TOWNSHIP,Pike township,Pike township,Pike township,Pike township,972,1212,912,899,1034,784,0,0,0,0,0,0,972,1212,912,899,1034,784
,Kansas,20,200,Lyon County,111,1110,Reading township,58625,Reading Township,READING TOWNSHIP,Reading township,Reading township,Reading township,Reading township,509,499,553,547,487,443,0,0,0,0,0,0,509,499,553,547,487,443
,Kansas,20,200,Lyon County,111,1110,Waterloo township,75925,Waterloo Township,WATERLOO TOWNSHIP,Waterloo township,Waterloo township,Waterloo township,Waterloo township,352,322,294,281,284,231,0,0,0,0,0,0,352,322,294,281,284,231
,Kansas,20,200,McPherson County,113,1130,Battle Hill township,4550,Battle Hill Township,BATTLE HILL TOWNSHIP,Battle Hill township,Battle Hill township,Battle Hill township,Battle Hill township,119,120,106,91,104,108,0,0,0,0,0,0,119,120,106,91,104,108
,Kansas,20,200,McPherson County,113,1130,Bonaville township,7925,Bonaville Township,BONAVILLE TOWNSHIP,Bonaville township,Bonaville township,Bonaville township,Bonaville township,54,49,68,66,74,82,0,0,0,0,0,0,54,49,68,66,74,82
,Kansas,20,200,McPherson County,113,1130,Canton township,10500,Canton Township,CANTON TOWNSHIP,Canton township,Canton township,Canton township,Canton township,1144,1187,1050,1090,989,976,0,0,0,0,0,0,1144,1187,1050,1090,989,976
,Kansas,20,200,McPherson County,113,1130,Castle township,10950,Castle Township,CASTLE TOWNSHIP,Castle township,Castle township,Castle township,Castle township,288,250,231,225,202,162,0,0,0,0,0,0,288,250,231,225,202,162
,Kansas,20,200,McPherson County,113,1130,Delmore township,17575,Delmore Township,DELMORE TOWNSHIP,Delmore township,Delmore township,Delmore township,Delmore township,108,131,145,138,169,194,0,0,0,0,0,0,108,131,145,138,169,194
,Kansas,20,200,McPherson County,113,1130,Empire township,21200,Empire Township,EMPIRE TOWNSHIP,Empire township,Empire township,Empire township,Empire township,864,1079,1151,1178,1345,1253,0,0,0,0,0,0,864,1079,1151,1178,1345,1253
,Kansas,20,200,McPherson County,113,1130,Groveland township,29150,Groveland Township,GROVELAND TOWNSHIP,Groveland township,Groveland township,Groveland township,Groveland township,260,239,209,234,206,170,0,0,0,0,0,0,260,239,209,234,206,170
,Kansas,20,200,McPherson County,113,1130,Gypsum Creek township,29325,Gypsum Creek Township,GYPSUM CREEK TOWNSHIP,Gypsum Creek township,Gypsum Creek township,Gypsum Creek township,Gypsum Creek township,262,223,189,215,188,148,0,0,0,0,0,0,262,223,189,215,188,148
,Kansas,20,200,McPherson County,113,1130,Harper township,30225,Harper Township,HARPER TOWNSHIP,Harper township,Harper township,Harper township,Harper township,156,167,147,137,138,132,0,0,0,0,0,0,156,167,147,137,138,132
,Kansas,20,200,McPherson County,113,1130,Hayes township,30950,Hayes Township,HAYES TOWNSHIP,Hayes township,Hayes township,Hayes township,Hayes township,285,287,270,287,277,301,0,0,0,0,0,0,285,287,270,287,277,301
,Kansas,20,200,McPherson County,113,1130,Jackson township,34850,Jackson Township,JACKSON TOWNSHIP,Jackson township,Jackson township,Jackson township,Jackson township,259,290,173,198,180,174,0,0,0,0,0,0,259,290,173,198,180,174
,Kansas,20,200,McPherson County,113,1130,King City township,36900,King City Township,KING CITY TOWNSHIP,King City township,King City township,King City township,King City township,365,404,448,544,477,506,0,0,0,0,1,21,365,404,448,544,476,485
,Kansas,20,200,McPherson County,113,1130,Lindsborg city,41375,Lindsborg City,LINDSBORG CITY,Lindsborg city,Lindsborg city,Lindsborg city,Lindsborg city,2764,3155,3076,3321,3458,3776,2764,3155,3076,3224,3405,0,0,0,0,97,53,3776
,Kansas,20,200,McPherson County,113,1130,Little Valley township,41600,Little Valley Township,LITTLE VALLEY TOWNSHIP,Little Valley township,Little Valley township,Little Valley township,Little Valley township,411,472,451,475,409,391,0,0,0,0,0,0,411,472,451,475,409,391
,Kansas,20,200,McPherson County,113,1130,Lone Tree township,42525,Lone Tree Township,LONE TREE TOWNSHIP,Lone Tree township,Lone Tree township,Lone Tree township,Lone Tree township,450,422,457,486,475,467,0,0,0,0,0,0,450,422,457,486,475,467
,Kansas,20,200,McPherson County,113,1130,Marquette township,44950,Marquette Township,MARQUETTE TOWNSHIP,Marquette township,Marquette township,Marquette township,Marquette township,775,877,760,776,808,733,0,0,0,0,0,0,775,877,760,776,808,733
,Kansas,20,200,McPherson County,113,1130,McPherson city,43950,Mc Pherson City,MCPHERSON CITY,McPherson city,McPherson city,McPherson city,McPherson city,10851,11753,12422,13770,13155,14082,10851,11753,12422,13699,13033,13984,0,0,0,71,122,98
,Kansas,20,200,McPherson County,113,1130,McPherson township,43975,Mc Pherson Township,MCPHERSON TOWNSHIP,McPherson township,McPherson township,McPherson township,McPherson township,433,607,697,618,536,530,0,0,0,0,49,34,433,607,697,618,487,496
,Kansas,20,200,McPherson County,113,1130,Meridian township,45975,Meridian Township,MERIDIAN TOWNSHIP,Meridian township,Meridian township,Meridian township,Meridian township,379,346,315,341,329,370,0,0,0,0,0,0,379,346,315,341,329,370
,Kansas,20,200,McPherson County,113,1130,Mound township,48675,Mound Township,MOUND TOWNSHIP,Mound township,Mound township,Mound township,Mound township,1713,1888,1992,2104,2301,2326,0,0,0,0,0,0,1713,1888,1992,2104,2301,2326
,Kansas,20,200,McPherson County,113,1130,New Gottland township,50350,New Gottland Township,NEW GOTTLAND TOWNSHIP,New Gottland township,New Gottland township,New Gottland township,New Gottland township,246,269,293,354,384,448,0,0,0,0,0,0,246,269,293,354,384,448
,Kansas,20,200,McPherson County,113,1130,Smoky Hill township,66025,Smoky Hill Township,SMOKY HILL TOWNSHIP,Smoky Hill township,Smoky Hill township,Smoky Hill township,Smoky Hill township,265,297,244,297,311,316,0,0,0,0,0,0,265,297,244,297,311,316
,Kansas,20,200,McPherson County,113,1130,South Sharps Creek township,67000,South Sharps Creek Township,SOUTH SHARPS CREEK TOWNSHIP,South Sharps Creek township,South Sharps Creek township,South Sharps Creek township,South Sharps Creek township,116,124,100,112,111,116,0,0,0,0,0,0,116,124,100,112,111,116
,Kansas,20,200,McPherson County,113,1130,Spring Valley township,67750,Spring Valley Township,SPRING VALLEY TOWNSHIP,Spring Valley township,Spring Valley township,Spring Valley township,Spring Valley township,411,437,390,373,335,316,0,0,0,0,0,0,411,437,390,373,335,316
,Kansas,20,200,McPherson County,113,1130,Superior township,69475,Superior Township,SUPERIOR TOWNSHIP,Superior township,Superior township,Superior township,Superior township,1299,1318,1412,1640,1740,1681,0,0,0,0,0,0,1299,1318,1412,1640,1740,1681
,Kansas,20,200,McPherson County,113,1130,Turkey Creek township,71700,Turkey Creek Township,TURKEY CREEK TOWNSHIP,Turkey Creek township,Turkey Creek township,Turkey Creek township,Turkey Creek township,307,288,273,294,285,275,0,0,0,0,0,0,307,288,273,294,285,275
,Kansas,20,200,McPherson County,113,1130,Union township,72225,Union Township,UNION TOWNSHIP,Union township,Union township,Union township,Union township,194,176,199,190,194,190,0,0,0,0,0,0,194,176,199,190,194,190
,Kansas,20,200,Marion County,115,1150,Blaine township,7125,Blaine Township,BLAINE TOWNSHIP,Blaine township,Blaine township,Blaine township,Blaine township,263,214,211,212,185,187,0,0,0,0,0,0,263,214,211,212,185,187
,Kansas,20,200,Marion County,115,1150,Catlin township,11075,Catlin Township,CATLIN TOWNSHIP,Catlin township,Catlin township,Catlin township,Catlin township,227,230,194,180,187,175,0,0,0,0,0,0,227,230,194,180,187,175
,Kansas,20,200,Marion County,115,1150,Centre township,12437,Center Township,CENTER TOWNSHIP,Center township,Centre township,Centre township,Centre township,285,421,494,535,479,469,0,0,0,0,0,0,285,421,494,535,479,469
,Kansas,20,200,Marion County,115,1150,Clark township,13500,Clark Township,CLARK TOWNSHIP,Clark township,Clark township,Clark township,Clark township,247,217,177,149,147,144,0,0,0,0,0,0,247,217,177,149,147,144
,Kansas,20,200,Marion County,115,1150,Clear Creek township,13750,Clear Creek Township,CLEAR CREEK TOWNSHIP,Clear Creek township,Clear Creek township,Clear Creek township,Clear Creek township,648,668,562,592,548,450,0,0,0,0,0,0,648,668,562,592,548,450
,Kansas,20,200,Marion County,115,1150,Colfax township,14800,Colfax Township,COLFAX TOWNSHIP,Colfax township,Colfax township,Colfax township,Colfax township,313,273,237,218,291,172,0,0,0,0,0,0,313,273,237,218,291,172
,Kansas,20,200,Marion County,115,1150,Doyle township,18550,Doyle Township,DOYLE TOWNSHIP,Doyle township,Doyle township,Doyle township,Doyle township,96,95,70,75,60,35,0,0,0,0,0,0,96,95,70,75,60,35
,Kansas,20,200,Marion County,115,1150,Durham Park township,19100,Durham Park Township,DURHAM PARK TOWNSHIP,Durham Park township,Durham Park township,Durham Park township,Durham Park township,325,282,258,230,244,213,0,0,0,0,0,0,325,282,258,230,244,213
,Kansas,20,200,Marion County,115,1150,East Branch township,19325,East Branch Township,EAST BRANCH TOWNSHIP,East Branch township,East Branch township,East Branch township,East Branch township,196,202,198,188,178,199,0,0,0,0,0,0,196,202,198,188,178,199
,Kansas,20,200,Marion County,115,1150,Fairplay township,22350,Fairplay Township,FAIRPLAY TOWNSHIP,Fairplay township,Fairplay township,Fairplay township,Fairplay township,241,162,122,121,107,93,0,0,0,0,0,0,241,162,122,121,107,93
,Kansas,20,200,Marion County,115,1150,Florence city,23600,Florence City,FLORENCE CITY,Florence city,Florence city,Florence city,Florence city,716,729,636,671,465,394,0,0,0,0,0,0,716,729,636,671,465,394
,Kansas,20,200,Marion County,115,1150,Gale township,25075,Gale Township,GALE TOWNSHIP,Gale township,Gale township,Gale township,Gale township,196,243,239,220,219,239,0,0,0,0,0,0,196,243,239,220,219,239
,Kansas,20,200,Marion County,115,1150,Grant township,27775,Grant Township,GRANT TOWNSHIP,Grant township,Grant township,Grant township,Grant township,169,159,136,128,131,135,0,0,0,0,0,0,169,159,136,128,131,135
,Kansas,20,200,Marion County,115,1150,Hillsboro city,32275,Hillsboro City,HILLSBORO CITY,Hillsboro city,Hillsboro city,Hillsboro city,Hillsboro city,2730,2717,2704,2854,2993,2732,2730,2717,2704,2752,2815,0,0,0,0,102,178,2732
,Kansas,20,200,Marion County,115,1150,Lehigh township,39250,Lehigh Township,LEHIGH TOWNSHIP,Lehigh township,Lehigh township,Lehigh township,Lehigh township,351,334,311,370,329,311,0,0,0,0,0,0,351,334,311,370,329,311
,Kansas,20,200,Marion County,115,1150,Liberty township,40225,Liberty Township,LIBERTY TOWNSHIP,Liberty township,Liberty township,Liberty township,Liberty township,356,297,305,327,320,345,0,0,0,4,0,0,356,297,305,323,320,345
,Kansas,20,200,Marion County,115,1150,Logan township,41950,Logan Township,LOGAN TOWNSHIP,Logan township,Logan township,Logan township,Logan township,178,147,117,127,104,114,0,0,0,0,0,0,178,147,117,127,104,114
,Kansas,20,200,Marion County,115,1150,Lost Springs township,42850,Lost Springs Township,LOST SPRINGS TOWNSHIP,Lost Springs township,Lost Springs township,Lost Springs township,Lost Springs township,316,316,241,201,197,150,0,0,0,0,0,0,316,316,241,201,197,150
,Kansas,20,200,Marion County,115,1150,Marion city,44750,Marion City,MARION CITY,Marion city,Marion city,Marion city,Marion city,2052,1951,1906,2110,1927,1922,0,0,0,0,0,0,2052,1951,1906,2110,1927,1922
,Kansas,20,200,Marion County,115,1150,Menno township,45800,Menno Township,MENNO TOWNSHIP,Menno township,Menno township,Menno township,Menno township,326,297,307,317,330,304,0,0,0,0,0,0,326,297,307,317,330,304
,Kansas,20,200,Marion County,115,1150,Milton township,46900,Milton Township,MILTON TOWNSHIP,Milton township,Milton township,Milton township,Milton township,382,339,325,348,310,323,0,0,0,0,0,0,382,339,325,348,310,323
,Kansas,20,200,Marion County,115,1150,Moore township,48100,Moore Township,MOORE TOWNSHIP,Moore township,Moore township,Moore township,Moore township,114,94,69,65,73,82,0,0,0,0,0,0,114,94,69,65,73,82
,Kansas,20,200,Marion County,115,1150,Peabody township,55125,Peabody Township,PEABODY TOWNSHIP,Peabody township,Peabody township,Peabody township,Peabody township,1612,1671,1535,1544,1382,1117,0,0,0,0,0,0,1612,1671,1535,1544,1382,1117
,Kansas,20,200,Marion County,115,1150,Risley township,60000,Risley Township,RISLEY TOWNSHIP,Risley township,Risley township,Risley township,Risley township,294,233,227,241,207,225,0,0,0,0,0,0,294,233,227,241,207,225
,Kansas,20,200,Marion County,115,1150,Summit township,69100,Summit Township,SUMMIT TOWNSHIP,Summit township,Summit township,Summit township,Summit township,133,104,90,82,80,72,0,0,0,0,0,0,133,104,90,82,80,72
,Kansas,20,200,Marion County,115,1150,West Branch township,76775,West Branch Township,WEST BRANCH TOWNSHIP,West Branch township,West Branch township,West Branch township,West Branch township,866,869,973,1024,966,1001,0,0,0,0,0,0,866,869,973,1024,966,1001
,Kansas,20,200,Marion County,115,1150,Wilson township,79750,Wilson Township,WILSON TOWNSHIP,Wilson township,Wilson township,Wilson township,Wilson township,303,258,244,232,201,220,0,0,0,0,0,0,303,258,244,232,201,220
,Kansas,20,200,Marshall County,117,1170,Balderson township,3850,Balderson Township,BALDERSON TOWNSHIP,Balderson township,Balderson township,Balderson township,Balderson township,202,154,120,106,82,91,0,0,0,0,0,0,202,154,120,106,82,91
,Kansas,20,200,Marshall County,117,1170,Bigelow township,6725,Bigelow Township,BIGELOW TOWNSHIP,Bigelow township,Bigelow township,Bigelow township,Bigelow township,94,113,93,66,37,59,0,0,0,0,0,0,94,113,93,66,37,59
,Kansas,20,200,Marshall County,117,1170,Blue Rapids City township,7700,Blue Rapids City Township,BLUE RAPIDS CITY TOWNSHIP,Blue Rapids City township,Blue Rapids City township,Blue Rapids City township,Blue Rapids City township,1257,1389,1233,1201,1116,1017,0,0,0,0,0,0,1257,1389,1233,1201,1116,1017
,Kansas,20,200,Marshall County,117,1170,Blue Rapids township,7675,Blue Rapids Township,BLUE RAPIDS TOWNSHIP,Blue Rapids township,Blue Rapids township,Blue Rapids township,Blue Rapids township,145,113,93,78,59,89,0,0,0,0,0,0,145,113,93,78,59,89
,Kansas,20,200,Marshall County,117,1170,Center township,11850,Center Township,CENTER TOWNSHIP,Center township,Center township,Center township,Center township,191,164,174,151,128,130,0,0,0,0,0,0,191,164,174,151,128,130
,Kansas,20,200,Marshall County,117,1170,Clear Fork township,13875,Clear Fork Township,CLEAR FORK TOWNSHIP,Clear Fork township,Clear Fork township,Clear Fork township,Clear Fork township,96,52,49,54,45,42,0,0,0,0,0,0,96,52,49,54,45,42
,Kansas,20,200,Marshall County,117,1170,Cleveland township,14100,Cleveland Township,CLEVELAND TOWNSHIP,Cleveland township,Cleveland township,Cleveland township,Cleveland township,137,117,98,91,77,68,0,0,0,0,0,0,137,117,98,91,77,68
,Kansas,20,200,Marshall County,117,1170,Cottage Hill township,15850,Cottage Hill Township,COTTAGE HILL TOWNSHIP,Cottage Hill township,Cottage Hill township,Cottage Hill township,Cottage Hill township,187,166,138,143,132,131,0,0,0,0,0,0,187,166,138,143,132,131
,Kansas,20,200,Marshall County,117,1170,Elm Creek township,20600,Elm Creek Township,ELM CREEK TOWNSHIP,Elm Creek township,Elm Creek township,Elm Creek township,Elm Creek township,219,229,204,178,180,150,0,0,0,0,0,0,219,229,204,178,180,150
,Kansas,20,200,Marshall County,117,1170,Franklin township,24450,Franklin Township,FRANKLIN TOWNSHIP,Franklin township,Franklin township,Franklin township,Franklin township,303,332,362,337,316,273,0,0,0,0,0,0,303,332,362,337,316,273
,Kansas,20,200,Marshall County,117,1170,Guittard township,29225,Guittard Township,GUITTARD TOWNSHIP,Guittard township,Guittard township,Guittard township,Guittard township,499,505,458,454,373,372,0,0,0,0,0,0,499,505,458,454,373,372
,Kansas,20,200,Marshall County,117,1170,Herkimer township,31450,Herkimer Township,HERKIMER TOWNSHIP,Herkimer township,Herkimer township,Herkimer township,Herkimer township,347,318,270,234,223,191,0,0,0,0,0,0,347,318,270,234,223,191
,Kansas,20,200,Marshall County,117,1170,Lincoln township,40850,Lincoln Township,LINCOLN TOWNSHIP,Lincoln township,Lincoln township,Lincoln township,Lincoln township,239,181,140,130,121,145,0,0,0,0,0,0,239,181,140,130,121,145
,Kansas,20,200,Marshall County,117,1170,Logan township,41975,Logan Township,LOGAN TOWNSHIP,Logan township,Logan township,Logan township,Logan township,416,357,347,335,272,251,0,0,0,0,0,0,416,357,347,335,272,251
,Kansas,20,200,Marshall County,117,1170,Marysville city,45050,Marysville City,MARYSVILLE CITY,Marysville city,Marysville city,Marysville city,Marysville city,3588,3670,3359,3271,3294,3447,3588,3670,3359,3113,2937,0,0,0,0,158,357,3447
,Kansas,20,200,Marshall County,117,1170,Marysville township,45075,Marysville Township,MARYSVILLE TOWNSHIP,Marysville township,Marysville township,Marysville township,Marysville township,473,524,541,383,233,270,0,0,0,10,0,0,473,524,541,373,233,270
,Kansas,20,200,Marshall County,117,1170,Murray township,49275,Murray Township,MURRAY TOWNSHIP,Murray township,Murray township,Murray township,Murray township,755,737,669,640,614,600,0,0,0,0,0,0,755,737,669,640,614,600
,Kansas,20,200,Marshall County,117,1170,Noble township,50850,Noble Township,NOBLE TOWNSHIP,Noble township,Noble township,Noble township,Noble township,422,302,276,217,195,157,0,0,0,0,0,0,422,302,276,217,195,157
,Kansas,20,200,Marshall County,117,1170,Oketo township,52550,Oketo Township,OKETO TOWNSHIP,Oketo township,Oketo township,Oketo township,Oketo township,377,316,318,251,234,221,0,0,0,0,0,0,377,316,318,251,234,221
,Kansas,20,200,Marshall County,117,1170,Richland township,59450,Richland Township,RICHLAND TOWNSHIP,Richland township,Richland township,Richland township,Richland township,342,247,226,206,154,159,0,0,0,0,0,0,342,247,226,206,154,159
,Kansas,20,200,Marshall County,117,1170,Rock township,60425,Rock Township,ROCK TOWNSHIP,Rock township,Rock township,Rock township,Rock township,185,151,119,123,137,159,0,0,0,0,0,0,185,151,119,123,137,159
,Kansas,20,200,Marshall County,117,1170,St. Bridget township,62100,St Bridget Township,ST. BRIDGET TOWNSHIP,St. Bridget township,St. Bridget township,St. Bridget township,St. Bridget township,304,252,206,232,173,132,0,0,0,0,0,0,304,252,206,232,173,132
,Kansas,20,200,Marshall County,117,1170,Vermillion township,73550,Vermillion Township,VERMILLION TOWNSHIP,Vermillion township,Vermillion township,Vermillion township,Vermillion township,1174,1218,1101,1012,879,904,0,0,0,0,0,0,1174,1218,1101,1012,879,904
,Kansas,20,200,Marshall County,117,1170,Walnut township,75025,Walnut Township,WALNUT TOWNSHIP,Walnut township,Walnut township,Walnut township,Walnut township,206,183,177,144,118,101,0,0,0,0,0,0,206,183,177,144,118,101
,Kansas,20,200,Marshall County,117,1170,Waterville township,75975,Waterville Township,WATERVILLE TOWNSHIP,Waterville township,Waterville township,Waterville township,Waterville township,787,842,801,797,805,782,0,0,0,0,0,0,787,842,801,797,805,782
,Kansas,20,200,Marshall County,117,1170,Wells township,76525,Wells Township,WELLS TOWNSHIP,Wells township,Wells township,Wells township,Wells township,194,155,133,131,120,97,0,0,0,0,0,0,194,155,133,131,120,97
,Kansas,20,200,Meade County,119,1190,Cimarron township,13325,Cimarron Township,CIMARRON TOWNSHIP,Cimarron township,Cimarron township,Cimarron township,Cimarron township,83,89,98,93,75,67,0,0,0,0,0,0,83,89,98,93,75,67
,Kansas,20,200,Meade County,119,1190,Crooked Creek township,16450,Crooked Creek Township,CROOKED CREEK TOWNSHIP,Crooked Creek township,Crooked Creek township,Crooked Creek township,Crooked Creek township,104,79,83,92,73,48,0,0,0,0,0,0,104,79,83,92,73,48
,Kansas,20,200,Meade County,119,1190,Fowler township,24200,Fowler Township,FOWLER TOWNSHIP,Fowler township,Fowler township,Fowler township,Fowler township,843,794,737,749,746,651,0,0,0,0,0,0,843,794,737,749,746,651
,Kansas,20,200,Meade County,119,1190,Logan township,42000,Logan Township,LOGAN TOWNSHIP,Logan township,Logan township,Logan township,Logan township,161,149,100,100,87,102,0,0,0,0,0,0,161,149,100,100,87,102
,Kansas,20,200,Meade County,119,1190,Meade Center township,45350,Meade Center Township,MEADE CENTER TOWNSHIP,Meade Center township,Meade Center township,Meade Center township,Meade Center township,2229,2058,1822,1968,2001,1737,0,0,0,0,0,0,2229,2058,1822,1968,2001,1737
,Kansas,20,200,Meade County,119,1190,Mertilla township,46025,Mertilla Township,MERTILLA TOWNSHIP,Mertilla township,Mertilla township,Mertilla township,Mertilla township,209,236,211,221,198,196,0,0,0,0,0,0,209,236,211,221,198,196
,Kansas,20,200,Meade County,119,1190,Odee township,52075,Odee Township,ODEE TOWNSHIP,Odee township,Odee township,Odee township,Odee township,99,79,44,50,37,51,0,0,0,0,0,0,99,79,44,50,37,51
,Kansas,20,200,Meade County,119,1190,Sand Creek township,62925,Sand Creek Township,SAND CREEK TOWNSHIP,Sand Creek township,Sand Creek township,Sand Creek township,Sand Creek township,104,76,44,38,38,26,0,0,0,0,0,0,104,76,44,38,38,26
,Kansas,20,200,Meade County,119,1190,West Plains township,77300,West Plains Township,WEST PLAINS TOWNSHIP,West Plains township,West Plains township,West Plains township,West Plains township,1080,1228,1108,1320,1320,1177,0,0,0,0,0,0,1080,1228,1108,1320,1320,1177
,Kansas,20,200,Miami County,121,1210,Louisburg city,42875,,LOUISBURG CITY,Louisburg city,Louisburg city,Louisburg city,Louisburg city,,1744,1964,2576,4315,4969,,0,0,2537,3921,0,,1744,1964,39,394,4969
,Kansas,20,200,Miami County,121,1210,Marysville township,45100,Marysville Township,MARYSVILLE TOWNSHIP,Marysville township,Marysville township,Marysville township,Marysville township,1223,1593,1862,2575,2366,2452,0,0,0,0,58,58,1223,1593,1862,2575,2308,2394
,Kansas,20,200,Miami County,121,1210,Miami township,46100,Miami Township,MIAMI TOWNSHIP,Miami township,Miami township,Miami township,Miami township,407,415,427,506,537,545,0,0,0,0,0,0,407,415,427,506,537,545
,Kansas,20,200,Miami County,121,1210,Middle Creek township,46225,Middle Creek Township,MIDDLE CREEK TOWNSHIP,Middle Creek township,Middle Creek township,Middle Creek township,Middle Creek township,769,1002,1224,1649,1808,1814,0,0,0,0,0,0,769,1002,1224,1649,1808,1814
,Kansas,20,200,Miami County,121,1210,Mound township,48700,Mound Township,MOUND TOWNSHIP,Mound township,Mound township,Mound township,Mound township,406,508,563,705,729,700,0,0,0,0,0,0,406,508,563,705,729,700
,Kansas,20,200,Miami County,121,1210,Osage township,53175,Osage Township,OSAGE TOWNSHIP,Osage township,Osage township,Osage township,Osage township,544,592,576,649,667,659,0,0,0,0,0,0,544,592,576,649,667,659
,Kansas,20,200,Miami County,121,1210,Osawatomie city,53225,Osawatomie City,OSAWATOMIE CITY,Osawatomie city,Osawatomie city,Osawatomie city,Osawatomie city,4294,4459,4590,4645,4447,4255,4294,4459,4590,4397,4363,0,0,0,0,248,84,4255
,Kansas,20,200,Miami County,121,1210,Osawatomie township,53250,Osawatomie Township,OSAWATOMIE TOWNSHIP,Osawatomie township,Osawatomie township,Osawatomie township,Osawatomie township,1246,697,734,794,728,694,0,0,0,16,2,0,1246,697,734,778,726,694
,Kansas,20,200,Miami County,121,1210,Paola city,54250,Paola City,PAOLA CITY,Paola city,Paola city,Paola city,Paola city,4622,4557,4698,5011,5602,5768,4622,4557,4698,4907,5397,5550,0,0,0,104,205,218
,Kansas,20,200,Miami County,121,1210,Paola township,54275,Paola Township,PAOLA TOWNSHIP,Paola township,Paola township,Paola township,Paola township,514,738,910,1100,1091,1067,0,0,0,193,2,3,514,738,910,907,1089,1064
,Kansas,20,200,Miami County,121,1210,Richland township,59475,Richland Township,RICHLAND TOWNSHIP,Richland township,Richland township,Richland township,Richland township,777,1036,1142,1758,2051,2025,0,0,0,0,0,0,777,1036,1142,1758,2051,2025
,Kansas,20,200,Miami County,121,1210,Spring Hill city,67625,,SPRING HILL CITY,Spring Hill city,Spring Hill city,Spring Hill city,Spring Hill city,,42,107,436,2337,3020,,0,0,432,2330,2806,,42,107,4,7,214
,Kansas,20,200,Miami County,121,1210,Stanton township,67925,Stanton Township,STANTON TOWNSHIP,Stanton township,Stanton township,Stanton township,Stanton township,591,766,747,925,843,856,0,0,0,0,0,0,591,766,747,925,843,856
,Kansas,20,200,Miami County,121,1210,Sugar Creek township,68825,Sugar Creek Township,SUGAR CREEK TOWNSHIP,Sugar Creek township,Sugar Creek township,Sugar Creek township,Sugar Creek township,323,322,370,449,474,495,0,0,0,0,0,0,323,322,370,449,474,495
,Kansas,20,200,Miami County,121,1210,Ten Mile township,70125,Ten Mile Township,TEN MILE TOWNSHIP,Ten Mile township,Ten Mile township,Ten Mile township,Ten Mile township,649,798,989,1259,1441,1543,0,0,0,0,0,0,649,798,989,1259,1441,1543
,Kansas,20,200,Miami County,121,1210,Valley township,72950,Valley Township,VALLEY TOWNSHIP,Valley township,Valley township,Valley township,Valley township,804,1262,1401,1478,1401,1306,0,0,0,117,0,0,804,1262,1401,1361,1401,1306
,Kansas,20,200,Miami County,121,1210,Wea township,76225,Wea Township,WEA TOWNSHIP,Wea township,Wea township,Wea township,Wea township,2085,1087,1162,1836,1950,2023,0,0,0,29,9,0,2085,1087,1162,1807,1941,2023
,Kansas,20,200,Mitchell County,123,1230,Asherville township,2625,Asherville Township,ASHERVILLE TOWNSHIP,Asherville township,Asherville township,Asherville township,Asherville township,150,152,139,122,97,119,0,0,0,0,0,0,150,152,139,122,97,119
,Kansas,20,200,Mitchell County,123,1230,Beloit city,5775,Beloit City,BELOIT CITY,Beloit city,Beloit city,Beloit city,Beloit city,4121,4367,4066,4019,3835,3404,4121,4367,4066,3492,3287,0,0,0,0,527,548,3404
,Kansas,20,200,Mitchell County,123,1230,Beloit township,5800,Beloit Township,BELOIT TOWNSHIP,Beloit township,Beloit township,Beloit township,Beloit township,368,443,269,222,205,176,0,0,0,0,8,0,368,443,269,222,197,176
,Kansas,20,200,Mitchell County,123,1230,Bloomfield township,7425,Bloomfield Township,BLOOMFIELD TOWNSHIP,Bloomfield township,Bloomfield township,Bloomfield township,Bloomfield township,112,117,95,83,76,81,0,0,0,0,0,0,112,117,95,83,76,81
,Kansas,20,200,Mitchell County,123,1230,Blue Hill township,7575,Blue Hill Township,BLUE HILL TOWNSHIP,Blue Hill township,Blue Hill township,Blue Hill township,Blue Hill township,73,44,45,36,27,33,0,0,0,0,0,0,73,44,45,36,27,33
,Kansas,20,200,Mitchell County,123,1230,Carr Creek township,10850,Carr Creek Township,CARR CREEK TOWNSHIP,Carr Creek township,Carr Creek township,Carr Creek township,Carr Creek township,40,33,36,31,17,23,0,0,0,0,0,0,40,33,36,31,17,23
,Kansas,20,200,Mitchell County,123,1230,Cawker township,11150,Cawker Township,CAWKER TOWNSHIP,Cawker township,Cawker township,Cawker township,Cawker township,817,706,637,578,522,516,0,0,0,0,0,0,817,706,637,578,522,516
,Kansas,20,200,Mitchell County,123,1230,Center township,11875,Center Township,CENTER TOWNSHIP,Center township,Center township,Center township,Center township,79,62,42,49,39,36,0,0,0,0,0,0,79,62,42,49,39,36
,Kansas,20,200,Mitchell County,123,1230,Custer township,16875,Custer Township,CUSTER TOWNSHIP,Custer township,Custer township,Custer township,Custer township,232,208,181,132,110,104,0,0,0,0,0,0,232,208,181,132,110,104
,Kansas,20,200,Mitchell County,123,1230,Eureka township,21875,Eureka Township,EUREKA TOWNSHIP,Eureka township,Eureka township,Eureka township,Eureka township,57,45,42,41,22,26,0,0,0,0,0,0,57,45,42,41,22,26
,Kansas,20,200,Mitchell County,123,1230,Glen Elder township,26525,Glen Elder Township,GLEN ELDER TOWNSHIP,Glen Elder township,Glen Elder township,Glen Elder township,Glen Elder township,540,599,548,553,514,432,0,0,0,0,0,0,540,599,548,553,514,432
,Kansas,20,200,Mitchell County,123,1230,Hayes township,30975,Hayes Township,HAYES TOWNSHIP,Hayes township,Hayes township,Hayes township,Hayes township,58,38,29,21,16,30,0,0,0,0,0,0,58,38,29,21,16,30
,Kansas,20,200,Mitchell County,123,1230,Logan township,42025,Logan Township,LOGAN TOWNSHIP,Logan township,Logan township,Logan township,Logan township,211,179,159,168,125,121,0,0,0,0,0,0,211,179,159,168,125,121
,Kansas,20,200,Mitchell County,123,1230,Lulu township,43225,Lulu Township,LULU TOWNSHIP,Lulu township,Lulu township,Lulu township,Lulu township,126,121,86,90,87,80,0,0,0,0,0,0,126,121,86,90,87,80
,Kansas,20,200,Mitchell County,123,1230,Pittsburg township,56050,Pittsburg Township,PITTSBURG TOWNSHIP,Pittsburg township,Pittsburg township,Pittsburg township,Pittsburg township,472,476,373,346,298,258,0,0,0,0,0,0,472,476,373,346,298,258
,Kansas,20,200,Mitchell County,123,1230,Plum Creek township,56825,Plum Creek Township,PLUM CREEK TOWNSHIP,Plum Creek township,Plum Creek township,Plum Creek township,Plum Creek township,127,142,109,119,105,108,0,0,0,0,0,0,127,142,109,119,105,108
,Kansas,20,200,Mitchell County,123,1230,Round Springs township,61500,Round Springs Township,ROUND SPRINGS TOWNSHIP,Round Springs township,Round Springs township,Round Springs township,Round Springs township,31,47,43,27,24,24,0,0,0,0,0,0,31,47,43,27,24,24
,Kansas,20,200,Mitchell County,123,1230,Salt Creek township,62825,Salt Creek Township,SALT CREEK TOWNSHIP,Salt Creek township,Salt Creek township,Salt Creek township,Salt Creek township,69,54,35,39,33,16,0,0,0,0,0,0,69,54,35,39,33,16
,Kansas,20,200,Mitchell County,123,1230,Solomon Rapids township,66450,Solomon Rapids Township,SOLOMON RAPIDS TOWNSHIP,Solomon Rapids township,Solomon Rapids township,Solomon Rapids township,Solomon Rapids township,95,84,86,80,65,60,0,0,0,0,0,0,95,84,86,80,65,60
,Kansas,20,200,Mitchell County,123,1230,Turkey Creek township,71725,Turkey Creek Township,TURKEY CREEK TOWNSHIP,Turkey Creek township,Turkey Creek township,Turkey Creek township,Turkey Creek township,160,139,135,134,122,118,0,0,0,0,0,0,160,139,135,134,122,118
,Kansas,20,200,Mitchell County,123,1230,Walnut Creek township,75150,Walnut Creek Township,WALNUT CREEK TOWNSHIP,Walnut Creek township,Walnut Creek township,Walnut Creek township,Walnut Creek township,72,61,48,42,34,31,0,0,0,0,0,0,72,61,48,42,34,31
,Kansas,20,200,Montgomery County,125,1250,Caney city,10375,Caney City,CANEY CITY,Caney city,Caney city,Caney city,Caney city,2192,2284,2062,2092,2203,1788,0,0,0,0,0,0,2192,2284,2062,2092,2203,1788
,Kansas,20,200,Montgomery County,125,1250,Caney township,10400,Caney Township,CANEY TOWNSHIP,Caney township,Caney township,Caney township,Caney township,1207,1289,1205,1244,1366,1134,0,0,0,0,0,0,1207,1289,1205,1244,1366,1134
,Kansas,20,200,Montgomery County,125,1250,Cherokee township,12850,Cherokee Township,CHEROKEE TOWNSHIP,Cherokee township,Cherokee township,Cherokee township,Cherokee township,581,580,620,541,489,415,0,0,0,0,0,0,581,580,620,541,489,415
,Kansas,20,200,Montgomery County,125,1250,Cherry township,12875,Cherry Township,CHERRY TOWNSHIP,Cherry township,Cherry township,Cherry township,Cherry township,511,503,550,517,504,462,0,0,0,0,0,0,511,503,550,517,504,462
,Kansas,20,200,Montgomery County,125,1250,Cherryvale city,12925,Cherryvale City,CHERRYVALE CITY,Cherryvale city,Cherryvale city,Cherryvale city,Cherryvale city,2609,2769,2464,2386,2367,2192,2609,2769,0,0,0,0,0,0,2464,2386,2367,2192
,Kansas,20,200,Montgomery County,125,1250,Coffeyville city,14600,Coffeyville City,COFFEYVILLE CITY,Coffeyville city,Coffeyville city,Coffeyville city,Coffeyville city,15116,15185,12917,11021,10295,8826,15116,15185,12917,10716,10095,8715,0,0,0,305,200,111
,Kansas,20,200,Montgomery County,125,1250,Drum Creek township,18700,Drum Creek Township,DRUM CREEK TOWNSHIP,Drum Creek township,Drum Creek township,Drum Creek township,Drum Creek township,425,522,488,537,510,494,0,0,0,9,0,0,425,522,488,528,510,494
,Kansas,20,200,Montgomery County,125,1250,Fawn Creek township,23325,Fawn Creek Township,FAWN CREEK TOWNSHIP,Fawn Creek township,Fawn Creek township,Fawn Creek township,Fawn Creek township,1655,2088,2124,2036,2025,1857,0,0,0,0,0,0,1655,2088,2124,2036,2025,1857
,Kansas,20,200,Montgomery County,125,1250,Independence city,33875,Independence City,INDEPENDENCE CITY,Independence city,Independence city,Independence city,Independence city,10347,10598,9942,9846,9483,8548,10347,10598,9942,9756,9446,8463,0,0,0,90,37,85
,Kansas,20,200,Montgomery County,125,1250,Independence township,33900,Independence Township,INDEPENDENCE TOWNSHIP,Independence township,Independence township,Independence township,Independence township,1688,2426,2532,2342,2430,2241,0,0,0,558,436,14,1688,2426,2532,1784,1994,2227
,Kansas,20,200,Montgomery County,125,1250,Liberty township,40275,Liberty Township,LIBERTY TOWNSHIP,Liberty township,Liberty township,Liberty township,Liberty township,518,568,504,473,496,511,0,0,0,0,0,0,518,568,504,473,496,511
,Kansas,20,200,Montgomery County,125,1250,Louisburg township,42900,Louisburg Township,LOUISBURG TOWNSHIP,Louisburg township,Louisburg township,Louisburg township,Louisburg township,737,791,669,629,616,552,0,0,0,0,0,0,737,791,669,629,616,552
,Kansas,20,200,Montgomery County,125,1250,Parker township,54525,Parker Township,PARKER TOWNSHIP,Parker township,Parker township,Parker township,Parker township,1136,1194,1333,1212,1190,1077,0,0,0,5,14,1,1136,1194,1333,1207,1176,1076
,Kansas,20,200,Montgomery County,125,1250,Rutland township,61925,Rutland Township,RUTLAND TOWNSHIP,Rutland township,Rutland township,Rutland township,Rutland township,293,282,357,302,282,299,0,0,0,0,0,0,293,282,357,302,282,299
,Kansas,20,200,Montgomery County,125,1250,Sycamore township,69750,Sycamore Township,SYCAMORE TOWNSHIP,Sycamore township,Sycamore township,Sycamore township,Sycamore township,733,994,835,835,908,805,0,0,0,22,77,0,733,994,835,813,831,805
,Kansas,20,200,Montgomery County,125,1250,West Cherry township,76825,West Cherry Township,WEST CHERRY TOWNSHIP,West Cherry township,West Cherry township,West Cherry township,West Cherry township,201,208,214,239,307,285,0,0,0,0,0,0,201,208,214,239,307,285
,Kansas,20,200,Morris County,127,1270,Burdick Township,5,Burdick Township,,,,,,253,,,,,,0,,,,,,253,,,,,
,Kansas,20,200,Morris County,127,1270,Clarks Creek Township,10,Clarks Creek Township,,,,,,161,,,,,,0,,,,,,161,,,,,
,Kansas,20,200,Morris County,127,1270,Council Grove city,15925,Council Grove City,COUNCIL GROVE CITY,Council Grove city,Council Grove city,Council Grove city,Council Grove city,2403,2381,2228,2321,2182,2140,0,0,0,0,0,0,2403,2381,2228,2321,2182,2140
,Kansas,20,200,Morris County,127,1270,Council Grove Township,20,Council Grove Township,,,,,,316,,,,,,0,,,,,,316,,,,,
,Kansas,20,200,Morris County,127,1270,Diamond Valley Township,25,Diamond Valley Township,,,,,,61,,,,,,0,,,,,,61,,,,,
,Kansas,20,200,Morris County,127,1270,Elm Creek Township,30,Elm Creek Township,,,,,,473,,,,,,0,,,,,,473,,,,,
,Kansas,20,200,Morris County,127,1270,Four Mile Township,35,Four Mile Township,,,,,,78,,,,,,0,,,,,,78,,,,,
,Kansas,20,200,Morris County,127,1270,Garfield Township,40,Garfield Township,,,,,,154,,,,,,0,,,,,,154,,,,,
,Kansas,20,200,Morris County,127,1270,Grandview Township,45,Grandview Township,,,,,,345,,,,,,0,,,,,,345,,,,,
,Kansas,20,200,Morris County,127,1270,Herington city,31400,,,Herington city,Herington city,Herington city,Herington city,,,0,0,0,0,,,0,0,0,0,,,0,0,0,0
,Kansas,20,200,Morris County,127,1270,Highland township,31975,Highland Township,HIGHLAND TOWNSHIP,Highland township,Highland township,Highland township,Highland township,143,133,114,94,98,74,0,0,0,0,0,0,143,133,114,94,98,74
,Kansas,20,200,Morris County,127,1270,Neosho Township,55,Neosho Township,,,,,,119,,,,,,0,,,,,,119,,,,,
,Kansas,20,200,Morris County,127,1270,Ohio Township,60,Ohio Township,,,,,,529,,,,,,0,,,,,,529,,,,,
,Kansas,20,200,Morris County,127,1270,Overland township,53750,Overland Township,OVERLAND TOWNSHIP,Overland township,Overland township,Overland township,Overland township,98,111,69,60,71,85,0,0,0,0,0,0,98,111,69,60,71,85
,Kansas,20,200,Morris County,127,1270,Parker Township,70,Parker Township,,,,,,216,,,,,,0,,,,,,216,,,,,
,Kansas,20,200,Morris County,127,1270,Rolling Prairie Township,75,Rolling Prairie Township,,,,,,640,,,,,,0,,,,,,640,,,,,
,Kansas,20,200,Morris County,127,1270,Township 1,71202,,TOWNSHIP NO. 1,Township No. 1,Township No. 1,Township 1,Township 1,,589,581,551,509,476,,0,0,0,0,0,,589,581,551,509,476
,Kansas,20,200,Morris County,127,1270,Township 2,71206,,TOWNSHIP NO. 2,Township No. 2,Township No. 2,Township 2,Township 2,,627,781,688,720,627,,0,0,0,0,0,,627,781,688,720,627
,Kansas,20,200,Morris County,127,1270,Township 3,71210,,TOWNSHIP NO. 3,Township No. 3,Township No. 3,Township 3,Township 3,,510,569,503,446,382,,0,0,0,0,0,,510,569,503,446,382
,Kansas,20,200,Morris County,127,1270,Township 4,71214,,TOWNSHIP NO. 4,Township No. 4,Township No. 4,Township 4,Township 4,,234,232,252,236,204,,0,0,0,0,0,,234,232,252,236,204
,Kansas,20,200,Morris County,127,1270,Township 5,71218,,TOWNSHIP NO. 5,Township No. 5,Township No. 5,Township 5,Township 5,,707,684,686,784,581,,0,0,0,0,0,,707,684,686,784,581
,Kansas,20,200,Morris County,127,1270,Township 6,71222,,TOWNSHIP NO. 6,Township No. 6,Township No. 6,Township 6,Township 6,,141,116,111,102,114,,0,0,0,0,0,,141,116,111,102,114
,Kansas,20,200,Morris County,127,1270,Township 7,71227,,TOWNSHIP NO. 7,Township No. 7,Township No. 7,Township 7,Township 7,,327,260,258,262,223,,0,0,0,0,0,,327,260,258,262,223
,Kansas,20,200,Morris County,127,1270,Township 8,71232,,TOWNSHIP NO. 8,Township No. 8,Township No. 8,Township 8,Township 8,,300,230,212,206,180,,0,0,0,0,0,,300,230,212,206,180
,Kansas,20,200,Morris County,127,1270,Township 9,71237,,TOWNSHIP NO. 9,Township No. 9,Township No. 9,Township 9,Township 9,,359,334,368,307,300,,0,0,0,0,0,,359,334,368,307,300
,Kansas,20,200,Morris County,127,1270,Valley Township,80,Valley Township,,,,,,252,,,,,,0,,,,,,252,,,,,
,Kansas,20,200,Morris County,127,1270,Warren Township,85,Warren Township,,,,,,191,,,,,,0,,,,,,191,,,,,
,Kansas,20,200,Morton County,129,1290,Cimarron township,13350,Cimarron Township,CIMARRON TOWNSHIP,Cimarron township,Cimarron township,Cimarron township,Cimarron township,81,73,74,67,60,54,0,0,0,0,0,0,81,73,74,67,60,54
,Kansas,20,200,Morton County,129,1290,Jones township,35650,Jones Township,JONES TOWNSHIP,Jones township,Jones township,Jones township,Jones township,24,16,11,17,14,11,0,0,0,0,0,0,24,16,11,17,14,11
,Kansas,20,200,Morton County,129,1290,Richfield township,59225,Richfield Township,RICHFIELD TOWNSHIP,Richfield township,Richfield township,Richfield township,Richfield township,332,316,269,218,182,139,0,0,0,0,0,0,332,316,269,218,182,139
,Kansas,20,200,Morton County,129,1290,Rolla township,60925,Rolla Township,ROLLA TOWNSHIP,Rolla township,Rolla township,Rolla township,Rolla township,561,561,575,650,590,480,0,0,0,0,0,0,561,561,575,650,590,480
,Kansas,20,200,Morton County,129,1290,Taloga township,69975,Taloga Township,TALOGA TOWNSHIP,Taloga township,Taloga township,Taloga township,Taloga township,2442,2378,2443,2437,2327,1978,0,0,0,0,0,0,2442,2378,2443,2437,2327,1978
,Kansas,20,200,Morton County,129,1290,Westola township,77225,Westola Township,WESTOLA TOWNSHIP,Westola township,Westola township,Westola township,Westola township,136,110,108,107,60,39,0,0,0,0,0,0,136,110,108,107,60,39
,Kansas,20,200,Nemaha County,131,1310,Adams township,275,Adams Township,ADAMS TOWNSHIP,Adams township,Adams township,Adams township,Adams township,287,242,205,213,194,171,0,0,0,0,0,0,287,242,205,213,194,171
,Kansas,20,200,Nemaha County,131,1310,Berwick township,6375,Berwick Township,BERWICK TOWNSHIP,Berwick township,Berwick township,Berwick township,Berwick township,358,346,383,391,408,414,0,0,0,0,0,0,358,346,383,391,408,414
,Kansas,20,200,Nemaha County,131,1310,Capioma township,10575,Capioma Township,CAPIOMA TOWNSHIP,Capioma township,Capioma township,Capioma township,Capioma township,249,202,160,161,147,154,0,0,0,0,0,0,249,202,160,161,147,154
,Kansas,20,200,Nemaha County,131,1310,Center township,11900,Center Township,CENTER TOWNSHIP,Center township,Center township,Center township,Center township,289,274,211,200,164,178,0,0,0,0,0,0,289,274,211,200,164,178
,Kansas,20,200,Nemaha County,131,1310,Clear Creek township,13775,Clear Creek Township,CLEAR CREEK TOWNSHIP,Clear Creek township,Clear Creek township,Clear Creek township,Clear Creek township,217,170,144,123,115,127,0,0,0,0,0,0,217,170,144,123,115,127
,Kansas,20,200,Nemaha County,131,1310,Gilman township,26275,Gilman Township,GILMAN TOWNSHIP,Gilman township,Gilman township,Gilman township,Gilman township,334,318,247,223,238,191,0,0,0,0,0,0,334,318,247,223,238,191
,Kansas,20,200,Nemaha County,131,1310,Granada township,27275,Granada Township,GRANADA TOWNSHIP,Granada township,Granada township,Granada township,Granada township,167,127,106,122,105,84,0,0,0,0,0,0,167,127,106,122,105,84
,Kansas,20,200,Nemaha County,131,1310,Harrison township,30375,Harrison Township,HARRISON TOWNSHIP,Harrison township,Harrison township,Harrison township,Harrison township,503,424,379,399,307,306,0,0,0,0,0,0,503,424,379,399,307,306
,Kansas,20,200,Nemaha County,131,1310,Home township,32900,Home Township,HOME TOWNSHIP,Home township,Home township,Home township,Home township,710,603,571,567,543,511,0,0,0,0,0,0,710,603,571,567,543,511
,Kansas,20,200,Nemaha County,131,1310,Illinois township,33725,Illinois Township,ILLINOIS TOWNSHIP,Illinois township,Illinois township,Illinois township,Illinois township,478,465,424,453,450,532,0,0,0,0,0,0,478,465,424,453,450,532
,Kansas,20,200,Nemaha County,131,1310,Marion township,44775,Marion Township,MARION TOWNSHIP,Marion township,Marion township,Marion township,Marion township,506,475,469,457,392,420,0,0,0,0,0,0,506,475,469,457,392,420
,Kansas,20,200,Nemaha County,131,1310,Mitchell township,47475,Mitchell Township,MITCHELL TOWNSHIP,Mitchell township,Mitchell township,Mitchell township,Mitchell township,317,345,368,305,261,308,0,0,0,0,0,0,317,345,368,305,261,308
,Kansas,20,200,Nemaha County,131,1310,Nemaha township,49625,Nemaha Township,NEMAHA TOWNSHIP,Nemaha township,Nemaha township,Nemaha township,Nemaha township,223,196,193,184,155,108,0,0,0,0,0,0,223,196,193,184,155,108
,Kansas,20,200,Nemaha County,131,1310,Neuchatel township,50050,Neuchatel Township,NEUCHATEL TOWNSHIP,Neuchatel township,Neuchatel township,Neuchatel township,Neuchatel township,143,165,129,117,105,90,0,0,0,0,0,0,143,165,129,117,105,90
,Kansas,20,200,Nemaha County,131,1310,Red Vermillion township,58750,Red Vermillion Township,RED VERMILLION TOWNSHIP,Red Vermillion township,Red Vermillion township,Red Vermillion township,Red Vermillion township,207,174,135,137,110,123,0,0,0,0,0,0,207,174,135,137,110,123
,Kansas,20,200,Nemaha County,131,1310,Reilly township,58900,Reilly Township,REILLY TOWNSHIP,Reilly township,Reilly township,Reilly township,Reilly township,224,202,158,153,106,107,0,0,0,0,0,0,224,202,158,153,106,107
,Kansas,20,200,Nemaha County,131,1310,Richmond township,59725,Richmond Township,RICHMOND TOWNSHIP,Richmond township,Richmond township,Richmond township,Richmond township,652,460,543,538,519,512,0,0,0,0,0,0,652,460,543,538,519,512
,Kansas,20,200,Nemaha County,131,1310,Rock Creek township,60600,Rock Creek Township,ROCK CREEK TOWNSHIP,Rock Creek township,Rock Creek township,Rock Creek township,Rock Creek township,311,271,362,302,416,429,0,0,0,0,42,0,311,271,362,302,374,429
,Kansas,20,200,Nemaha County,131,1310,Sabetha city,62025,Sabetha City,SABETHA CITY,Sabetha city,Sabetha city,Sabetha city,Sabetha city,2376,2282,2335,2582,2564,2534,0,0,0,0,2478,0,2376,2282,2335,2582,86,2534
,Kansas,20,200,Nemaha County,131,1310,Seneca city,63950,Seneca City,SENECA CITY,Seneca city,Seneca city,Seneca city,Seneca city,2182,2389,2027,2122,1991,2139,0,0,0,0,0,0,2182,2389,2027,2122,1991,2139
,Kansas,20,200,Nemaha County,131,1310,Washington township,75675,Washington Township,WASHINGTON TOWNSHIP,Washington township,Washington township,Washington township,Washington township,498,539,457,465,380,380,0,0,0,0,0,0,498,539,457,465,380,380
,Kansas,20,200,Nemaha County,131,1310,Wetmore township,77575,Wetmore Township,WETMORE TOWNSHIP,Wetmore township,Wetmore township,Wetmore township,Wetmore township,594,542,440,503,508,455,0,0,0,0,0,0,594,542,440,503,508,455
,Kansas,20,200,Neosho County,133,1330,Big Creek township,6675,Big Creek Township,BIG CREEK TOWNSHIP,Big Creek township,Big Creek township,Big Creek township,Big Creek township,482,558,455,456,479,496,0,0,0,0,0,0,482,558,455,456,479,496
,Kansas,20,200,Neosho County,133,1330,Canville township,10525,Canville Township,CANVILLE TOWNSHIP,Canville township,Canville township,Canville township,Canville township,533,527,491,571,550,551,0,0,0,0,0,8,533,527,491,571,550,543
,Kansas,20,200,Neosho County,133,1330,Centerville township,12375,Centerville Township,CENTERVILLE TOWNSHIP,Centerville township,Centerville township,Centerville township,Centerville township,493,526,561,564,476,483,0,0,0,0,0,0,493,526,561,564,476,483
,Kansas,20,200,Neosho County,133,1330,Chanute city,12500,Chanute City,CHANUTE CITY,Chanute city,Chanute city,Chanute city,Chanute city,10341,10506,9488,9411,9119,8722,10341,10506,9488,9210,9005,8657,0,0,0,201,114,65
,Kansas,20,200,Neosho County,133,1330,Chetopa township,12975,Chetopa Township,CHETOPA TOWNSHIP,Chetopa township,Chetopa township,Chetopa township,Chetopa township,804,934,805,894,861,845,0,0,0,0,0,0,804,934,805,894,861,845
,Kansas,20,200,Neosho County,133,1330,Erie township,21525,Erie Township,ERIE TOWNSHIP,Erie township,Erie township,Erie township,Erie township,1767,1821,1615,1524,1431,1232,0,0,0,0,0,0,1767,1821,1615,1524,1431,1232
,Kansas,20,200,Neosho County,133,1330,Grant township,27800,Grant Township,GRANT TOWNSHIP,Grant township,Grant township,Grant township,Grant township,489,471,372,384,350,352,0,0,0,0,0,0,489,471,372,384,350,352
,Kansas,20,200,Neosho County,133,1330,Ladore township,37600,Ladore Township,LADORE TOWNSHIP,Ladore township,Ladore township,Ladore township,Ladore township,399,395,384,401,371,367,0,0,0,0,0,0,399,395,384,401,371,367
,Kansas,20,200,Neosho County,133,1330,Lincoln township,40875,Lincoln Township,LINCOLN TOWNSHIP,Lincoln township,Lincoln township,Lincoln township,Lincoln township,370,381,393,345,310,254,0,0,0,0,0,0,370,381,393,345,310,254
,Kansas,20,200,Neosho County,133,1330,Mission township,47250,Mission Township,MISSION TOWNSHIP,Mission township,Mission township,Mission township,Mission township,1090,989,936,927,934,901,0,0,0,0,0,0,1090,989,936,927,934,901
,Kansas,20,200,Neosho County,133,1330,Shiloh township,65300,Shiloh Township,SHILOH TOWNSHIP,Shiloh township,Shiloh township,Shiloh township,Shiloh township,312,286,299,297,447,537,0,0,0,0,0,0,312,286,299,297,447,537
,Kansas,20,200,Neosho County,133,1330,Tioga township,70650,Tioga Township,TIOGA TOWNSHIP,Tioga township,Tioga township,Tioga township,Tioga township,1279,1194,873,885,885,837,0,0,0,18,54,45,1279,1194,873,867,831,792
,Kansas,20,200,Neosho County,133,1330,Walnut Grove township,75175,Walnut Grove Township,WALNUT GROVE TOWNSHIP,Walnut Grove township,Walnut Grove township,Walnut Grove township,Walnut Grove township,453,379,363,338,299,327,0,0,0,0,0,0,453,379,363,338,299,327
,Kansas,20,200,Ness County,135,1350,Bazine township,4800,Bazine Township,BAZINE TOWNSHIP,Bazine township,Bazine township,Bazine township,Bazine township,636,611,546,441,454,394,0,0,0,0,0,0,636,611,546,441,454,394
,Kansas,20,200,Ness County,135,1350,Center township,11925,Center Township,CENTER TOWNSHIP,Center township,Center township,Center township,Center township,1812,1830,1775,1567,1468,1340,0,0,0,0,0,0,1812,1830,1775,1567,1468,1340
,Kansas,20,200,Ness County,135,1350,Eden township,19775,Eden Township,EDEN TOWNSHIP,Eden township,Eden township,Eden township,Eden township,139,124,91,70,71,77,0,0,0,0,0,0,139,124,91,70,71,77
,Kansas,20,200,Ness County,135,1350,Forrester township,23875,Forrester Township,FORRESTER TOWNSHIP,Forrester township,Forrester township,Forrester township,Forrester township,124,108,129,109,103,93,0,0,0,0,0,0,124,108,129,109,103,93
,Kansas,20,200,Ness County,135,1350,Franklin township,24475,Franklin Township,FRANKLIN TOWNSHIP,Franklin township,Franklin township,Franklin township,Franklin township,241,203,159,132,112,100,0,0,0,0,0,0,241,203,159,132,112,100
,Kansas,20,200,Ness County,135,1350,Highpoint township,32100,Highpoint Township,HIGHPOINT TOWNSHIP,Highpoint township,Highpoint township,Highpoint township,Highpoint township,176,145,120,93,64,52,0,0,0,0,0,0,176,145,120,93,64,52
,Kansas,20,200,Ness County,135,1350,Johnson township,35550,Johnson Township,JOHNSON TOWNSHIP,Johnson township,Johnson township,Johnson township,Johnson township,155,96,73,76,68,54,0,0,0,0,0,0,155,96,73,76,68,54
,Kansas,20,200,Ness County,135,1350,Nevada township,50125,Nevada Township,NEVADA TOWNSHIP,Nevada township,Nevada township,Nevada township,Nevada township,657,656,581,479,415,343,0,0,0,0,0,0,657,656,581,479,415,343
,Kansas,20,200,Ness County,135,1350,Ohio township,52400,Ohio Township,OHIO TOWNSHIP,Ohio township,Ohio township,Ohio township,Ohio township,554,474,403,345,252,165,0,0,0,0,0,0,554,474,403,345,252,165
,Kansas,20,200,Ness County,135,1350,Waring township,75400,Waring Township,WARING TOWNSHIP,Waring township,Waring township,Waring township,Waring township,297,251,156,142,100,69,0,0,0,0,0,0,297,251,156,142,100,69
,Kansas,20,200,Norton County,137,1370,Aldine Township,5,Aldine Township,,,,,,86,,,,,,0,,,,,,86,,,,,
,Kansas,20,200,Norton County,137,1370,Almelo Township,10,Almelo Township,,,,,,182,,,,,,0,,,,,,182,,,,,
,Kansas,20,200,Norton County,137,1370,Almena Township,15,Almena Township,,,,,,696,,,,,,0,,,,,,696,,,,,
,Kansas,20,200,Norton County,137,1370,Almena-District 4 township,1450,,ALMENA-DISTRICT 4 TOWNSHIP,Almena-District 4 township,Almena-District 4 township,Almena-District 4 township,Almena-District 4 township,,762,574,614,566,508,,0,0,0,0,0,,762,574,614,566,508
,Kansas,20,200,Norton County,137,1370,Belle Plain Township,20,Belle Plain Township,,,,,,65,,,,,,0,,,,,,65,,,,,
,Kansas,20,200,Norton County,137,1370,Center Township,25,Center Township,,,,,,378,,,,,,0,,,,,,378,,,,,
,Kansas,20,200,Norton County,137,1370,Center-District 1 township,12260,,CENTER-DISTRICT 1 TOWNSHIP,Center-District 1 township,Center-District 1 township,Center-District 1 township,Center-District 1 township,,1196,1323,1382,1393,1521,,0,0,717,0,0,,1196,1323,665,1393,1521
,Kansas,20,200,Norton County,137,1370,Clayton Township,30,Clayton Township,,,,,,63,,,,,,0,,,,,,63,,,,,
,Kansas,20,200,Norton County,137,1370,Crystal Township,35,Crystal Township,,,,,,69,,,,,,0,,,,,,69,,,,,
,Kansas,20,200,Norton County,137,1370,Emmett Township,40,Emmett Township,,,,,,401,,,,,,0,,,,,,401,,,,,
,Kansas,20,200,Norton County,137,1370,Garfield Township,45,Garfield Township,,,,,,84,,,,,,0,,,,,,84,,,,,
,Kansas,20,200,Norton County,137,1370,Grant Township,50,Grant Township,,,,,,103,,,,,,0,,,,,,103,,,,,
,Kansas,20,200,Norton County,137,1370,Harrison Township,55,Harrison Township,,,,,,44,,,,,,0,,,,,,44,,,,,
,Kansas,20,200,Norton County,137,1370,Harrison-District 6 township,30460,,HARRISON-DISTRICT 6 TOWNSHIP,Harrison-District 6 township,Harrison-District 6 township,,,,33,20,12,,,,0,0,0,,,,33,20,12,,
,Kansas,20,200,Norton County,137,1370,Highland Township,60,Highland Township,,,,,,31,,,,,,0,,,,,,31,,,,,
,Kansas,20,200,Norton County,137,1370,Highland-District 2 township,32060,,HIGHLAND-DISTRICT 2 TOWNSHIP,Highland-District 2 township,Highland-District 2 township,Highland-District 2 township,Highland-District 2 township,,1016,822,737,604,546,,0,0,0,0,0,,1016,822,737,604,546
,Kansas,20,200,Norton County,137,1370,Lenora Township,65,Lenora Township,,,,,,530,,,,,,0,,,,,,530,,,,,
,Kansas,20,200,Norton County,137,1370,Leota Township,70,Leota Township,,,,,,75,,,,,,0,,,,,,75,,,,,
,Kansas,20,200,Norton County,137,1370,Lincoln Township,75,Lincoln Township,,,,,,54,,,,,,0,,,,,,54,,,,,
,Kansas,20,200,Norton County,137,1370,Modell Township,80,Modell Township,,,,,,72,,,,,,0,,,,,,72,,,,,
,Kansas,20,200,Norton County,137,1370,Noble Township,85,Noble Township,,,,,,173,,,,,,0,,,,,,173,,,,,
,Kansas,20,200,Norton County,137,1370,Norton city,51500,Norton City,NORTON CITY,Norton city,Norton city,Norton city,Norton city,3627,3400,3017,3012,2928,2747,3627,3400,3017,3009,2893,0,0,0,0,3,35,2747
,Kansas,20,200,Norton County,137,1370,Orange Township,95,Orange Township,,,,,,65,,,,,,0,,,,,,65,,,,,
,Kansas,20,200,Norton County,137,1370,Rock Branch Township,100,Rock Branch Township,,,,,,55,,,,,,0,,,,,,55,,,,,
,Kansas,20,200,Norton County,137,1370,Rockwell Township,105,Rockwell Township,,,,,,59,,,,,,0,,,,,,59,,,,,
,Kansas,20,200,Norton County,137,1370,Sand Creek Township,110,Sand Creek Township,,,,,,74,,,,,,0,,,,,,74,,,,,
,Kansas,20,200,Norton County,137,1370,Solomon Township,115,Solomon Township,,,,,,170,,,,,,0,,,,,,170,,,,,
,Kansas,20,200,Norton County,137,1370,Solomon-District 3 township,66410,,SOLOMON-DISTRICT 3 TOWNSHIP,Solomon-District 3 township,Solomon-District 3 township,Solomon-District 3 township,Solomon-District 3 township,,282,191,196,180,137,,0,0,0,0,0,,282,191,196,180,137
,Kansas,20,200,Norton County,137,1370,West Union Township,120,West Union Township,,,,,,123,,,,,,0,,,,,,123,,,,,
,Kansas,20,200,Osage County,139,1390,Agency township,450,Agency Township,AGENCY TOWNSHIP,Agency township,Agency township,Agency township,Agency township,590,565,500,618,558,425,0,0,0,0,0,0,590,565,500,618,558,425
,Kansas,20,200,Osage County,139,1390,Arvonia township,2550,Arvonia Township,ARVONIA TOWNSHIP,Arvonia township,Arvonia township,Arvonia township,Arvonia township,181,116,141,136,95,122,0,0,0,0,0,0,181,116,141,136,95,122
,Kansas,20,200,Osage County,139,1390,Barclay township,4175,Barclay Township,BARCLAY TOWNSHIP,Barclay township,Barclay township,Barclay township,Barclay township,214,203,181,239,195,148,0,0,0,0,0,0,214,203,181,239,195,148
,Kansas,20,200,Osage County,139,1390,Burlingame township,9375,Burlingame Township,BURLINGAME TOWNSHIP,Burlingame township,Burlingame township,Burlingame township,Burlingame township,1613,1935,1760,1768,1680,1704,0,0,0,0,0,0,1613,1935,1760,1768,1680,1704
,Kansas,20,200,Osage County,139,1390,Dragoon township,18575,Dragoon Township,DRAGOON TOWNSHIP,Dragoon township,Dragoon township,Dragoon township,Dragoon township,273,277,234,214,202,199,0,0,0,0,0,0,273,277,234,214,202,199
,Kansas,20,200,Osage County,139,1390,Elk township,20175,Elk Township,ELK TOWNSHIP,Elk township,Elk township,Elk township,Elk township,1157,1637,1630,1723,1886,1843,0,0,0,0,0,0,1157,1637,1630,1723,1886,1843
,Kansas,20,200,Osage County,139,1390,Fairfax township,22150,Fairfax Township,FAIRFAX TOWNSHIP,Fairfax township,Fairfax township,Fairfax township,Fairfax township,252,302,435,513,589,610,0,0,0,0,0,0,252,302,435,513,589,610
,Kansas,20,200,Osage County,139,1390,Grant township,27850,Grant Township,GRANT TOWNSHIP,Grant township,Grant township,Grant township,Grant township,297,342,311,297,266,286,0,0,0,0,0,0,297,342,311,297,266,286
,Kansas,20,200,Osage County,139,1390,Junction township,35725,Junction Township,JUNCTION TOWNSHIP,Junction township,Junction township,Junction township,Junction township,459,736,849,1210,1197,1207,0,0,0,0,0,0,459,736,849,1210,1197,1207
,Kansas,20,200,Osage County,139,1390,Lincoln township,40925,Lincoln Township,LINCOLN TOWNSHIP,Lincoln township,Lincoln township,Lincoln township,Lincoln township,145,138,121,134,139,145,0,0,0,0,0,0,145,138,121,134,139,145
,Kansas,20,200,Osage County,139,1390,Melvern township,45725,Melvern Township,MELVERN TOWNSHIP,Melvern township,Melvern township,Melvern township,Melvern township,797,842,735,812,762,729,0,0,0,0,0,0,797,842,735,812,762,729
,Kansas,20,200,Osage County,139,1390,Olivet township,52725,Olivet Township,OLIVET TOWNSHIP,Olivet township,Olivet township,Olivet township,Olivet township,240,238,253,263,232,241,0,0,0,0,0,0,240,238,253,263,232,241
,Kansas,20,200,Osage County,139,1390,Osage City city,53200,Osage City City,OSAGE CITY CITY,Osage City city,Osage City city,Osage City city,Osage City city,2600,2667,2689,3034,2943,2861,2600,2667,2689,0,2679,0,0,0,0,3034,264,2861
,Kansas,20,200,Osage County,139,1390,Ridgeway township,59825,Ridgeway Township,RIDGEWAY TOWNSHIP,Ridgeway township,Ridgeway township,Ridgeway township,Ridgeway township,1776,2353,2502,2661,2505,2376,0,0,0,0,0,0,1776,2353,2502,2661,2505,2376
,Kansas,20,200,Osage County,139,1390,Scranton township,63700,Scranton Township,SCRANTON TOWNSHIP,Scranton township,Scranton township,Scranton township,Scranton township,952,1076,1158,1273,1213,1133,0,0,0,0,0,0,952,1076,1158,1273,1213,1133
,Kansas,20,200,Osage County,139,1390,Superior township,69500,Superior Township,SUPERIOR TOWNSHIP,Superior township,Superior township,Superior township,Superior township,334,356,305,293,305,245,0,0,0,0,4,0,334,356,305,293,301,245
,Kansas,20,200,Osage County,139,1390,Valley Brook township,73200,Valley Brook Township,VALLEY BROOK TOWNSHIP,Valley Brook township,Valley Brook township,Valley Brook township,Valley Brook township,1472,1536,1444,1524,1528,1492,0,0,0,0,0,0,1472,1536,1444,1524,1528,1492
,Kansas,20,200,Osborne County,141,1410,Bethany township,6425,Bethany Township,BETHANY TOWNSHIP,Bethany township,Bethany township,Bethany township,Bethany township,288,295,221,199,176,162,0,0,0,0,0,0,288,295,221,199,176,162
,Kansas,20,200,Osborne County,141,1410,Bloom township,7400,Bloom Township,BLOOM TOWNSHIP,Bloom township,Bloom township,Bloom township,Bloom township,195,148,91,81,73,80,0,0,0,0,0,0,195,148,91,81,73,80
,Kansas,20,200,Osborne County,141,1410,Corinth township,15625,Corinth Township,CORINTH TOWNSHIP,Corinth township,Corinth township,Corinth township,Corinth township,91,66,55,51,52,40,0,0,0,0,0,0,91,66,55,51,52,40
,Kansas,20,200,Osborne County,141,1410,Covert township,16100,Covert Township,COVERT TOWNSHIP,Covert township,Covert township,Covert township,Covert township,35,29,25,19,8,15,0,0,0,0,0,0,35,29,25,19,8,15
,Kansas,20,200,Osborne County,141,1410,Delhi township,17500,Delhi Township,DELHI TOWNSHIP,Delhi township,Delhi township,Delhi township,Delhi township,84,59,43,37,31,30,0,0,0,0,0,0,84,59,43,37,31,30
,Kansas,20,200,Osborne County,141,1410,Grant township,27875,Grant Township,GRANT TOWNSHIP,Grant township,Grant township,Grant township,Grant township,76,54,33,28,30,13,0,0,0,0,0,0,76,54,33,28,30,13
,Kansas,20,200,Osborne County,141,1410,Hancock township,29825,Hancock Township,HANCOCK TOWNSHIP,Hancock township,Hancock township,Hancock township,Hancock township,65,36,26,21,18,16,0,0,0,0,0,0,65,36,26,21,18,16
,Kansas,20,200,Osborne County,141,1410,Hawkeye township,30850,Hawkeye Township,HAWKEYE TOWNSHIP,Hawkeye township,Hawkeye township,Hawkeye township,Hawkeye township,52,35,34,36,33,27,0,0,0,0,0,0,52,35,34,36,33,27
,Kansas,20,200,Osborne County,141,1410,Independence township,33925,Independence Township,INDEPENDENCE TOWNSHIP,Independence township,Independence township,Independence township,Independence township,81,63,41,32,31,24,0,0,0,0,0,0,81,63,41,32,31,24
,Kansas,20,200,Osborne County,141,1410,Jackson township,34875,Jackson Township,JACKSON TOWNSHIP,Jackson township,Jackson township,Jackson township,Jackson township,82,58,52,42,35,30,0,0,0,0,0,0,82,58,52,42,35,30
,Kansas,20,200,Osborne County,141,1410,Kill Creek township,36750,Kill Creek Township,KILL CREEK TOWNSHIP,Kill Creek township,Kill Creek township,Kill Creek township,Kill Creek township,71,48,54,35,17,8,0,0,0,0,0,0,71,48,54,35,17,8
,Kansas,20,200,Osborne County,141,1410,Lawrence township,38925,Lawrence Township,LAWRENCE TOWNSHIP,Lawrence township,Lawrence township,Lawrence township,Lawrence township,79,56,34,37,30,30,0,0,0,0,0,0,79,56,34,37,30,30
,Kansas,20,200,Osborne County,141,1410,Liberty township,40300,Liberty Township,LIBERTY TOWNSHIP,Liberty township,Liberty township,Liberty township,Liberty township,25,27,27,31,23,15,0,0,0,0,0,0,25,27,27,31,23,15
,Kansas,20,200,Osborne County,141,1410,Mount Ayr township,48875,Mount Ayr Township,MOUNT AYR TOWNSHIP,Mount Ayr township,Mount Ayr township,Mount Ayr township,Mount Ayr township,82,74,66,41,37,15,0,0,0,0,0,0,82,74,66,41,37,15
,Kansas,20,200,Osborne County,141,1410,Natoma township,49450,Natoma Township,NATOMA TOWNSHIP,Natoma township,Natoma township,Natoma township,Natoma township,658,570,449,402,367,316,0,0,0,0,0,0,658,570,449,402,367,316
,Kansas,20,200,Osborne County,141,1410,Osborne city,53325,Osborne City,OSBORNE CITY,Osborne city,Osborne city,Osborne city,Osborne city,1980,2120,1778,1607,1431,1335,0,0,0,0,0,0,1980,2120,1778,1607,1431,1335
,Kansas,20,200,Osborne County,141,1410,Penn township,55350,Penn Township,PENN TOWNSHIP,Penn township,Penn township,Penn township,Penn township,205,176,139,129,120,145,0,0,0,0,0,0,205,176,139,129,120,145
,Kansas,20,200,Osborne County,141,1410,Ross township,61375,Ross Township,ROSS TOWNSHIP,Ross township,Ross township,Ross township,Ross township,1422,1456,1230,1166,994,874,0,0,0,0,0,0,1422,1456,1230,1166,994,874
,Kansas,20,200,Osborne County,141,1410,Round Mound township,61475,Round Mound Township,ROUND MOUND TOWNSHIP,Round Mound township,Round Mound township,Round Mound township,Round Mound township,106,78,57,59,28,31,0,0,0,0,0,0,106,78,57,59,28,31
,Kansas,20,200,Osborne County,141,1410,Sumner township,69150,Sumner Township,SUMNER TOWNSHIP,Sumner township,Sumner township,Sumner township,Sumner township,380,275,231,206,175,172,0,0,0,0,0,0,380,275,231,206,175,172
,Kansas,20,200,Osborne County,141,1410,Tilden township,70575,Tilden Township,TILDEN TOWNSHIP,Tilden township,Tilden township,Tilden township,Tilden township,197,134,96,116,79,72,0,0,0,0,0,0,197,134,96,116,79,72
,Kansas,20,200,Osborne County,141,1410,Valley township,73000,Valley Township,VALLEY TOWNSHIP,Valley township,Valley township,Valley township,Valley township,56,29,30,37,38,18,0,0,0,0,0,0,56,29,30,37,38,18
,Kansas,20,200,Osborne County,141,1410,Victor township,73750,Victor Township,VICTOR TOWNSHIP,Victor township,Victor township,Victor township,Victor township,51,42,35,24,11,15,0,0,0,0,0,0,51,42,35,24,11,15
,Kansas,20,200,Osborne County,141,1410,Winfield township,79975,Winfield Township,WINFIELD TOWNSHIP,Winfield township,Winfield township,Winfield township,Winfield township,55,31,20,16,21,17,0,0,0,0,0,0,55,31,20,16,21,17
,Kansas,20,200,Ottawa County,143,1430,Bennington township,6100,Bennington Township,BENNINGTON TOWNSHIP,Bennington township,Bennington township,Bennington township,Bennington township,843,781,844,1116,1303,1219,0,0,0,0,0,0,843,781,844,1116,1303,1219
,Kansas,20,200,Ottawa County,143,1430,Blaine township,7150,Blaine Township,BLAINE TOWNSHIP,Blaine township,Blaine township,Blaine township,Blaine township,93,111,120,111,115,95,0,0,0,0,0,0,93,111,120,111,115,95
,Kansas,20,200,Ottawa County,143,1430,Buckeye township,8975,Buckeye Township,BUCKEYE TOWNSHIP,Buckeye township,Buckeye township,Buckeye township,Buckeye township,119,96,84,101,112,98,0,0,0,0,0,0,119,96,84,101,112,98
,Kansas,20,200,Ottawa County,143,1430,Center township,11975,Center Township,CENTER TOWNSHIP,Center township,Center township,Center township,Center township,90,84,75,72,82,85,0,0,0,0,0,0,90,84,75,72,82,85
,Kansas,20,200,Ottawa County,143,1430,Chapman township,12575,Chapman Township,CHAPMAN TOWNSHIP,Chapman township,Chapman township,Chapman township,Chapman township,110,76,72,67,68,69,0,0,0,0,0,0,110,76,72,67,68,69
,Kansas,20,200,Ottawa County,143,1430,Concord township,15175,Concord Township,CONCORD TOWNSHIP,Concord township,Concord township,Concord township,Concord township,143,177,163,209,237,247,0,0,0,0,0,0,143,177,163,209,237,247
,Kansas,20,200,Ottawa County,143,1430,Culver township,16725,Culver Township,CULVER TOWNSHIP,Culver township,Culver township,Culver township,Culver township,278,297,291,318,248,239,0,0,0,0,0,0,278,297,291,318,248,239
,Kansas,20,200,Ottawa County,143,1430,Durham township,19075,Durham Township,DURHAM TOWNSHIP,Durham township,Durham township,Durham township,Durham township,34,34,36,25,21,16,0,0,0,0,0,0,34,34,36,25,21,16
,Kansas,20,200,Ottawa County,143,1430,Fountain township,24075,Fountain Township,FOUNTAIN TOWNSHIP,Fountain township,Fountain township,Fountain township,Fountain township,244,199,179,190,157,160,0,0,0,0,0,0,244,199,179,190,157,160
,Kansas,20,200,Ottawa County,143,1430,Garfield township,25725,Garfield Township,GARFIELD TOWNSHIP,Garfield township,Garfield township,Garfield township,Garfield township,122,84,95,95,95,79,0,0,0,0,0,0,122,84,95,95,95,79
,Kansas,20,200,Ottawa County,143,1430,Grant township,27900,Grant Township,GRANT TOWNSHIP,Grant township,Grant township,Grant township,Grant township,106,94,68,93,78,75,0,0,0,0,0,0,106,94,68,93,78,75
,Kansas,20,200,Ottawa County,143,1430,Henry township,31325,Henry Township,HENRY TOWNSHIP,Henry township,Henry township,Henry township,Henry township,46,51,31,22,27,36,0,0,0,0,0,0,46,51,31,22,27,36
,Kansas,20,200,Ottawa County,143,1430,Lincoln township,40950,Lincoln Township,LINCOLN TOWNSHIP,Lincoln township,Lincoln township,Lincoln township,Lincoln township,164,161,136,143,154,155,0,0,0,0,0,0,164,161,136,143,154,155
,Kansas,20,200,Ottawa County,143,1430,Logan township,42050,Logan Township,LOGAN TOWNSHIP,Logan township,Logan township,Logan township,Logan township,146,124,89,82,77,74,0,0,0,0,0,0,146,124,89,82,77,74
,Kansas,20,200,Ottawa County,143,1430,Minneapolis city,47075,Minneapolis City,MINNEAPOLIS CITY,Minneapolis city,Minneapolis city,Minneapolis city,Minneapolis city,1971,2075,1983,2046,2032,1946,0,0,0,0,0,0,1971,2075,1983,2046,2032,1946
,Kansas,20,200,Ottawa County,143,1430,Morton township,48500,Morton Township,MORTON TOWNSHIP,Morton township,Morton township,Morton township,Morton township,552,483,454,498,463,404,0,0,0,0,0,0,552,483,454,498,463,404
,Kansas,20,200,Ottawa County,143,1430,Ottawa township,53600,Ottawa Township,OTTAWA TOWNSHIP,Ottawa township,Ottawa township,Ottawa township,Ottawa township,59,46,46,49,46,36,0,0,0,0,0,0,59,46,46,49,46,36
,Kansas,20,200,Ottawa County,143,1430,Richland township,59500,Richland Township,RICHLAND TOWNSHIP,Richland township,Richland township,Richland township,Richland township,167,174,158,218,227,207,0,0,0,0,0,0,167,174,158,218,227,207
,Kansas,20,200,Ottawa County,143,1430,Sheridan township,64725,Sheridan Township,SHERIDAN TOWNSHIP,Sheridan township,Sheridan township,Sheridan township,Sheridan township,728,699,591,589,464,402,0,0,0,0,0,0,728,699,591,589,464,402
,Kansas,20,200,Ottawa County,143,1430,Sherman township,65025,Sherman Township,SHERMAN TOWNSHIP,Sherman township,Sherman township,Sherman township,Sherman township,105,81,71,67,55,43,0,0,0,0,0,0,105,81,71,67,55,43
,Kansas,20,200,Ottawa County,143,1430,Stanton township,67950,Stanton Township,STANTON TOWNSHIP,Stanton township,Stanton township,Stanton township,Stanton township,63,44,48,52,30,50,0,0,0,0,0,0,63,44,48,52,30,50
,Kansas,20,200,Pawnee County,145,1450,Ash Valley township,2825,Ash Valley Township,ASH VALLEY TOWNSHIP,Ash Valley township,Ash Valley township,Ash Valley township,Ash Valley township,79,66,60,49,47,74,0,0,0,0,0,0,79,66,60,49,47,74
,Kansas,20,200,Pawnee County,145,1450,Browns Grove township,8750,Browns Grove Township,BROWNS GROVE TOWNSHIP,Browns Grove township,Browns Grove township,Browns Grove township,Browns Grove township,366,336,298,310,298,267,0,0,0,0,0,0,366,336,298,310,298,267
,Kansas,20,200,Pawnee County,145,1450,Conkling township,15225,Conkling Township,CONKLING TOWNSHIP,Conkling township,Conkling township,Conkling township,Conkling township,69,33,31,26,30,17,0,0,0,0,0,0,69,33,31,26,30,17
,Kansas,20,200,Pawnee County,145,1450,Garfield township,25775,Garfield Township,GARFIELD TOWNSHIP,Garfield township,Garfield township,Garfield township,Garfield township,338,326,287,259,234,184,0,0,0,0,0,0,338,326,287,259,234,184
,Kansas,20,200,Pawnee County,145,1450,Grant township,27925,Grant Township,GRANT TOWNSHIP,Grant township,Grant township,Grant township,Grant township,320,293,238,234,195,142,0,0,0,0,0,0,320,293,238,234,195,142
,Kansas,20,200,Pawnee County,145,1450,Keysville township,36625,Keysville Township,KEYSVILLE TOWNSHIP,Keysville township,Keysville township,Keysville township,Keysville township,78,71,55,55,32,42,0,0,0,0,0,0,78,71,55,55,32,42
,Kansas,20,200,Pawnee County,145,1450,Larned city,38700,Larned City,LARNED CITY,Larned city,Larned city,Larned city,Larned city,4567,4811,4490,4236,4054,3769,4567,4811,4490,4187,4007,3729,0,0,0,49,47,40
,Kansas,20,200,Pawnee County,145,1450,Larned township,38725,Larned Township,LARNED TOWNSHIP,Larned township,Larned township,Larned township,Larned township,390,333,248,266,255,267,0,0,0,55,23,5,390,333,248,211,232,262
,Kansas,20,200,Pawnee County,145,1450,Lincoln township,40975,Lincoln Township,LINCOLN TOWNSHIP,Lincoln township,Lincoln township,Lincoln township,Lincoln township,57,54,37,28,24,15,0,0,0,0,0,0,57,54,37,28,24,15
,Kansas,20,200,Pawnee County,145,1450,Logan township,42075,Logan Township,LOGAN TOWNSHIP,Logan township,Logan township,Logan township,Logan township,95,60,59,48,49,45,0,0,0,0,0,0,95,60,59,48,49,45
,Kansas,20,200,Pawnee County,145,1450,Morton township,48525,Morton Township,MORTON TOWNSHIP,Morton township,Morton township,Morton township,Morton township,124,89,61,56,55,31,0,0,0,0,0,0,124,89,61,56,55,31
,Kansas,20,200,Pawnee County,145,1450,Orange township,53000,Orange Township,ORANGE TOWNSHIP,Orange township,Orange township,Orange township,Orange township,87,85,81,73,43,72,0,0,0,0,0,0,87,85,81,73,43,72
,Kansas,20,200,Pawnee County,145,1450,Pawnee township,54800,Pawnee Township,PAWNEE TOWNSHIP,Pawnee township,Pawnee township,Pawnee township,Pawnee township,134,101,154,82,441,649,0,0,0,5,367,0,134,101,154,77,74,649
,Kansas,20,200,Pawnee County,145,1450,Pleasant Grove township,56400,Pleasant Grove Township,PLEASANT GROVE TOWNSHIP,Pleasant Grove township,Pleasant Grove township,Pleasant Grove township,Pleasant Grove township,226,243,256,230,172,162,0,0,0,0,0,0,226,243,256,230,172,162
,Kansas,20,200,Pawnee County,145,1450,Pleasant Ridge township,56475,Pleasant Ridge Township,PLEASANT RIDGE TOWNSHIP,Pleasant Ridge township,Pleasant Ridge township,Pleasant Ridge township,Pleasant Ridge township,106,83,76,56,45,43,0,0,0,0,0,0,106,83,76,56,45,43
,Kansas,20,200,Pawnee County,145,1450,Pleasant Valley township,56600,Pleasant Valley Township,PLEASANT VALLEY TOWNSHIP,Pleasant Valley township,Pleasant Valley township,Pleasant Valley township,Pleasant Valley township,187,134,144,128,85,80,0,0,0,0,0,0,187,134,144,128,85,80
,Kansas,20,200,Pawnee County,145,1450,River township,60050,River Township,RIVER TOWNSHIP,River township,River township,River township,River township,91,111,102,87,66,57,0,0,0,0,0,0,91,111,102,87,66,57
,Kansas,20,200,Pawnee County,145,1450,Santa Fe township,63025,Santa Fe Township,SANTA FE TOWNSHIP,Santa Fe township,Santa Fe township,Santa Fe township,Santa Fe township,876,579,632,788,675,184,0,0,0,692,367,0,876,579,632,96,308,184
,Kansas,20,200,Pawnee County,145,1450,Sawmill township,63250,Sawmill Township,SAWMILL TOWNSHIP,Sawmill township,Sawmill township,Sawmill township,Sawmill township,54,36,29,24,19,20,0,0,0,0,0,0,54,36,29,24,19,20
,Kansas,20,200,Pawnee County,145,1450,Shiley township,65275,Shiley Township,SHILEY TOWNSHIP,Shiley township,Shiley township,Shiley township,Shiley township,46,33,42,28,20,39,0,0,0,0,0,0,46,33,42,28,20,39
,Kansas,20,200,Pawnee County,145,1450,Valley Center township,73225,Valley Center Township,VALLEY CENTER TOWNSHIP,Valley Center township,Valley Center township,Valley Center township,Valley Center township,69,91,64,57,46,20,0,0,0,0,0,0,69,91,64,57,46,20
,Kansas,20,200,Pawnee County,145,1450,Walnut township,75050,Walnut Township,WALNUT TOWNSHIP,Walnut township,Walnut township,Walnut township,Walnut township,125,97,111,113,88,74,0,0,0,0,0,0,125,97,111,113,88,74
,Kansas,20,200,Phillips County,147,1470,Arcade township,2150,Arcade Township,ARCADE TOWNSHIP,Arcade township,Arcade township,Arcade township,Arcade township,121,106,100,96,97,88,0,0,0,0,0,0,121,106,100,96,97,88
,Kansas,20,200,Phillips County,147,1470,Beaver township,5100,Beaver Township,BEAVER TOWNSHIP,Beaver township,Beaver township,Beaver township,Beaver township,103,94,69,54,55,53,0,0,0,0,0,0,103,94,69,54,55,53
,Kansas,20,200,Phillips County,147,1470,Belmont township,5700,Belmont Township,BELMONT TOWNSHIP,Belmont township,Belmont township,Belmont township,Belmont township,164,114,141,113,90,78,0,0,0,0,0,0,164,114,141,113,90,78
,Kansas,20,200,Phillips County,147,1470,Bow Creek township,8075,Bow Creek Township,BOW CREEK TOWNSHIP,Bow Creek township,Bow Creek township,Bow Creek township,Bow Creek township,57,39,40,44,43,18,0,0,0,0,0,0,57,39,40,44,43,18
,Kansas,20,200,Phillips County,147,1470,Crystal township,16550,Crystal Township,CRYSTAL TOWNSHIP,Crystal township,Crystal township,Crystal township,Crystal township,85,82,53,59,50,42,0,0,0,0,0,0,85,82,53,59,50,42
,Kansas,20,200,Phillips County,147,1470,Dayton township,17100,Dayton Township,DAYTON TOWNSHIP,Dayton township,Dayton township,Dayton township,Dayton township,89,64,52,53,33,48,0,0,0,0,0,0,89,64,52,53,33,48
,Kansas,20,200,Phillips County,147,1470,Deer Creek township,17200,Deer Creek Township,DEER CREEK TOWNSHIP,Deer Creek township,Deer Creek township,Deer Creek township,Deer Creek township,99,105,91,67,66,68,0,0,0,0,0,0,99,105,91,67,66,68
,Kansas,20,200,Phillips County,147,1470,Freedom township,24650,Freedom Township,FREEDOM TOWNSHIP,Freedom township,Freedom township,Freedom township,Freedom township,118,109,98,85,90,77,0,0,0,0,0,0,118,109,98,85,90,77
,Kansas,20,200,Phillips County,147,1470,Glenwood township,26650,Glenwood Township,GLENWOOD TOWNSHIP,Glenwood township,Glenwood township,Glenwood township,Glenwood township,78,52,52,42,44,54,0,0,0,0,0,0,78,52,52,42,44,54
,Kansas,20,200,Phillips County,147,1470,Granite township,27450,Granite Township,GRANITE TOWNSHIP,Granite township,Granite township,Granite township,Granite township,99,68,28,21,31,28,0,0,0,0,0,0,99,68,28,21,31,28
,Kansas,20,200,Phillips County,147,1470,Greenwood township,28775,Greenwood Township,GREENWOOD TOWNSHIP,Greenwood township,Greenwood township,Greenwood township,Greenwood township,83,63,56,45,42,38,0,0,0,0,0,0,83,63,56,45,42,38
,Kansas,20,200,Phillips County,147,1470,Kirwin township,37300,Kirwin Township,KIRWIN TOWNSHIP,Kirwin township,Kirwin township,Kirwin township,Kirwin township,375,329,348,307,234,179,0,0,0,0,0,0,375,329,348,307,234,179
,Kansas,20,200,Phillips County,147,1470,Logan township,42125,Logan Township,LOGAN TOWNSHIP,Logan township,Logan township,Logan township,Logan township,875,802,705,666,637,513,0,0,0,0,0,0,875,802,705,666,637,513
,Kansas,20,200,Phillips County,147,1470,Long Island township,42625,Long Island Township,LONG ISLAND TOWNSHIP,Long Island township,Long Island township,Long Island township,Long Island township,343,318,271,251,226,211,0,0,0,0,0,0,343,318,271,251,226,211
,Kansas,20,200,Phillips County,147,1470,Mound township,48725,Mound Township,MOUND TOWNSHIP,Mound township,Mound township,Mound township,Mound township,255,192,178,129,144,96,0,0,0,0,0,0,255,192,178,129,144,96
,Kansas,20,200,Phillips County,147,1470,Phillipsburg city,55675,Phillipsburg City,PHILLIPSBURG CITY,Phillipsburg city,Phillipsburg city,Phillipsburg city,Phillipsburg city,3241,3229,2828,2668,2581,2337,3241,3229,2828,2618,2580,0,0,0,0,50,1,2337
,Kansas,20,200,Phillips County,147,1470,Phillipsburg township,55700,Phillipsburg Township,PHILLIPSBURG TOWNSHIP,Phillipsburg township,Phillipsburg township,Phillipsburg township,Phillipsburg township,343,433,407,257,259,242,0,0,0,61,29,0,343,433,407,196,230,242
,Kansas,20,200,Phillips County,147,1470,Plainview township,56125,Plainview Township,PLAINVIEW TOWNSHIP,Plainview township,Plainview township,Plainview township,Plainview township,45,21,25,23,15,28,0,0,0,0,0,0,45,21,25,23,15,28
,Kansas,20,200,Phillips County,147,1470,Plum township,56775,Plum Township,PLUM TOWNSHIP,Plum township,Plum township,Plum township,Plum township,438,462,428,447,379,331,0,0,0,0,0,0,438,462,428,447,379,331
,Kansas,20,200,Phillips County,147,1470,Prairie View township,57550,Prairie View Township,PRAIRIE VIEW TOWNSHIP,Prairie View township,Prairie View township,Prairie View township,Prairie View township,322,264,226,220,200,165,0,0,0,0,0,0,322,264,226,220,200,165
,Kansas,20,200,Phillips County,147,1470,Rushville township,61800,Rushville Township,RUSHVILLE TOWNSHIP,Rushville township,Rushville township,Rushville township,Rushville township,62,36,16,23,15,30,0,0,0,0,0,0,62,36,16,23,15,30
,Kansas,20,200,Phillips County,147,1470,Solomon township,66350,Solomon Township,SOLOMON TOWNSHIP,Solomon township,Solomon township,Solomon township,Solomon township,307,258,240,226,201,148,0,0,0,0,0,0,307,258,240,226,201,148
,Kansas,20,200,Phillips County,147,1470,Sumner township,69175,Sumner Township,SUMNER TOWNSHIP,Sumner township,Sumner township,Sumner township,Sumner township,76,55,55,43,48,35,0,0,0,0,0,0,76,55,55,43,48,35
,Kansas,20,200,Phillips County,147,1470,Towanda township,71175,Towanda Township,TOWANDA TOWNSHIP,Towanda township,Towanda township,Towanda township,Towanda township,35,23,30,26,22,28,0,0,0,0,0,0,35,23,30,26,22,28
,Kansas,20,200,Phillips County,147,1470,Valley township,73025,Valley Township,VALLEY TOWNSHIP,Valley township,Valley township,Valley township,Valley township,39,55,38,22,23,24,0,0,0,0,0,0,39,55,38,22,23,24
,Kansas,20,200,Phillips County,147,1470,Walnut township,75075,Walnut Township,WALNUT TOWNSHIP,Walnut township,Walnut township,Walnut township,Walnut township,36,33,15,14,17,22,0,0,0,0,0,0,36,33,15,14,17,22
,Kansas,20,200,Pottawatomie County,149,1490,Belvue township,5950,Belvue Township,BELVUE TOWNSHIP,Belvue township,Belvue township,Belvue township,Belvue township,339,353,330,404,368,392,0,0,0,0,0,0,339,353,330,404,368,392
,Kansas,20,200,Pottawatomie County,149,1490,Blue township,7550,Blue Township,BLUE TOWNSHIP,Blue township,Blue township,Blue township,Blue township,263,1402,1620,1802,3046,4926,0,0,0,0,1651,3836,263,1402,1620,1802,1395,1090
,Kansas,20,200,Pottawatomie County,149,1490,Blue Valley township,7725,Blue Valley Township,BLUE VALLEY TOWNSHIP,Blue Valley township,Blue Valley township,Blue Valley township,Blue Valley township,293,293,336,339,343,380,0,0,0,0,0,0,293,293,336,339,343,380
,Kansas,20,200,Pottawatomie County,149,1490,Center township,12000,Center Township,CENTER TOWNSHIP,Center township,Center township,Center township,Center township,120,126,102,104,105,138,0,0,0,0,0,0,120,126,102,104,105,138
,Kansas,20,200,Pottawatomie County,149,1490,Clear Creek township,13800,Clear Creek Township,CLEAR CREEK TOWNSHIP,Clear Creek township,Clear Creek township,Clear Creek township,Clear Creek township,157,152,134,113,140,150,0,0,0,0,0,0,157,152,134,113,140,150
,Kansas,20,200,Pottawatomie County,149,1490,Emmett township,21125,Emmett Township,EMMETT TOWNSHIP,Emmett township,Emmett township,Emmett township,Emmett township,273,377,343,478,427,450,0,0,0,0,0,0,273,377,343,478,427,450
,Kansas,20,200,Pottawatomie County,149,1490,Grant township,27950,Grant Township,GRANT TOWNSHIP,Grant township,Grant township,Grant township,Grant township,309,365,285,293,268,235,0,0,0,0,0,0,309,365,285,293,268,235
,Kansas,20,200,Pottawatomie County,149,1490,Green township,28450,Green Township,GREEN TOWNSHIP,Green township,Green township,Green township,Green township,120,153,160,188,184,213,0,0,0,0,0,0,120,153,160,188,184,213
,Kansas,20,200,Pottawatomie County,149,1490,Lincoln township,41000,Lincoln Township,LINCOLN TOWNSHIP,Lincoln township,Lincoln township,Lincoln township,Lincoln township,134,122,124,124,119,95,0,0,0,0,0,0,134,122,124,124,119,95
,Kansas,20,200,Pottawatomie County,149,1490,Lone Tree township,42550,Lone Tree Township,LONE TREE TOWNSHIP,Lone Tree township,Lone Tree township,Lone Tree township,Lone Tree township,262,231,262,239,216,227,0,0,0,0,0,0,262,231,262,239,216,227
,Kansas,20,200,Pottawatomie County,149,1490,Louisville township,42950,Louisville Township,LOUISVILLE TOWNSHIP,Louisville township,Louisville township,Louisville township,Louisville township,488,591,666,735,803,1005,0,0,0,0,0,0,488,591,666,735,803,1005
,Kansas,20,200,Pottawatomie County,149,1490,Manhattan city,44250,Manhattan City (Part),MANHATTAN CITY,Manhattan city,Manhattan city,Manhattan city,Manhattan city,678,162,143,3,146,0,678,162,143,0,138,0,0,0,0,3,8,0
,Kansas,20,200,Pottawatomie County,149,1490,Mill Creek township,46700,Mill Creek Township,MILL CREEK TOWNSHIP,Mill Creek township,Mill Creek township,Mill Creek township,Mill Creek township,1022,1000,1043,1000,1011,957,0,0,0,0,0,0,1022,1000,1043,1000,1011,957
,Kansas,20,200,Pottawatomie County,149,1490,Pottawatomie township,57250,Pottawatomie Township,POTTAWATOMIE TOWNSHIP,Pottawatomie township,Pottawatomie township,Pottawatomie township,Pottawatomie township,411,399,356,499,601,688,0,0,0,0,0,0,411,399,356,499,601,688
,Kansas,20,200,Pottawatomie County,149,1490,Rock Creek township,60625,Rock Creek Township,ROCK CREEK TOWNSHIP,Rock Creek township,Rock Creek township,Rock Creek township,Rock Creek township,616,701,657,653,740,691,0,0,0,0,0,0,616,701,657,653,740,691
,Kansas,20,200,Pottawatomie County,149,1490,Shannon township,64300,Shannon Township,SHANNON TOWNSHIP,Shannon township,Shannon township,Shannon township,Shannon township,176,196,200,235,270,256,0,0,0,0,0,0,176,196,200,235,270,256
,Kansas,20,200,Pottawatomie County,149,1490,Sherman township,65050,Sherman Township,SHERMAN TOWNSHIP,Sherman township,Sherman township,Sherman township,Sherman township,132,156,128,126,118,126,0,0,0,0,0,0,132,156,128,126,118,126
,Kansas,20,200,Pottawatomie County,149,1490,Spring Creek township,67475,Spring Creek Township,SPRING CREEK TOWNSHIP,Spring Creek township,Spring Creek township,Spring Creek township,Spring Creek township,57,72,66,61,38,55,0,0,0,0,0,0,57,72,66,61,38,55
,Kansas,20,200,Pottawatomie County,149,1490,St. Clere township,62150,St Clere Township,ST. CLERE TOWNSHIP,St. Clere township,St. Clere township,St. Clere township,St. Clere township,68,82,69,83,72,49,0,0,0,0,0,0,68,82,69,83,72,49
,Kansas,20,200,Pottawatomie County,149,1490,St. George township,62225,St George Township,ST. GEORGE TOWNSHIP,St. George township,St. George township,St. George township,St. George township,1001,1697,2044,2629,3415,4494,0,0,0,0,0,0,1001,1697,2044,2629,3415,4494
,Kansas,20,200,Pottawatomie County,149,1490,St. Marys township,62425,St Marys Township,ST. MARYS TOWNSHIP,St. Marys township,St. Marys township,St. Marys township,St. Marys township,1730,1989,2309,2789,3630,3832,0,0,0,0,2669,0,1730,1989,2309,2789,961,3832
,Kansas,20,200,Pottawatomie County,149,1490,Union township,72250,Union Township,UNION TOWNSHIP,Union township,Union township,Union township,Union township,154,161,179,164,224,239,0,0,0,0,0,0,154,161,179,164,224,239
,Kansas,20,200,Pottawatomie County,149,1490,Vienna township,73875,Vienna Township,VIENNA TOWNSHIP,Vienna township,Vienna township,Vienna township,Vienna township,122,120,121,92,86,80,0,0,0,0,0,0,122,120,121,92,86,80
,Kansas,20,200,Pottawatomie County,149,1490,Wamego township,75350,Wamego Township,WAMEGO TOWNSHIP,Wamego township,Wamego township,Wamego township,Wamego township,2830,3882,4451,5056,5234,5670,2507,3159,3706,4220,4418,4899,323,723,745,836,816,771
,Kansas,20,200,Pratt County,151,1510,Banner Township,5,Banner Township,,,,,,135,,,,,,0,,,,,,135,,,,,
,Kansas,20,200,Pratt County,151,1510,Carmi Township,10,Carmi Township,,,,,,122,,,,,,0,,,,,,122,,,,,
,Kansas,20,200,Pratt County,151,1510,Center Township,15,Center Township,,,,,,289,,,,,,0,,,,,,289,,,,,
,Kansas,20,200,Pratt County,151,1510,Elm Township,20,Elm Township,,,,,,142,,,,,,0,,,,,,142,,,,,
,Kansas,20,200,Pratt County,151,1510,Gove Township,25,Gove Township,,,,,,119,,,,,,0,,,,,,119,,,,,
,Kansas,20,200,Pratt County,151,1510,Grant Township,30,Grant Township,,,,,,198,,,,,,0,,,,,,198,,,,,
,Kansas,20,200,Pratt County,151,1510,Haynesville Township,35,Haynesville Township,,,,,,358,,,,,,0,,,,,,358,,,,,
,Kansas,20,200,Pratt County,151,1510,Iuka Township,40,Iuka Township,,,,,,475,,,,,,0,,,,,,475,,,,,
,Kansas,20,200,Pratt County,151,1510,Lincoln Township,45,Lincoln Township,,,,,,155,,,,,,0,,,,,,155,,,,,
,Kansas,20,200,Pratt County,151,1510,Logan Township,50,Logan Township,,,,,,141,,,,,,0,,,,,,141,,,,,
,Kansas,20,200,Pratt County,151,1510,Mc Clellan Township,55,Mc Clellan Township,,,,,,31,,,,,,0,,,,,,31,,,,,
,Kansas,20,200,Pratt County,151,1510,Mc Pherson Township,60,Mc Pherson Township,,,,,,129,,,,,,0,,,,,,129,,,,,
,Kansas,20,200,Pratt County,151,1510,Naron Township,65,Naron Township,,,,,,91,,,,,,0,,,,,,91,,,,,
,Kansas,20,200,Pratt County,151,1510,Ninnescah Township,70,Ninnescah Township,,,,,,87,,,,,,0,,,,,,87,,,,,
,Kansas,20,200,Pratt County,151,1510,Paxon Township,75,Paxon Township,,,,,,266,,,,,,0,,,,,,266,,,,,
,Kansas,20,200,Pratt County,151,1510,Pratt city,57625,Pratt City,PRATT CITY,Pratt city,Pratt city,Pratt city,Pratt city,6736,6885,6687,6570,6835,6603,6736,6885,6687,6407,6538,6583,0,0,0,163,297,20
,Kansas,20,200,Pratt County,151,1510,Richland Township,85,Richland Township,,,,,,182,,,,,,0,,,,,,182,,,,,
,Kansas,20,200,Pratt County,151,1510,Saratoga Township,90,Saratoga Township,,,,,,232,,,,,,0,,,,,,232,,,,,
,Kansas,20,200,Pratt County,151,1510,Springvale Township,95,Springvale Township,,,,,,36,,,,,,0,,,,,,36,,,,,
,Kansas,20,200,Pratt County,151,1510,Township 10,71242,,TOWNSHIP NO. 10,Township No. 10,Township No. 10,Township 10,Township 10,,222,190,191,153,132,,0,0,0,0,0,,222,190,191,153,132
,Kansas,20,200,Pratt County,151,1510,Township 11,71245,,TOWNSHIP NO. 11,Township No. 11,Township No. 11,Township 11,Township 11,,570,569,496,460,403,,0,0,0,0,0,,570,569,496,460,403
,Kansas,20,200,Pratt County,151,1510,Township 12,71248,,TOWNSHIP NO. 12,Township No. 12,Township No. 12,Township 12,Township 12,,746,713,961,917,886,,0,0,0,8,6,,746,713,961,909,880
,Kansas,20,200,Pratt County,151,1510,Township 6,71223,,TOWNSHIP NO. 6,Township No. 6,Township No. 6,Township 6,Township 6,,720,572,565,530,490,,0,0,0,0,0,,720,572,565,530,490
,Kansas,20,200,Pratt County,151,1510,Township 7,71228,,TOWNSHIP NO. 7,Township No. 7,Township No. 7,Township 7,Township 7,,461,387,366,314,267,,0,0,0,0,0,,461,387,366,314,267
,Kansas,20,200,Pratt County,151,1510,Township 8,71233,,TOWNSHIP NO. 8,Township No. 8,Township No. 8,Township 8,Township 8,,246,208,181,133,108,,0,0,0,0,0,,246,208,181,133,108
,Kansas,20,200,Pratt County,151,1510,Township 9,71238,,TOWNSHIP NO. 9,Township No. 9,Township No. 9,Township 9,Township 9,,425,376,317,314,268,,0,0,0,0,0,,425,376,317,314,268
,Kansas,20,200,Pratt County,151,1510,Valley Township,100,Valley Township,,,,,,132,,,,,,0,,,,,,132,,,,,
,Kansas,20,200,Rawlins County,153,1530,Achilles township,175,Achilles Township,ACHILLES TOWNSHIP,Achilles township,Achilles township,Achilles township,Achilles township,105,94,88,83,46,41,0,0,0,0,0,0,105,94,88,83,46,41
,Kansas,20,200,Rawlins County,153,1530,Arbor Township,10,Arbor Township,,,,,,47,,,,,,0,,,,,,47,,,,,
,Kansas,20,200,Rawlins County,153,1530,Atwood township,3175,Atwood Township,ATWOOD TOWNSHIP,Atwood township,Atwood township,Atwood township,Atwood township,1765,1695,1443,1330,1230,1326,0,0,0,0,0,0,1765,1695,1443,1330,1230,1326
,Kansas,20,200,Rawlins County,153,1530,Beaver Township,20,Beaver Township,,,,,,73,,,,,,0,,,,,,73,,,,,
,Kansas,20,200,Rawlins County,153,1530,Burntwood Township,25,Burntwood Township,,,,,,208,,,,,,0,,,,,,208,,,,,
,Kansas,20,200,Rawlins County,153,1530,Celia Township,30,Celia Township,,,,,,475,,,,,,0,,,,,,475,,,,,
,Kansas,20,200,Rawlins County,153,1530,Center township,12037,,CENTER TOWNSHIP,Center township,Center township,Center township,Center township,,461,390,363,268,308,,0,0,0,0,0,,461,390,363,268,308
,Kansas,20,200,Rawlins County,153,1530,Clinton Township,35,Clinton Township,,,,,,133,,,,,,0,,,,,,133,,,,,
,Kansas,20,200,Rawlins County,153,1530,Driftwood township,18675,Driftwood Township,DRIFTWOOD TOWNSHIP,Driftwood township,Driftwood township,Driftwood township,Driftwood township,159,143,133,84,74,85,0,0,0,0,0,0,159,143,133,84,74,85
,Kansas,20,200,Rawlins County,153,1530,Elk Township,45,Elk Township,,,,,,88,,,,,,0,,,,,,88,,,,,
,Kansas,20,200,Rawlins County,153,1530,Grant Township,50,Grant Township,,,,,,39,,,,,,0,,,,,,39,,,,,
,Kansas,20,200,Rawlins County,153,1530,Herl township,31462,,HERL TOWNSHIP,Herl township,Herl township,Herl township,Herl township,,637,506,386,310,284,,0,0,0,0,0,,637,506,386,310,284
,Kansas,20,200,Rawlins County,153,1530,Herndon Township,55,Herndon Township,,,,,,419,,,,,,0,,,,,,419,,,,,
,Kansas,20,200,Rawlins County,153,1530,Jefferson township,35300,Jefferson Township,JEFFERSON TOWNSHIP,Jefferson township,Jefferson township,Jefferson township,Jefferson township,79,64,24,34,37,33,0,0,0,0,0,0,79,64,24,34,37,33
,Kansas,20,200,Rawlins County,153,1530,Laing Township,65,Laing Township,,,,,,85,,,,,,0,,,,,,85,,,,,
,Kansas,20,200,Rawlins County,153,1530,Logan Township,70,Logan Township,,,,,,114,,,,,,0,,,,,,114,,,,,
,Kansas,20,200,Rawlins County,153,1530,Ludell township,43200,Ludell Township,LUDELL TOWNSHIP,Ludell township,Ludell township,Ludell township,Ludell township,208,187,155,136,81,91,0,0,0,0,0,0,208,187,155,136,81,91
,Kansas,20,200,Rawlins County,153,1530,Mikesell Township,80,Mikesell Township,,,,,,46,,,,,,0,,,,,,46,,,,,
,Kansas,20,200,Rawlins County,153,1530,Mirage township,47175,Mirage Township,MIRAGE TOWNSHIP,Mirage township,Mirage township,Mirage township,Mirage township,83,70,47,43,50,55,0,0,0,0,0,0,83,70,47,43,50,55
,Kansas,20,200,Rawlins County,153,1530,Richland Township,90,Richland Township,,,,,,90,,,,,,0,,,,,,90,,,,,
,Kansas,20,200,Rawlins County,153,1530,Rocewood township,60362,,ROCEWOOD TOWNSHIP,Rocewood township,Rocewood township,Rocewood township,Rocewood township,,680,551,448,384,311,,0,0,0,0,0,,680,551,448,384,311
,Kansas,20,200,Rawlins County,153,1530,Rotate Township,95,Rotate Township,,,,,,96,,,,,,0,,,,,,96,,,,,
,Kansas,20,200,Rawlins County,153,1530,Union township,72275,Union Township,UNION TOWNSHIP,Union township,Union township,Union township,Union township,81,74,67,59,39,27,0,0,0,0,0,0,81,74,67,59,39,27
,Kansas,20,200,Reno County,155,1550,Albion township,875,Albion Township,ALBION TOWNSHIP,Albion township,Albion township,Albion township,Albion township,865,920,823,837,841,821,0,0,0,0,0,0,865,920,823,837,841,821
,Kansas,20,200,Reno County,155,1550,Arlington township,2350,Arlington Township,ARLINGTON TOWNSHIP,Arlington township,Arlington township,Arlington township,Arlington township,652,798,594,621,642,558,0,0,0,0,0,0,652,798,594,621,642,558
,Kansas,20,200,Reno County,155,1550,Bell township,5350,Bell Township,BELL TOWNSHIP,Bell township,Bell township,Bell township,Bell township,126,105,89,87,75,67,0,0,0,0,0,0,126,105,89,87,75,67
,Kansas,20,200,Reno County,155,1550,Castleton township,11000,Castleton Township,CASTLETON TOWNSHIP,Castleton township,Castleton township,Castleton township,Castleton township,212,242,234,256,285,323,0,0,0,0,0,0,212,242,234,256,285,323
,Kansas,20,200,Reno County,155,1550,Center township,12050,Center Township,CENTER TOWNSHIP,Center township,Center township,Center township,Center township,628,627,581,672,668,587,0,0,0,0,0,0,628,627,581,672,668,587
,Kansas,20,200,Reno County,155,1550,Clay township,13600,Clay Township,CLAY TOWNSHIP,Clay township,Clay township,Clay township,Clay township,3720,3238,2894,3302,2057,1986,0,0,0,985,112,134,3720,3238,2894,2317,1945,1852
,Kansas,20,200,Reno County,155,1550,Enterprise township,21475,Enterprise Township,ENTERPRISE TOWNSHIP,Enterprise township,Enterprise township,Enterprise township,Enterprise township,184,146,160,139,128,130,0,0,0,0,0,0,184,146,160,139,128,130
,Kansas,20,200,Reno County,155,1550,Grant township,28025,Grant Township,GRANT TOWNSHIP,Grant township,Grant township,Grant township,Grant township,789,1263,1147,1307,1348,1307,0,0,0,0,0,0,789,1263,1147,1307,1348,1307
,Kansas,20,200,Reno County,155,1550,Grove township,29025,Grove Township,GROVE TOWNSHIP,Grove township,Grove township,Grove township,Grove township,81,93,58,64,47,58,0,0,0,0,0,0,81,93,58,64,47,58
,Kansas,20,200,Reno County,155,1550,Haven township,30750,Haven Township,HAVEN TOWNSHIP,Haven township,Haven township,Haven township,Haven township,1633,1539,1648,1592,1649,1551,0,0,0,0,0,0,1633,1539,1648,1592,1649,1551
,Kansas,20,200,Reno County,155,1550,Hayes township,31000,Hayes Township,HAYES TOWNSHIP,Hayes township,Hayes township,Hayes township,Hayes township,113,154,85,106,79,89,0,0,0,0,0,0,113,154,85,106,79,89
,Kansas,20,200,Reno County,155,1550,Huntsville township,33550,Huntsville Township,HUNTSVILLE TOWNSHIP,Huntsville township,Huntsville township,Huntsville township,Huntsville township,207,176,139,118,115,111,0,0,0,0,0,0,207,176,139,118,115,111
,Kansas,20,200,Reno County,155,1550,Hutchinson city,33625,Hutchinson City,HUTCHINSON CITY,Hutchinson city,Hutchinson city,Hutchinson city,Hutchinson city,36885,40284,39308,40787,42080,40006,36885,40284,39308,40593,41766,39761,0,0,0,194,314,245
,Kansas,20,200,Reno County,155,1550,Langdon township,38525,Langdon Township,LANGDON TOWNSHIP,Langdon township,Langdon township,Langdon township,Langdon township,240,246,171,160,117,103,0,0,0,0,0,0,240,246,171,160,117,103
,Kansas,20,200,Reno County,155,1550,Lincoln township,41050,Lincoln Township,LINCOLN TOWNSHIP,Lincoln township,Lincoln township,Lincoln township,Lincoln township,472,595,644,703,680,618,0,0,0,0,0,0,472,595,644,703,680,618
,Kansas,20,200,Reno County,155,1550,Little River township,41550,Little River Township,LITTLE RIVER TOWNSHIP,Little River township,Little River township,Little River township,Little River township,1483,1824,1854,1881,1822,1842,0,0,0,0,0,0,1483,1824,1854,1881,1822,1842
,Kansas,20,200,Reno County,155,1550,Loda township,41700,Loda Township,LODA TOWNSHIP,Loda township,Loda township,Loda township,Loda township,138,128,116,119,104,110,0,0,0,0,0,0,138,128,116,119,104,110
,Kansas,20,200,Reno County,155,1550,Medford township,45450,Medford Township,MEDFORD TOWNSHIP,Medford township,Medford township,Medford township,Medford township,179,185,162,144,154,164,0,0,0,0,0,0,179,185,162,144,154,164
,Kansas,20,200,Reno County,155,1550,Medora township,45600,Medora Township,MEDORA TOWNSHIP,Medora township,Medora township,Medora township,Medora township,821,1437,1515,1594,1665,1656,0,0,0,0,0,0,821,1437,1515,1594,1665,1656
,Kansas,20,200,Reno County,155,1550,Miami township,46125,Miami Township,MIAMI TOWNSHIP,Miami township,Miami township,Miami township,Miami township,571,575,500,521,462,385,0,0,0,0,0,0,571,575,500,521,462,385
,Kansas,20,200,Reno County,155,1550,Nickerson city,50525,Nickerson City,NICKERSON CITY,Nickerson city,Nickerson city,Nickerson city,Nickerson city,1187,1292,1137,1194,1070,1058,0,0,0,0,0,0,1187,1292,1137,1194,1070,1058
,Kansas,20,200,Reno County,155,1550,Ninnescah township,50700,Ninnescah Township,NINNESCAH TOWNSHIP,Ninnescah township,Ninnescah township,Ninnescah township,Ninnescah township,112,199,200,226,226,247,0,0,0,0,0,0,112,199,200,226,226,247
,Kansas,20,200,Reno County,155,1550,North Hayes Township,115,North Hayes Township,,,,,,26,,,,,,0,,,,,,26,,,,,
,Kansas,20,200,Reno County,155,1550,Plevna township,56750,Plevna Township,PLEVNA TOWNSHIP,Plevna township,Plevna township,Plevna township,Plevna township,296,308,270,235,246,190,0,0,0,0,0,0,296,308,270,235,246,190
,Kansas,20,200,Reno County,155,1550,Reno township,58975,Reno Township,RENO TOWNSHIP,Reno township,Reno township,Reno township,Reno township,5905,5006,4522,4496,4362,4331,0,0,0,2474,2442,2580,5905,5006,4522,2022,1920,1751
,Kansas,20,200,Reno County,155,1550,Roscoe township,61150,Roscoe Township,ROSCOE TOWNSHIP,Roscoe township,Roscoe township,Roscoe township,Roscoe township,114,128,116,108,105,132,0,0,0,0,0,0,114,128,116,108,105,132
,Kansas,20,200,Reno County,155,1550,Salt Creek township,62850,Salt Creek Township,SALT CREEK TOWNSHIP,Salt Creek township,Salt Creek township,Salt Creek township,Salt Creek township,446,453,447,483,451,455,0,0,0,0,0,0,446,453,447,483,451,455
,Kansas,20,200,Reno County,155,1550,Sumner township,69200,Sumner Township,SUMNER TOWNSHIP,Sumner township,Sumner township,Sumner township,Sumner township,368,397,469,547,654,644,0,0,0,0,0,0,368,397,469,547,654,644
,Kansas,20,200,Reno County,155,1550,Sylvia township,69825,Sylvia Township,SYLVIA TOWNSHIP,Sylvia township,Sylvia township,Sylvia township,Sylvia township,538,481,396,393,311,291,0,0,0,0,0,0,538,481,396,393,311,291
,Kansas,20,200,Reno County,155,1550,Troy township,71600,Troy Township,TROY TOWNSHIP,Troy township,Troy township,Troy township,Troy township,137,140,104,112,124,148,0,0,0,0,0,0,137,140,104,112,124,148
,Kansas,20,200,Reno County,155,1550,Valley township,73075,Valley Township,VALLEY TOWNSHIP,Valley township,Valley township,Valley township,Valley township,553,878,866,887,847,835,0,0,0,0,0,0,553,878,866,887,847,835
,Kansas,20,200,Reno County,155,1550,Walnut township,75100,Walnut Township,WALNUT TOWNSHIP,Walnut township,Walnut township,Walnut township,Walnut township,195,138,115,114,103,103,0,0,0,0,0,0,195,138,115,114,103,103
,Kansas,20,200,Reno County,155,1550,Westminster township,77175,Westminster Township,WESTMINSTER TOWNSHIP,Westminster township,Westminster township,Westminster township,Westminster township,270,246,267,243,196,177,0,0,0,0,0,0,270,246,267,243,196,177
,Kansas,20,200,Reno County,155,1550,Yoder township,80775,Yoder Township,YODER TOWNSHIP,Yoder township,Yoder township,Yoder township,Yoder township,619,742,758,742,798,815,0,0,0,0,0,0,619,742,758,742,798,815
,Kansas,20,200,Republic County,157,1570,Albion township,900,Albion Township,ALBION TOWNSHIP,Albion township,Albion township,Albion township,Albion township,283,256,205,174,142,130,0,0,0,0,0,0,283,256,205,174,142,130
,Kansas,20,200,Republic County,157,1570,Beaver township,5150,Beaver Township,BEAVER TOWNSHIP,Beaver township,Beaver township,Beaver township,Beaver township,172,149,127,137,94,95,0,0,0,0,0,0,172,149,127,137,94,95
,Kansas,20,200,Republic County,157,1570,Belleville city,5600,Belleville City,BELLEVILLE CITY,Belleville city,Belleville city,Belleville city,Belleville city,3063,2805,2517,2239,1991,2007,3063,2805,2517,0,0,0,0,0,0,2239,1991,2007
,Kansas,20,200,Republic County,157,1570,Belleville township,5625,Belleville Township,BELLEVILLE TOWNSHIP,Belleville township,Belleville township,Belleville township,Belleville township,260,254,263,231,236,188,0,0,0,0,0,0,260,254,263,231,236,188
,Kansas,20,200,Republic County,157,1570,Big Bend township,6550,Big Bend Township,BIG BEND TOWNSHIP,Big Bend township,Big Bend township,Big Bend township,Big Bend township,397,371,278,242,177,125,0,0,0,0,0,0,397,371,278,242,177,125
,Kansas,20,200,Republic County,157,1570,Courtland township,16050,Courtland Township,COURTLAND TOWNSHIP,Courtland township,Courtland township,Courtland township,Courtland township,616,573,487,450,395,388,0,0,0,0,0,0,616,573,487,450,395,388
,Kansas,20,200,Republic County,157,1570,Elk Creek township,20275,Elk Creek Township,ELK CREEK TOWNSHIP,Elk Creek township,Elk Creek township,Elk Creek township,Elk Creek township,278,234,198,175,136,111,0,0,0,0,0,0,278,234,198,175,136,111
,Kansas,20,200,Republic County,157,1570,Fairview township,22575,Fairview Township,FAIRVIEW TOWNSHIP,Fairview township,Fairview township,Fairview township,Fairview township,221,193,176,155,134,113,0,0,0,0,0,0,221,193,176,155,134,113
,Kansas,20,200,Republic County,157,1570,Farmington township,23200,Farmington Township,FARMINGTON TOWNSHIP,Farmington township,Farmington township,Farmington township,Farmington township,179,147,108,81,61,58,0,0,0,0,0,0,179,147,108,81,61,58
,Kansas,20,200,Republic County,157,1570,Freedom township,24675,Freedom Township,FREEDOM TOWNSHIP,Freedom township,Freedom township,Freedom township,Freedom township,232,250,189,186,167,136,0,0,0,0,0,0,232,250,189,186,167,136
,Kansas,20,200,Republic County,157,1570,Grant township,28050,Grant Township,GRANT TOWNSHIP,Grant township,Grant township,Grant township,Grant township,155,127,110,77,71,51,0,0,0,0,0,0,155,127,110,77,71,51
,Kansas,20,200,Republic County,157,1570,Jefferson township,35325,Jefferson Township,JEFFERSON TOWNSHIP,Jefferson township,Jefferson township,Jefferson township,Jefferson township,175,186,139,107,106,83,0,0,0,0,0,0,175,186,139,107,106,83
,Kansas,20,200,Republic County,157,1570,Liberty township,40325,Liberty Township,LIBERTY TOWNSHIP,Liberty township,Liberty township,Liberty township,Liberty township,140,98,84,52,45,39,0,0,0,0,0,0,140,98,84,52,45,39
,Kansas,20,200,Republic County,157,1570,Lincoln township,41075,Lincoln Township,LINCOLN TOWNSHIP,Lincoln township,Lincoln township,Lincoln township,Lincoln township,155,147,125,103,98,106,0,0,0,0,0,0,155,147,125,103,98,106
,Kansas,20,200,Republic County,157,1570,Norway township,51575,Norway Township,NORWAY TOWNSHIP,Norway township,Norway township,Norway township,Norway township,271,209,160,163,143,117,0,0,0,0,0,0,271,209,160,163,143,117
,Kansas,20,200,Republic County,157,1570,Richland township,59575,Richland Township,RICHLAND TOWNSHIP,Richland township,Richland township,Richland township,Richland township,508,416,342,318,231,218,0,0,0,0,0,0,508,416,342,318,231,218
,Kansas,20,200,Republic County,157,1570,Rose Creek township,61200,Rose Creek Township,ROSE CREEK TOWNSHIP,Rose Creek township,Rose Creek township,Rose Creek township,Rose Creek township,188,197,179,170,108,118,0,0,0,0,0,0,188,197,179,170,108,118
,Kansas,20,200,Republic County,157,1570,Scandia township,63375,Scandia Township,SCANDIA TOWNSHIP,Scandia township,Scandia township,Scandia township,Scandia township,726,612,537,541,468,426,0,0,0,0,0,0,726,612,537,541,468,426
,Kansas,20,200,Republic County,157,1570,Union township,72300,Union Township,UNION TOWNSHIP,Union township,Union township,Union township,Union township,102,80,84,51,33,41,0,0,0,0,0,0,102,80,84,51,33,41
,Kansas,20,200,Republic County,157,1570,Washington township,75700,Washington Township,WASHINGTON TOWNSHIP,Washington township,Washington township,Washington township,Washington township,185,130,95,95,75,74,0,0,0,0,0,0,185,130,95,95,75,74
,Kansas,20,200,Republic County,157,1570,White Rock township,77975,White Rock Township,WHITE ROCK TOWNSHIP,White Rock township,White Rock township,White Rock township,White Rock township,192,135,79,88,69,50,0,0,0,0,0,0,192,135,79,88,69,50
,Kansas,20,200,Rice County,159,1590,Atlanta township,3075,Atlanta Township,ATLANTA TOWNSHIP,Atlanta township,Atlanta township,Atlanta township,Atlanta township,258,258,181,233,134,125,0,0,0,0,0,0,258,258,181,233,134,125
,Kansas,20,200,Rice County,159,1590,Bell township,5375,Bell Township,BELL TOWNSHIP,Bell township,Bell township,Bell township,Bell township,39,43,27,18,10,10,0,0,0,0,0,0,39,43,27,18,10,10
,Kansas,20,200,Rice County,159,1590,Center township,12075,Center Township,CENTER TOWNSHIP,Center township,Center township,Center township,Center township,175,148,126,136,131,107,0,0,0,0,0,0,175,148,126,136,131,107
,Kansas,20,200,Rice County,159,1590,East Washington township,19725,East Washington Township,EAST WASHINGTON TOWNSHIP,East Washington township,East Washington township,East Washington township,East Washington township,79,107,139,179,152,138,0,0,0,0,0,0,79,107,139,179,152,138
,Kansas,20,200,Rice County,159,1590,Eureka township,21900,Eureka Township,EUREKA TOWNSHIP,Eureka township,Eureka township,Eureka township,Eureka township,147,93,81,65,52,31,0,0,0,0,0,0,147,93,81,65,52,31
,Kansas,20,200,Rice County,159,1590,Farmer township,23100,Farmer Township,FARMER TOWNSHIP,Farmer township,Farmer township,Farmer township,Farmer township,586,544,480,441,389,312,0,0,0,0,0,0,586,544,480,441,389,312
,Kansas,20,200,Rice County,159,1590,Galt township,25175,Galt Township,GALT TOWNSHIP,Galt township,Galt township,Galt township,Galt township,113,74,73,51,71,81,0,0,0,0,0,0,113,74,73,51,71,81
,Kansas,20,200,Rice County,159,1590,Harrison township,30425,Harrison Township,HARRISON TOWNSHIP,Harrison township,Harrison township,Harrison township,Harrison township,232,214,230,192,171,142,0,0,0,0,2,0,232,214,230,192,169,142
,Kansas,20,200,Rice County,159,1590,Lincoln township,41100,Lincoln Township,LINCOLN TOWNSHIP,Lincoln township,Lincoln township,Lincoln township,Lincoln township,956,881,669,577,563,450,0,0,0,0,0,0,956,881,669,577,563,450
,Kansas,20,200,Rice County,159,1590,Lyons city,43525,Lyons City,LYONS CITY,Lyons city,Lyons city,Lyons city,Lyons city,4355,4152,3688,3732,3739,3611,4355,4152,3688,3642,3650,0,0,0,0,90,89,3611
,Kansas,20,200,Rice County,159,1590,Mitchell township,47525,Mitchell Township,MITCHELL TOWNSHIP,Mitchell township,Mitchell township,Mitchell township,Mitchell township,163,170,127,131,125,118,0,0,0,0,0,0,163,170,127,131,125,118
,Kansas,20,200,Rice County,159,1590,Odessa township,52150,Odessa Township,ODESSA TOWNSHIP,Odessa township,Odessa township,Odessa township,Odessa township,89,76,64,55,59,59,0,0,0,0,0,0,89,76,64,55,59,59
,Kansas,20,200,Rice County,159,1590,Pioneer township,55925,Pioneer Township,PIONEER TOWNSHIP,Pioneer township,Pioneer township,Pioneer township,Pioneer township,137,107,103,101,72,84,0,0,0,0,0,0,137,107,103,101,72,84
,Kansas,20,200,Rice County,159,1590,Raymond township,58575,Raymond Township,RAYMOND TOWNSHIP,Raymond township,Raymond township,Raymond township,Raymond township,259,237,227,185,153,169,0,0,0,0,0,0,259,237,227,185,153,169
,Kansas,20,200,Rice County,159,1590,Rockville township,60725,Rockville Township,ROCKVILLE TOWNSHIP,Rockville township,Rockville township,Rockville township,Rockville township,154,144,141,134,144,112,0,0,0,0,0,0,154,144,141,134,144,112
,Kansas,20,200,Rice County,159,1590,Sterling city,68200,Sterling City,STERLING CITY,Sterling city,Sterling city,Sterling city,Sterling city,2312,2312,2115,2642,2328,2248,0,0,0,2519,0,0,2312,2312,2115,123,2328,2248
,Kansas,20,200,Rice County,159,1590,Sterling township,68225,Sterling Township,STERLING TOWNSHIP,Sterling township,Sterling township,Sterling township,Sterling township,284,351,370,223,221,201,0,0,0,0,0,0,284,351,370,223,221,201
,Kansas,20,200,Rice County,159,1590,Union township,72325,Union Township,UNION TOWNSHIP,Union township,Union township,Union township,Union township,674,774,704,741,738,661,0,0,0,0,0,0,674,774,704,741,738,661
,Kansas,20,200,Rice County,159,1590,Valley township,73100,Valley Township,VALLEY TOWNSHIP,Valley township,Valley township,Valley township,Valley township,363,311,278,276,249,208,0,0,0,0,0,0,363,311,278,276,249,208
,Kansas,20,200,Rice County,159,1590,Victoria township,73825,Victoria Township,VICTORIA TOWNSHIP,Victoria township,Victoria township,Victoria township,Victoria township,587,614,488,364,345,333,0,0,0,0,0,0,587,614,488,364,345,333
,Kansas,20,200,Rice County,159,1590,West Washington township,77425,West Washington Township,WEST WASHINGTON TOWNSHIP,West Washington township,West Washington township,West Washington township,West Washington township,188,153,142,138,125,118,0,0,0,0,0,0,188,153,142,138,125,118
,Kansas,20,200,Rice County,159,1590,Wilson township,79775,Wilson Township,WILSON TOWNSHIP,Wilson township,Wilson township,Wilson township,Wilson township,170,137,157,147,112,109,0,0,0,0,0,0,170,137,157,147,112,109
,Kansas,20,200,Riley County,161,1610,Ashland township,2725,Ashland Township,ASHLAND TOWNSHIP,Ashland township,Ashland township,Ashland township,Ashland township,136,171,166,150,139,147,0,0,0,0,0,0,136,171,166,150,139,147
,Kansas,20,200,Riley County,161,1610,Bala township,3825,Bala Township,BALA TOWNSHIP,Bala township,Bala township,Bala township,Bala township,793,762,751,762,735,740,0,0,0,0,0,0,793,762,751,762,735,740
,Kansas,20,200,Riley County,161,1610,Center township,12100,Center Township,CENTER TOWNSHIP,Center township,Center township,Center township,Center township,141,102,88,81,75,81,0,0,0,0,0,0,141,102,88,81,75,81
,Kansas,20,200,Riley County,161,1610,Fancy Creek township,22950,Fancy Creek Township,FANCY CREEK TOWNSHIP,Fancy Creek township,Fancy Creek township,Fancy Creek township,Fancy Creek township,153,126,132,126,116,76,0,0,0,0,0,0,153,126,132,126,116,76
,Kansas,20,200,Riley County,161,1610,Fort Riley township,22,,FORT RILEY TOWNSHIP,,,,,,15192,,,,,,14430,,,,,,762,,,,
,Kansas,20,200,Riley County,161,1610,Grant township,28075,Grant Township,GRANT TOWNSHIP,Grant township,Grant township,Grant township,Grant township,338,675,801,833,973,870,0,0,0,0,0,0,338,675,801,833,973,870
,Kansas,20,200,Riley County,161,1610,Jackson township,34900,Jackson Township,JACKSON TOWNSHIP,Jackson township,Jackson township,Jackson township,Jackson township,207,256,248,326,330,273,0,0,0,0,0,0,207,256,248,326,330,273
,Kansas,20,200,Riley County,161,1610,Madison township,44125,Madison Township,MADISON TOWNSHIP,Madison township,Madison township,Madison township,Madison township,916,991,14444,8173,9606,9432,0,0,12165,6963,8436,8254,916,991,2279,1210,1170,1178
,Kansas,20,200,Riley County,161,1610,Manhattan city,44250,Manhattan City (Part),MANHATTAN CITY,Manhattan city,Manhattan city,Manhattan city,Manhattan city,26897,32482,37569,44828,52135,54100,26897,32482,37569,44780,51707,53990,0,0,0,48,428,110
,Kansas,20,200,Riley County,161,1610,Manhattan township,44275,Manhattan Township,MANHATTAN TOWNSHIP,Manhattan township,Manhattan township,Manhattan township,Manhattan township,8715,8924,9191,3275,2444,2190,0,0,0,1891,1060,780,8715,8924,9191,1384,1384,1410
,Kansas,20,200,Riley County,161,1610,May Day township,45225,May Day Township,MAY DAY TOWNSHIP,May Day township,May Day township,May Day township,May Day township,146,125,95,78,83,86,0,0,0,0,0,0,146,125,95,78,83,86
,Kansas,20,200,Riley County,161,1610,Ogden township,52300,Ogden Township,OGDEN TOWNSHIP,Ogden township,Ogden township,Ogden township,Ogden township,17168,2178,2057,2423,2519,2029,15399,0,0,0,66,1844,1769,2178,2057,2423,2453,185
,Kansas,20,200,Riley County,161,1610,Sherman township,65075,Sherman Township,SHERMAN TOWNSHIP,Sherman township,Sherman township,Sherman township,Sherman township,234,390,391,524,579,585,0,0,0,0,0,0,234,390,391,524,579,585
,Kansas,20,200,Riley County,161,1610,Swede Creek township,69650,Swede Creek Township,SWEDE CREEK TOWNSHIP,Swede Creek township,Swede Creek township,Swede Creek township,Swede Creek township,199,176,177,157,155,204,0,0,0,0,0,0,199,176,177,157,155,204
,Kansas,20,200,Riley County,161,1610,Wildcat township,79175,Wild Cat Township,WILD CAT TOWNSHIP,Wild Cat township,Wildcat township,Wildcat township,Wildcat township,397,647,677,750,885,786,0,0,0,0,0,4,397,647,677,750,885,782
,Kansas,20,200,Riley County,161,1610,Zeandale township,80900,Zeandale Township,ZEANDALE TOWNSHIP,Zeandale township,Zeandale township,Zeandale township,Zeandale township,348,308,352,357,341,360,0,0,0,0,0,0,348,308,352,357,341,360
,Kansas,20,200,Rooks County,163,1630,Alcona Township,5,Alcona Township,,,,,,65,,,,,,0,,,,,,65,,,,,
,Kansas,20,200,Rooks County,163,1630,Ash Rock Township,10,Ash Rock Township,,,,,,87,,,,,,0,,,,,,87,,,,,
,Kansas,20,200,Rooks County,163,1630,Belmont Township,15,Belmont Township,,,,,,66,,,,,,0,,,,,,66,,,,,
,Kansas,20,200,Rooks County,163,1630,Bow Creek Township,20,Bow Creek Township,,,,,,40,,,,,,0,,,,,,40,,,,,
,Kansas,20,200,Rooks County,163,1630,Corning Township,25,Corning Township,,,,,,51,,,,,,0,,,,,,51,,,,,
,Kansas,20,200,Rooks County,163,1630,Fairview Township,30,Fairview Township,,,,,,76,,,,,,0,,,,,,76,,,,,
,Kansas,20,200,Rooks County,163,1630,Farmington Township,35,Farmington Township,,,,,,63,,,,,,0,,,,,,63,,,,,
,Kansas,20,200,Rooks County,163,1630,Greenfield Township,40,Greenfield Township,,,,,,62,,,,,,0,,,,,,62,,,,,
,Kansas,20,200,Rooks County,163,1630,Hobart Township,45,Hobart Township,,,,,,44,,,,,,0,,,,,,44,,,,,
,Kansas,20,200,Rooks County,163,1630,Iowa Township,50,Iowa Township,,,,,,321,,,,,,0,,,,,,321,,,,,
,Kansas,20,200,Rooks County,163,1630,Lanark Township,55,Lanark Township,,,,,,66,,,,,,0,,,,,,66,,,,,
,Kansas,20,200,Rooks County,163,1630,Logan Township,60,Logan Township,,,,,,267,,,,,,0,,,,,,267,,,,,
,Kansas,20,200,Rooks County,163,1630,Lowell Township,65,Lowell Township,,,,,,312,,,,,,0,,,,,,312,,,,,
,Kansas,20,200,Rooks County,163,1630,Medicine Township,70,Medicine Township,,,,,,64,,,,,,0,,,,,,64,,,,,
,Kansas,20,200,Rooks County,163,1630,Northampton Township,75,Northampton Township,,,,,,512,,,,,,0,,,,,,512,,,,,
,Kansas,20,200,Rooks County,163,1630,Paradise Township,80,Paradise Township,,,,,,235,,,,,,0,,,,,,235,,,,,
,Kansas,20,200,Rooks County,163,1630,Plainville Township,85,Plainville Township,,,,,,2968,,,,,,2627,,,,,,341,,,,,
,Kansas,20,200,Rooks County,163,1630,Richland Township,90,Richland Township,,,,,,317,,,,,,0,,,,,,317,,,,,
,Kansas,20,200,Rooks County,163,1630,Rush Township,95,Rush Township,,,,,,70,,,,,,0,,,,,,70,,,,,
,Kansas,20,200,Rooks County,163,1630,Stockton Township,100,Stockton Township,,,,,,1725,,,,,,0,,,,,,1725,,,,,
,Kansas,20,200,Rooks County,163,1630,Sugar Loaf Township,105,Sugar Loaf Township,,,,,,67,,,,,,0,,,,,,67,,,,,
,Kansas,20,200,Rooks County,163,1630,Township 1,71203,,TOWNSHIP NO. 1,Township No. 1,Township No. 1,Township 1,Township 1,,371,317,280,242,196,,0,0,0,0,0,,371,317,280,242,196
,Kansas,20,200,Rooks County,163,1630,Township 10,71243,,TOWNSHIP NO. 10,Township No. 10,Township No. 10,Township 10,Township 10,,335,263,197,176,173,,0,0,0,0,0,,335,263,197,176,173
,Kansas,20,200,Rooks County,163,1630,Township 11,71246,,TOWNSHIP NO. 11,Township No. 11,Township No. 11,Township 11,Township 11,,2855,2499,2380,2277,2063,,0,0,0,0,0,,2855,2499,2380,2277,2063
,Kansas,20,200,Rooks County,163,1630,Township 12,71249,,TOWNSHIP NO. 12,Township No. 12,Township No. 12,Township 12,Township 12,,228,160,183,154,142,,0,0,0,0,0,,228,160,183,154,142
,Kansas,20,200,Rooks County,163,1630,Township 2,71207,,TOWNSHIP NO. 2,Township No. 2,Township No. 2,Township 2,Township 2,,470,500,382,379,360,,0,0,0,0,0,,470,500,382,379,360
,Kansas,20,200,Rooks County,163,1630,Township 3,71211,,TOWNSHIP NO. 3,Township No. 3,Township No. 3,Township 3,Township 3,,1711,1432,1489,1212,1360,,0,0,0,0,0,,1711,1432,1489,1212,1360
,Kansas,20,200,Rooks County,163,1630,Township 4,71215,,TOWNSHIP NO. 4,Township No. 4,Township No. 4,Township 4,Township 4,,43,46,27,33,11,,0,0,0,0,0,,43,46,27,33,11
,Kansas,20,200,Rooks County,163,1630,Township 5,71219,,TOWNSHIP NO. 5,Township No. 5,Township No. 5,Township 5,Township 5,,138,104,74,59,64,,0,0,0,0,0,,138,104,74,59,64
,Kansas,20,200,Rooks County,163,1630,Township 6,71224,,TOWNSHIP NO. 6,Township No. 6,Township No. 6,Township 6,Township 6,,86,65,60,75,86,,0,0,0,0,0,,86,65,60,75,86
,Kansas,20,200,Rooks County,163,1630,Township 7,71229,,TOWNSHIP NO. 7,Township No. 7,Township No. 7,Township 7,Township 7,,269,214,218,185,154,,0,0,0,0,0,,269,214,218,185,154
,Kansas,20,200,Rooks County,163,1630,Township 8,71234,,TOWNSHIP NO. 8,Township No. 8,Township No. 8,Township 8,Township 8,,424,384,344,341,265,,0,0,0,0,0,,424,384,344,341,265
,Kansas,20,200,Rooks County,163,1630,Township 9,71239,,TOWNSHIP NO. 9,Township No. 9,Township No. 9,Township 9,Township 9,,76,55,51,48,45,,0,0,0,0,0,,76,55,51,48,45
,Kansas,20,200,Rooks County,163,1630,Twin Mound Township,110,Twin Mound Township,,,,,,85,,,,,,0,,,,,,85,,,,,
,Kansas,20,200,Rooks County,163,1630,Walton Township,115,Walton Township,,,,,,65,,,,,,0,,,,,,65,,,,,
,Kansas,20,200,Rush County,165,1650,Alexander Township,5,Alexander Township,,,,,,72,,,,,,0,,,,,,72,,,,,
,Kansas,20,200,Rush County,165,1650,Alexander-Belle Prairie township,1087,,ALEXANDER-BELLE PRAIRIE TOWNSHIP,Alexander-Belle Prairie township,Alexander-Belle Prairie township,Alexander-Belle Prairie township,Alexander-Belle Prairie township,,210,150,139,116,76,,0,0,0,0,0,,210,150,139,116,76
,Kansas,20,200,Rush County,165,1650,Banner township,4075,Banner Township,BANNER TOWNSHIP,Banner township,Banner township,Banner township,Banner township,321,242,185,191,157,109,0,0,0,0,0,0,321,242,185,191,157,109
,Kansas,20,200,Rush County,165,1650,Belle Prairie Township,15,Belle Prairie Township,,,,,,208,,,,,,0,,,,,,208,,,,,
,Kansas,20,200,Rush County,165,1650,Big Timber township,6775,Big Timber Township,BIG TIMBER TOWNSHIP,Big Timber township,Big Timber township,Big Timber township,Big Timber township,283,234,168,164,152,138,0,0,0,0,0,0,283,234,168,164,152,138
,Kansas,20,200,Rush County,165,1650,Brookdale Township,25,Brookdale Township,,,,,,53,,,,,,0,,,,,,53,,,,,
,Kansas,20,200,Rush County,165,1650,Center township,12125,Center Township,CENTER TOWNSHIP,Center township,Center township,Center township,Center township,387,336,275,256,246,204,0,0,0,0,0,0,387,336,275,256,246,204
,Kansas,20,200,Rush County,165,1650,Fairview Township,35,Fairview Township,,,,,,60,,,,,,0,,,,,,60,,,,,
,Kansas,20,200,Rush County,165,1650,Garfield township,25800,Garfield Township,GARFIELD TOWNSHIP,Garfield township,Garfield township,Garfield township,Garfield township,200,170,177,132,103,112,0,0,0,0,0,0,200,170,177,132,103,112
,Kansas,20,200,Rush County,165,1650,Hampton Township,45,Hampton Township,,,,,,420,,,,,,0,,,,,,420,,,,,
,Kansas,20,200,Rush County,165,1650,Hampton-Fairview township,29812,,HAMPTON-FAIRVIEW TOWNSHIP,Hampton-Fairview township,Hampton-Fairview township,Hampton-Fairview township,Hampton-Fairview township,,424,317,304,268,248,,0,0,0,0,0,,424,317,304,268,248
,Kansas,20,200,Rush County,165,1650,Illinois township,33750,Illinois Township,ILLINOIS TOWNSHIP,Illinois township,Illinois township,Illinois township,Illinois township,125,63,63,47,55,52,0,0,0,0,0,0,125,63,63,47,55,52
,Kansas,20,200,Rush County,165,1650,La Crosse Township,55,La Crosse Township,,,,,,1774,,,,,,0,,,,,,1774,,,,,
,Kansas,20,200,Rush County,165,1650,La Crosse-Brookdale township,37525,,LA CROSSE-BROOKDALE TOWNSHIP,La Crosse-Brookdale township,La Crosse-Brookdale township,La Crosse-Brookdale township,La Crosse-Brookdale township,,1759,1545,1475,1448,1341,,0,0,0,0,0,,1759,1545,1475,1448,1341
,Kansas,20,200,Rush County,165,1650,Lone Star township,42500,Lone Star Township,LONE STAR TOWNSHIP,Lone Star township,Lone Star township,Lone Star township,Lone Star township,414,370,347,319,321,237,0,0,0,0,0,0,414,370,347,319,321,237
,Kansas,20,200,Rush County,165,1650,Pioneer township,55950,Pioneer Township,PIONEER TOWNSHIP,Pioneer township,Pioneer township,Pioneer township,Pioneer township,550,535,485,426,367,362,0,0,0,0,0,0,550,535,485,426,367,362
,Kansas,20,200,Rush County,165,1650,Pleasantdale township,56325,Pleasantdale Township,PLEASANTDALE TOWNSHIP,Pleasantdale township,Pleasantdale township,Pleasantdale township,Pleasantdale township,96,63,49,33,31,25,0,0,0,0,0,0,96,63,49,33,31,25
,Kansas,20,200,Rush County,165,1650,Union township,72350,Union Township,UNION TOWNSHIP,Union township,Union township,Union township,Union township,154,110,81,65,43,52,0,0,0,0,0,0,154,110,81,65,43,52
,Kansas,20,200,Russell County,167,1670,Big Creek township,6700,Big Creek Township,BIG CREEK TOWNSHIP,Big Creek township,Big Creek township,Big Creek township,Big Creek township,572,508,528,515,479,549,0,0,0,0,0,0,572,508,528,515,479,549
,Kansas,20,200,Russell County,167,1670,Center township,12150,Center Township,CENTER TOWNSHIP,Center township,Center township,Center township,Center township,506,350,359,255,221,220,0,0,0,0,0,0,506,350,359,255,221,220
,Kansas,20,200,Russell County,167,1670,Fairfield township,22200,Fairfield Township,FAIRFIELD TOWNSHIP,Fairfield township,Fairfield township,Fairfield township,Fairfield township,75,55,63,42,31,26,0,0,0,0,0,0,75,55,63,42,31,26
,Kansas,20,200,Russell County,167,1670,Fairview township,22650,Fairview Township,FAIRVIEW TOWNSHIP,Fairview township,Fairview township,Fairview township,Fairview township,689,660,576,526,466,416,0,0,0,0,0,0,689,660,576,526,466,416
,Kansas,20,200,Russell County,167,1670,Grant township,28100,Grant Township,GRANT TOWNSHIP,Grant township,Grant township,Grant township,Grant township,234,211,180,159,186,177,0,0,0,0,0,0,234,211,180,159,186,177
,Kansas,20,200,Russell County,167,1670,Lincoln township,41125,Lincoln Township,LINCOLN TOWNSHIP,Lincoln township,Lincoln township,Lincoln township,Lincoln township,205,146,136,147,150,109,0,0,0,0,0,0,205,146,136,147,150,109
,Kansas,20,200,Russell County,167,1670,Luray township,43275,Luray Township,LURAY TOWNSHIP,Luray township,Luray township,Luray township,Luray township,428,373,339,270,258,224,0,0,0,0,0,0,428,373,339,270,258,224
,Kansas,20,200,Russell County,167,1670,Paradise township,54350,Paradise Township,PARADISE TOWNSHIP,Paradise township,Paradise township,Paradise township,Paradise township,353,271,219,169,166,138,0,0,0,0,0,0,353,271,219,169,166,138
,Kansas,20,200,Russell County,167,1670,Plymouth township,56925,Plymouth Township,PLYMOUTH TOWNSHIP,Plymouth township,Plymouth township,Plymouth township,Plymouth township,430,373,316,319,280,214,0,0,0,0,0,0,430,373,316,319,280,214
,Kansas,20,200,Russell County,167,1670,Russell city,61825,Russell City,RUSSELL CITY,Russell city,Russell city,Russell city,Russell city,5371,5427,4781,4696,4506,4401,5371,5427,4781,4331,4108,4066,0,0,0,365,398,335
,Kansas,20,200,Russell County,167,1670,Russell township,61850,Russell Township,RUSSELL TOWNSHIP,Russell township,Russell township,Russell township,Russell township,204,217,117,89,82,81,0,0,0,0,0,0,204,217,117,89,82,81
,Kansas,20,200,Russell County,167,1670,Waldo township,74600,Waldo Township,WALDO TOWNSHIP,Waldo township,Waldo township,Waldo township,Waldo township,232,177,128,108,78,83,0,0,0,0,0,0,232,177,128,108,78,83
,Kansas,20,200,Russell County,167,1670,Winterset township,80125,Winterset Township,WINTERSET TOWNSHIP,Winterset township,Winterset township,Winterset township,Winterset township,129,100,93,75,67,53,0,0,0,0,0,0,129,100,93,75,67,53
,Kansas,20,200,Saline County,169,1690,Cambria township,10100,Cambria Township,CAMBRIA TOWNSHIP,Cambria township,Cambria township,Cambria township,Cambria township,380,463,390,450,433,420,0,0,0,0,0,0,380,463,390,450,433,420
,Kansas,20,200,Saline County,169,1690,Dayton township,17125,Dayton Township,DAYTON TOWNSHIP,Dayton township,Dayton township,Dayton township,Dayton township,124,138,154,134,115,129,0,0,0,0,0,0,124,138,154,134,115,129
,Kansas,20,200,Saline County,169,1690,Elm Creek township,20650,Elm Creek Township,ELM CREEK TOWNSHIP,Elm Creek township,Elm Creek township,Elm Creek township,Elm Creek township,472,675,654,828,898,816,0,0,0,0,0,0,472,675,654,828,898,816
,Kansas,20,200,Saline County,169,1690,Eureka township,21925,Eureka Township,EUREKA TOWNSHIP,Eureka township,Eureka township,Eureka township,Eureka township,645,607,587,664,632,659,0,0,0,0,0,0,645,607,587,664,632,659
,Kansas,20,200,Saline County,169,1690,Falun township,22925,Falun Township,FALUN-SUMMIT TOWNSHIP,Falun township,Falun township,Falun township,Falun township,238,223,226,260,285,267,0,0,0,0,0,0,238,223,226,260,285,267
,Kansas,20,200,Saline County,169,1690,Glendale township,26475,Glendale Township,GLENDALE TOWNSHIP,Glendale township,Glendale township,Glendale township,Glendale township,83,83,100,104,110,108,0,0,0,0,0,0,83,83,100,104,110,108
,Kansas,20,200,Saline County,169,1690,Greeley township,28375,Greeley Township,GREELEY TOWNSHIP,Greeley township,Greeley township,Greeley township,Greeley township,516,660,848,809,833,753,0,0,0,47,17,4,516,660,848,762,816,749
,Kansas,20,200,Saline County,169,1690,Gypsum township,29275,Gypsum Township,GYPSUM TOWNSHIP,Gypsum township,Gypsum township,Gypsum township,Gypsum township,188,280,155,193,181,174,0,0,0,0,0,0,188,280,155,193,181,174
,Kansas,20,200,Saline County,169,1690,Liberty township,40350,Liberty Township,LIBERTY TOWNSHIP,Liberty township,Liberty township,Liberty township,Liberty township,129,178,132,183,175,163,0,0,0,0,0,0,129,178,132,183,175,163
,Kansas,20,200,Saline County,169,1690,Ohio township,52425,Ohio Township,OHIO TOWNSHIP,Ohio township,Ohio township,Ohio township,Ohio township,375,402,453,463,445,434,0,0,0,0,0,0,375,402,453,463,445,434
,Kansas,20,200,Saline County,169,1690,Pleasant Valley township,56625,Pleasant Valley Township,PLEASANT VALLEY TOWNSHIP,Pleasant Valley township,Pleasant Valley township,Pleasant Valley township,Pleasant Valley township,114,273,291,422,404,364,0,0,0,0,0,0,114,273,291,422,404,364
,Kansas,20,200,Saline County,169,1690,Salina city,62700,Salina City,SALINA CITY,Salina city,Salina city,Salina city,Salina city,37714,41843,42303,45679,47707,46889,37714,41843,42297,45591,47407,46520,0,0,6,88,300,369
,Kansas,20,200,Saline County,169,1690,Smoky Hill township,66050,Smoky Hill Township,SMOKY HILL TOWNSHIP,Smoky Hill township,Smoky Hill township,Smoky Hill township,Smoky Hill township,2257,362,408,324,273,239,0,0,0,9,4,5,2257,362,408,315,269,234
,Kansas,20,200,Saline County,169,1690,Smoky View township,66075,Smoky View Township,SMOKY VIEW TOWNSHIP,Smoky View township,Smoky View township,Smoky View township,Smoky View township,668,899,761,954,911,848,0,0,0,0,0,0,668,899,761,954,911,848
,Kansas,20,200,Saline County,169,1690,Smolan township,66125,Smolan Township,SMOLAN TOWNSHIP,Smolan township,Smolan township,Smolan township,Smolan township,1769,675,707,749,775,647,0,0,0,7,65,18,1769,675,707,742,710,629
,Kansas,20,200,Saline County,169,1690,Solomon township,66375,Solomon Township,SOLOMON TOWNSHIP,Solomon township,Solomon township,Solomon township,Solomon township,212,241,259,311,309,321,0,0,0,0,0,0,212,241,259,311,309,321
,Kansas,20,200,Saline County,169,1690,Spring Creek township,67500,Spring Creek Township,SPRING CREEK TOWNSHIP,Spring Creek township,Spring Creek township,Spring Creek township,Spring Creek township,324,359,323,395,410,447,0,0,0,0,0,0,324,359,323,395,410,447
,Kansas,20,200,Saline County,169,1690,Walnut township,75125,Walnut Township,WALNUT TOWNSHIP,Walnut township,Walnut township,Walnut township,Walnut township,308,472,455,553,538,481,0,0,0,0,0,0,308,472,455,553,538,481
,Kansas,20,200,Saline County,169,1690,Washington township,75725,Washington Township,WASHINGTON TOWNSHIP,Washington township,Washington township,Washington township,Washington township,76,72,95,122,172,144,0,0,0,0,0,0,76,72,95,122,172,144
,Kansas,20,200,Scott County,171,1710,Beaver township,5175,Beaver Township,BEAVER TOWNSHIP,Beaver township,Beaver township,Beaver township,Beaver township,281,377,327,302,287,260,0,0,0,0,0,0,281,377,327,302,287,260
,Kansas,20,200,Scott County,171,1710,Isbel township,34575,Isbel Township,ISBEL TOWNSHIP,Isbel township,Isbel township,Isbel township,Isbel township,159,187,136,110,97,88,0,0,0,0,0,0,159,187,136,110,97,88
,Kansas,20,200,Scott County,171,1710,Keystone township,36600,Keystone Township,KEYSTONE TOWNSHIP,Keystone township,Keystone township,Keystone township,Keystone township,126,143,136,106,98,84,0,0,0,0,0,0,126,143,136,106,98,84
,Kansas,20,200,Scott County,171,1710,Lake township,37850,Lake Township,LAKE TOWNSHIP,Lake township,Lake township,Lake township,Lake township,170,124,117,95,75,71,0,0,0,0,0,0,170,124,117,95,75,71
,Kansas,20,200,Scott County,171,1710,Michigan township,46175,Michigan Township,MICHIGAN TOWNSHIP,Michigan township,Michigan township,Michigan township,Michigan township,153,161,117,88,89,80,0,0,0,0,0,0,153,161,117,88,89,80
,Kansas,20,200,Scott County,171,1710,Scott City city,63600,,,,Scott City city,Scott City city,Scott City city,,,,3855,3816,4113,,,,3732,3647,0,,,,123,169,4113
,Kansas,20,200,Scott County,171,1710,Scott township,63575,Scott Township,SCOTT TOWNSHIP,Scott township,Scott township,Scott township,Scott township,4312,4432,4106,309,230,230,4001,4154,3785,20,0,0,311,278,321,289,230,230
,Kansas,20,200,Scott County,171,1710,Valley township,73125,Valley Township,VALLEY TOWNSHIP,Valley township,Valley township,Valley township,Valley township,405,358,350,255,244,225,0,0,0,0,0,0,405,358,350,255,244,225
,Kansas,20,200,Sedgwick County,173,1730,Afton township,425,Afton Township,AFTON TOWNSHIP,Afton township,Afton township,Afton township,Afton township,488,757,846,1290,1531,1563,0,0,0,0,0,0,488,757,846,1290,1531,1563
,Kansas,20,200,Sedgwick County,173,1730,Attica township,3125,Attica Township,ATTICA TOWNSHIP,Attica township,Attica township,Attica township,Attica township,2621,5019,4629,4959,6725,7401,0,0,0,950,5058,5527,2621,5019,4629,4009,1667,1874
,Kansas,20,200,Sedgwick County,173,1730,Bel Aire city,5337,,,Bel Aire city,Bel Aire city,Bel Aire city,Bel Aire city,,,3695,5836,6769,8262,,,3695,5814,6445,8262,,,0,22,324,0
,Kansas,20,200,Sedgwick County,173,1730,Delano township,17375,Delano Township,DELANO TOWNSHIP,Delano township,Delano township,Delano township,Delano township,2366,2148,378,196,11,11,868,1225,125,121,11,11,1498,923,253,75,0,0
,Kansas,20,200,Sedgwick County,173,1730,Eagle township,19250,Eagle Township,EAGLE TOWNSHIP,Eagle township,Eagle township,Eagle township,Eagle township,619,738,895,1069,1205,1161,0,0,0,0,0,0,619,738,895,1069,1205,1161
,Kansas,20,200,Sedgwick County,173,1730,Erie township,21550,Erie Township,ERIE TOWNSHIP,Erie township,Erie township,Erie township,Erie township,79,119,115,106,100,99,0,0,0,0,0,0,79,119,115,106,100,99
,Kansas,20,200,Sedgwick County,173,1730,Garden Plain township,25400,Garden Plain Township,GARDEN PLAIN TOWNSHIP,Garden Plain township,Garden Plain township,Garden Plain township,Garden Plain township,1189,1449,1406,1780,1838,1998,0,0,0,0,0,0,1189,1449,1406,1780,1838,1998
,Kansas,20,200,Sedgwick County,173,1730,Grand River township,27300,Grand River Township,GRAND RIVER TOWNSHIP,Grand River township,Grand River township,Grand River township,Grand River township,354,479,550,607,603,682,0,0,0,0,0,0,354,479,550,607,603,682
,Kansas,20,200,Sedgwick County,173,1730,Grant township,28125,Grant Township,GRANT TOWNSHIP,Grant township,Grant township,Grant township,Grant township,2071,2538,3221,3710,4973,5465,1254,1789,1887,2192,2852,3065,817,749,1334,1518,2121,2400
,Kansas,20,200,Sedgwick County,173,1730,Greeley township,28400,Greeley Township,GREELEY TOWNSHIP,Greeley township,Greeley township,Greeley township,Greeley township,961,1115,1060,1094,1035,1049,0,0,0,0,0,0,961,1115,1060,1094,1035,1049
,Kansas,20,200,Sedgwick County,173,1730,Gypsum township,29300,Gypsum Township,GYPSUM TOWNSHIP,Gypsum township,Gypsum township,Gypsum township,Gypsum township,5196,5432,5581,5822,7379,9959,4009,3415,3191,2103,4029,6679,1187,2017,2390,3719,3350,3280
,Kansas,20,200,Sedgwick County,173,1730,Illinois township,33775,Illinois Township,ILLINOIS TOWNSHIP,Illinois township,Illinois township,Illinois township,Illinois township,753,1297,1553,1620,1860,1999,0,0,0,0,0,0,753,1297,1553,1620,1860,1999
,Kansas,20,200,Sedgwick County,173,1730,Kechi township,36250,Kechi Township,KECHI TOWNSHIP,Kechi township,Kechi township,Kechi township,Kechi township,10556,11584,10460,8041,9027,9776,6979,9077,9156,7477,8378,9294,3577,2507,1304,564,649,482
,Kansas,20,200,Sedgwick County,173,1730,Lincoln township,41150,Lincoln Township,LINCOLN TOWNSHIP,Lincoln township,Lincoln township,Lincoln township,Lincoln township,364,411,427,473,523,519,0,0,0,0,0,0,364,411,427,473,523,519
,Kansas,20,200,Sedgwick County,173,1730,Minneha township,47125,Minneha Township,MINNEHA TOWNSHIP,Minneha township,Minneha township,Minneha township,Minneha township,3669,4629,6566,5084,3417,3365,1490,1273,2321,4341,3291,3290,2179,3356,4245,743,126,75
,Kansas,20,200,Sedgwick County,173,1730,Morton township,48550,Morton Township,MORTON TOWNSHIP,Morton township,Morton township,Morton township,Morton township,1443,1668,1832,2380,2667,2812,0,0,0,0,0,0,1443,1668,1832,2380,2667,2812
,Kansas,20,200,Sedgwick County,173,1730,Ninnescah township,50725,Ninnescah Township,NINNESCAH TOWNSHIP,Ninnescah township,Ninnescah township,Ninnescah township,Ninnescah township,1867,2151,2453,2913,3231,3376,0,0,0,0,0,0,1867,2151,2453,2913,3231,3376
,Kansas,20,200,Sedgwick County,173,1730,Ohio township,52450,Ohio Township,OHIO TOWNSHIP,Ohio township,Ohio township,Ohio township,Ohio township,507,752,892,1146,1980,2159,0,0,0,0,548,804,507,752,892,1146,1432,1355
,Kansas,20,200,Sedgwick County,173,1730,Park township,54425,Park Township,PARK TOWNSHIP,Park township,Park township,Park township,Park township,2872,3585,3954,4128,4615,6841,0,2,71,2656,3167,5273,2872,3583,3883,1472,1448,1568
,Kansas,20,200,Sedgwick County,173,1730,Payne township,55075,Payne Township,PAYNE TOWNSHIP,Payne township,Payne township,Payne township,Payne township,541,874,724,1119,937,1296,0,0,0,29,0,358,541,874,724,1090,937,938
,Kansas,20,200,Sedgwick County,173,1730,Riverside township,60125,Riverside Township,RIVERSIDE TOWNSHIP,Riverside township,Riverside township,Riverside township,Riverside township,10539,11725,14364,15694,13615,13175,9878,11251,13624,15045,13437,12976,661,474,740,649,178,199
,Kansas,20,200,Sedgwick County,173,1730,Rockford township,60675,Rockford Township,ROCKFORD TOWNSHIP,Rockford township,Rockford township,Rockford township,Rockford township,11285,13919,17189,20019,22784,23462,10010,12114,15553,18502,21261,22012,1275,1805,1636,1517,1523,1450
,Kansas,20,200,Sedgwick County,173,1730,Salem township,62675,Salem Township,SALEM TOWNSHIP,Salem township,Salem township,Salem township,Salem township,7380,7697,7827,8411,9486,9368,4663,4678,5204,6095,7515,7583,2717,3019,2623,2316,1971,1785
,Kansas,20,200,Sedgwick County,173,1730,Sherman township,65100,Sherman Township,SHERMAN TOWNSHIP,Sherman township,Sherman township,Sherman township,Sherman township,1025,1089,1251,1362,1716,1991,0,0,0,0,0,0,1025,1089,1251,1362,1716,1991
,Kansas,20,200,Sedgwick County,173,1730,Union township,72375,Union Township,UNION TOWNSHIP,Union township,Union township,Union township,Union township,1591,1629,1945,2156,2410,2595,0,0,0,0,0,0,1591,1629,1945,2156,2410,2595
,Kansas,20,200,Sedgwick County,173,1730,Valley Center township,73275,Valley Center Township,VALLEY CENTER TOWNSHIP,Valley Center township,Valley Center township,Valley Center township,Valley Center township,1858,2442,2985,3642,4356,4751,1297,1511,1737,2377,2791,3133,561,931,1248,1265,1565,1618
,Kansas,20,200,Sedgwick County,173,1730,Viola township,74050,Viola Township,VIOLA TOWNSHIP,Viola township,Viola township,Viola township,Viola township,419,439,484,547,479,497,0,0,0,0,0,0,419,439,484,547,479,497
,Kansas,20,200,Sedgwick County,173,1730,Waco township,74300,Waco Township,WACO TOWNSHIP,Waco township,Waco township,Waco township,Waco township,1430,1574,2369,3381,725,660,325,3,3,2596,172,216,1105,1571,2366,785,553,444
,Kansas,20,200,Sedgwick County,173,1730,Wichita city,79000,Wichita City,WICHITA CITY,Wichita city,Wichita city,Wichita city,Wichita city,276554,279272,304011,344284,382368,397532,276554,279272,304011,343294,381242,396474,0,0,0,990,1126,1058
,Kansas,20,200,Sedgwick County,173,1730,Wichita Township,145,Wichita Township,,,,,,97,,,,,,97,,,,,,0,,,,,
,Kansas,20,200,Seward County,175,1750,Fargo township,23000,Fargo Township,FARGO TOWNSHIP,Fargo township,Fargo township,Fargo township,Fargo township,652,961,1195,1684,1563,1205,0,0,0,0,0,0,652,961,1195,1684,1563,1205
,Kansas,20,200,Seward County,175,1750,Liberal city,39825,Liberal City,LIBERAL CITY,Liberal city,Liberal city,Liberal city,Liberal city,13471,14911,16573,19666,20525,19825,13471,14911,16573,19124,20320,19813,0,0,0,542,205,12
,Kansas,20,200,Seward County,175,1750,Liberal township,39850,Liberal Township,LIBERAL TOWNSHIP,Liberal township,Liberal township,Liberal township,Liberal township,1307,803,616,803,548,699,0,0,0,144,9,30,1307,803,616,659,539,669
,Kansas,20,200,Seward County,175,1750,Morris Township,20,Morris Township,,,,,,113,,,,,,0,,,,,,113,,,,,
,Kansas,20,200,Seward County,175,1750,Seward township,64075,Seward Township,SEWARD TOWNSHIP,Seward township,Seward township,Seward township,Seward township,201,396,359,357,316,235,0,0,0,0,0,0,201,396,359,357,316,235
,Kansas,20,200,Shawnee County,177,1770,Auburn township,3275,Auburn Township,AUBURN TOWNSHIP,Auburn township,Auburn township,Auburn township,Auburn township,1066,1885,2157,2787,3147,3312,0,0,0,0,0,0,1066,1885,2157,2787,3147,3312
,Kansas,20,200,Shawnee County,177,1770,Dover township,18475,Dover Township,DOVER TOWNSHIP,Dover township,Dover township,Dover township,Dover township,976,1124,1220,1734,1524,1677,0,0,0,0,0,0,976,1124,1220,1734,1524,1677
,Kansas,20,200,Shawnee County,177,1770,Grove township,29075,Grove Township,GROVE TOWNSHIP,Grove township,Grove township,Grove township,Grove township,190,214,272,473,696,734,0,0,0,0,0,0,190,214,272,473,696,734
,Kansas,20,200,Shawnee County,177,1770,Menoken township,45850,Menoken Township,MENOKEN TOWNSHIP,Menoken township,Menoken township,Menoken township,Menoken township,912,987,1203,1371,1535,1638,0,0,0,0,47,145,912,987,1203,1371,1488,1493
,Kansas,20,200,Shawnee County,177,1770,Mission township,47275,Mission Township,MISSION TOWNSHIP,Mission township,Mission township,Mission township,Mission township,2473,5082,7370,9070,9365,10055,0,1398,3803,5348,6177,6675,2473,3684,3567,3722,3188,3380
,Kansas,20,200,Shawnee County,177,1770,Monmouth township,47700,Monmouth Township,MONMOUTH TOWNSHIP,Monmouth township,Monmouth township,Monmouth township,Monmouth township,1113,1645,1912,2786,3021,3185,0,0,0,0,0,99,1113,1645,1912,2786,3021,3086
,Kansas,20,200,Shawnee County,177,1770,Rossville township,61425,Rossville Township,ROSSVILLE TOWNSHIP,Rossville township,Rossville township,Rossville township,Rossville township,1376,1596,1581,1681,1907,1882,0,0,0,0,0,0,1376,1596,1581,1681,1907,1882
,Kansas,20,200,Shawnee County,177,1770,Silver Lake township,65625,Silver Lake Township,SILVER LAKE TOWNSHIP,Silver Lake township,Silver Lake township,Silver Lake township,Silver Lake township,1140,1828,1882,1949,2024,1942,0,0,0,0,0,0,1140,1828,1882,1949,2024,1942
,Kansas,20,200,Shawnee County,177,1770,Soldier township,66225,Soldier Township,SOLDIER TOWNSHIP,Soldier township,Soldier township,Soldier township,Soldier township,7225,11017,11491,12867,14732,15109,3,1257,1699,7115,8375,6954,7222,9760,9792,5752,6357,8155
,Kansas,20,200,Shawnee County,177,1770,Tecumseh township,70100,Tecumseh Township,TECUMSEH TOWNSHIP,Tecumseh township,Tecumseh township,Tecumseh township,Tecumseh township,3829,6314,7185,7822,7593,7753,0,3235,4412,5473,5155,5397,3829,3079,2773,2349,2438,2356
,Kansas,20,200,Shawnee County,177,1770,Topeka city,71000,Topeka City,TOPEKA CITY,Topeka city,Topeka city,Topeka city,Topeka city,125011,115266,119883,122377,127473,126587,125011,115266,119883,121518,126963,126321,0,0,0,859,510,266
,Kansas,20,200,Shawnee County,177,1770,Topeka township,71025,Topeka Township,TOPEKA TOWNSHIP,Topeka township,Topeka township,Topeka township,Topeka township,2199,6034,991,931,917,791,540,4050,335,307,329,280,1659,1984,656,624,588,511
,Kansas,20,200,Shawnee County,177,1770,Williamsport township,79350,Williamsport Township,WILLIAMSPORT TOWNSHIP,Williamsport township,Williamsport township,Williamsport township,Williamsport township,7812,1924,3829,4023,4000,4244,6554,730,2579,2650,2731,2925,1258,1194,1250,1373,1269,1319
,Kansas,20,200,Sheridan County,179,1790,Adell township,300,Adell Township,ADELL TOWNSHIP,Adell township,Adell township,Adell township,Adell township,135,46,23,13,12,7,0,0,0,0,0,0,135,46,23,13,12,7
,Kansas,20,200,Sheridan County,179,1790,Bloomfield township,7450,Bloomfield Township,BLOOMFIELD TOWNSHIP,Bloomfield township,Bloomfield township,Bloomfield township,Bloomfield township,52,56,59,45,34,36,0,0,0,0,0,0,52,56,59,45,34,36
,Kansas,20,200,Sheridan County,179,1790,Bowcreek township,8125,Bow Creek Township,BOW CREEK TOWNSHIP,Bowcreek township,Bowcreek township,Bowcreek township,Bowcreek township,92,71,60,54,40,43,0,0,0,0,0,0,92,71,60,54,40,43
,Kansas,20,200,Sheridan County,179,1790,East Saline township,19675,East Saline Township,EAST SALINE TOWNSHIP,East Saline township,East Saline township,East Saline township,East Saline township,135,106,73,66,45,48,0,0,0,0,0,0,135,106,73,66,45,48
,Kansas,20,200,Sheridan County,179,1790,Kenneth township,36525,Kenneth Township,KENNETH TOWNSHIP,Kenneth township,Kenneth township,Kenneth township,Kenneth township,1537,1640,1533,1430,1350,1382,0,0,0,0,0,0,1537,1640,1533,1430,1350,1382
,Kansas,20,200,Sheridan County,179,1790,Logan township,42225,Logan Township,LOGAN TOWNSHIP,Logan township,Logan township,Logan township,Logan township,197,213,144,115,97,130,0,0,0,0,0,0,197,213,144,115,97,130
,Kansas,20,200,Sheridan County,179,1790,Parnell township,54650,Parnell Township,PARNELL TOWNSHIP,Parnell township,Parnell township,Parnell township,Parnell township,136,124,120,104,102,91,0,0,0,0,0,0,136,124,120,104,102,91
,Kansas,20,200,Sheridan County,179,1790,Prairie Dog township,57500,Prairie Dog Township,PRAIRIE DOG TOWNSHIP,Prairie Dog township,Prairie Dog township,Prairie Dog township,Prairie Dog township,117,81,73,71,76,33,0,0,0,0,0,0,117,81,73,71,76,33
,Kansas,20,200,Sheridan County,179,1790,Sheridan township,64750,Sheridan Township,SHERIDAN TOWNSHIP,Sheridan township,Sheridan township,Sheridan township,Sheridan township,406,386,328,269,297,285,0,0,0,0,0,0,406,386,328,269,297,285
,Kansas,20,200,Sheridan County,179,1790,Solomon township,66400,Solomon Township,SOLOMON TOWNSHIP,Solomon township,Solomon township,Solomon township,Solomon township,392,299,240,248,179,135,0,0,0,0,0,0,392,299,240,248,179,135
,Kansas,20,200,Sheridan County,179,1790,Springbrook township,67350,Spring Brook Township,SPRING BROOK TOWNSHIP,Springbrook township,Springbrook township,Springbrook township,Springbrook township,207,156,106,108,110,59,0,0,0,0,0,0,207,156,106,108,110,59
,Kansas,20,200,Sheridan County,179,1790,Union township,72400,Union Township,UNION TOWNSHIP,Union township,Union township,Union township,Union township,107,66,43,60,42,33,0,0,0,0,0,0,107,66,43,60,42,33
,Kansas,20,200,Sheridan County,179,1790,Valley township,73150,Valley Township,VALLEY TOWNSHIP,Valley township,Valley township,Valley township,Valley township,177,162,122,139,109,102,0,0,0,0,0,0,177,162,122,139,109,102
,Kansas,20,200,Sheridan County,179,1790,West Saline township,77375,West Saline Township,WEST SALINE TOWNSHIP,West Saline township,West Saline township,West Saline township,West Saline township,169,138,119,91,63,63,0,0,0,0,0,0,169,138,119,91,63,63
,Kansas,20,200,Sherman County,181,1810,Goodland city,26875,Goodland City,GOODLAND CITY,Goodland city,Goodland city,Goodland city,Goodland city,5510,5708,4983,4948,4489,4465,5510,5708,4983,4831,4441,4388,0,0,0,117,48,77
,Kansas,20,200,Sherman County,181,1810,Grant township,28150,Grant Township,GRANT TOWNSHIP,Grant township,Grant township,Grant township,Grant township,186,135,123,115,80,74,0,0,0,0,0,0,186,135,123,115,80,74
,Kansas,20,200,Sherman County,181,1810,Iowa township,34450,Iowa Township,IOWA TOWNSHIP,Iowa township,Iowa township,Iowa township,Iowa township,58,47,46,44,31,27,0,0,0,0,0,0,58,47,46,44,31,27
,Kansas,20,200,Sherman County,181,1810,Itasca township,34600,Itasca Township,ITASCA TOWNSHIP,Itasca township,Itasca township,Itasca township,Itasca township,266,327,333,321,294,275,0,0,0,9,109,51,266,327,333,312,185,224
,Kansas,20,200,Sherman County,181,1810,Lincoln township,41175,Lincoln Township,LINCOLN TOWNSHIP,Lincoln township,Lincoln township,Lincoln township,Lincoln township,157,169,101,95,92,91,0,0,0,0,0,0,157,169,101,95,92,91
,Kansas,20,200,Sherman County,181,1810,Llanos township,41650,Llanos Township,LLANOS TOWNSHIP,Llanos township,Llanos township,Llanos township,Llanos township,97,71,47,43,51,33,0,0,0,0,0,0,97,71,47,43,51,33
,Kansas,20,200,Sherman County,181,1810,Logan township,42250,Logan Township,LOGAN TOWNSHIP,Logan township,Logan township,Logan township,Logan township,149,220,236,246,222,202,0,0,0,0,0,0,149,220,236,246,222,202
,Kansas,20,200,Sherman County,181,1810,McPherson township,44025,Mc Pherson Township,MCPHERSON TOWNSHIP,McPherson township,McPherson township,McPherson township,McPherson township,113,81,53,52,41,44,0,0,0,0,0,0,113,81,53,52,41,44
,Kansas,20,200,Sherman County,181,1810,Shermanville township,65175,Shermanville Township,SHERMANVILLE TOWNSHIP,Shermanville township,Shermanville township,Shermanville township,Shermanville township,86,41,35,51,27,20,0,0,0,0,0,0,86,41,35,51,27,20
,Kansas,20,200,Sherman County,181,1810,Smoky township,65950,Smoky Township,SMOKY TOWNSHIP,Smoky township,Smoky township,Smoky township,Smoky township,119,113,96,87,77,55,0,0,0,0,0,0,119,113,96,87,77,55
,Kansas,20,200,Sherman County,181,1810,Stateline township,68150,State Line Township,STATE LINE TOWNSHIP,Stateline township,Stateline township,Stateline township,Stateline township,451,332,417,344,253,240,0,0,0,0,0,0,451,332,417,344,253,240
,Kansas,20,200,Sherman County,181,1810,Union township,72425,Union Township,UNION TOWNSHIP,Union township,Union township,Union township,Union township,67,69,53,56,47,64,0,0,0,0,0,0,67,69,53,56,47,64
,Kansas,20,200,Sherman County,181,1810,Voltaire township,74175,Voltaire Township,VOLTAIRE TOWNSHIP,Voltaire township,Voltaire township,Voltaire township,Voltaire township,378,287,290,252,222,265,0,0,0,0,3,0,378,287,290,252,219,265
,Kansas,20,200,Sherman County,181,1810,Washington township,75750,Washington Township,WASHINGTON TOWNSHIP,Washington township,Washington township,Washington township,Washington township,155,159,113,106,84,72,0,0,0,0,0,0,155,159,113,106,84,72
,Kansas,20,200,Smith County,183,1830,Banner township,4100,Banner Township,BANNER TOWNSHIP,Banner township,Banner township,Banner township,Banner township,73,52,60,54,53,48,0,0,0,0,0,0,73,52,60,54,53,48
,Kansas,20,200,Smith County,183,1830,Beaver township,5200,Beaver Township,BEAVER TOWNSHIP,Beaver township,Beaver township,Beaver township,Beaver township,108,91,83,60,48,51,0,0,0,0,0,0,108,91,83,60,48,51
,Kansas,20,200,Smith County,183,1830,Blaine township,7200,Blaine Township,BLAINE TOWNSHIP,Blaine township,Blaine township,Blaine township,Blaine township,100,90,75,60,48,37,0,0,0,0,0,0,100,90,75,60,48,37
,Kansas,20,200,Smith County,183,1830,Cedar township,11350,Cedar Township,CEDAR TOWNSHIP,Cedar township,Cedar township,Cedar township,Cedar township,801,774,665,619,566,484,0,0,0,0,0,0,801,774,665,619,566,484
,Kansas,20,200,Smith County,183,1830,Center township,12175,Center Township,CENTER TOWNSHIP,Center township,Center township,Center township,Center township,2549,2413,2233,2094,1827,1771,0,0,0,0,0,0,2549,2413,2233,2094,1827,1771
,Kansas,20,200,Smith County,183,1830,Cora township,15525,Cora Township,CORA TOWNSHIP,Cora township,Cora township,Cora township,Cora township,111,86,63,38,26,21,0,0,0,0,0,0,111,86,63,38,26,21
,Kansas,20,200,Smith County,183,1830,Crystal Plains township,16575,Crystal Plains Township,CRYSTAL PLAINS TOWNSHIP,Crystal Plains township,Crystal Plains township,Crystal Plains township,Crystal Plains township,72,64,45,40,27,20,0,0,0,0,0,0,72,64,45,40,27,20
,Kansas,20,200,Smith County,183,1830,Dor township,18300,Dor Township,DOR TOWNSHIP,Dor township,Dor township,Dor township,Dor township,78,67,62,46,30,49,0,0,0,0,0,0,78,67,62,46,30,49
,Kansas,20,200,Smith County,183,1830,Garfield township,25825,Garfield Township,GARFIELD TOWNSHIP,Garfield township,Garfield township,Garfield township,Garfield township,63,46,35,33,23,31,0,0,0,0,0,0,63,46,35,33,23,31
,Kansas,20,200,Smith County,183,1830,German township,26150,German Township,GERMAN TOWNSHIP,German township,German township,German township,German township,65,40,41,34,30,19,0,0,0,0,0,0,65,40,41,34,30,19
,Kansas,20,200,Smith County,183,1830,Harlan township,30100,Harlan Township,HARLAN TOWNSHIP,Harlan township,Harlan township,Harlan township,Harlan township,183,145,91,100,83,70,0,0,0,0,0,0,183,145,91,100,83,70
,Kansas,20,200,Smith County,183,1830,Harvey township,30550,Harvey Township,HARVEY TOWNSHIP,Harvey township,Harvey township,Harvey township,Harvey township,191,167,119,130,90,93,0,0,0,0,0,0,191,167,119,130,90,93
,Kansas,20,200,Smith County,183,1830,Houston township,33225,Houston Township,HOUSTON TOWNSHIP,Houston township,Houston township,Houston township,Houston township,328,297,231,206,166,139,0,0,0,0,0,0,328,297,231,206,166,139
,Kansas,20,200,Smith County,183,1830,Lane township,38450,Lane Township,LANE TOWNSHIP,Lane township,Lane township,Lane township,Lane township,219,187,164,134,117,86,0,0,0,0,0,0,219,187,164,134,117,86
,Kansas,20,200,Smith County,183,1830,Lincoln township,41200,Lincoln Township,LINCOLN TOWNSHIP,Lincoln township,Lincoln township,Lincoln township,Lincoln township,165,126,90,73,71,73,0,0,0,0,0,0,165,126,90,73,71,73
,Kansas,20,200,Smith County,183,1830,Logan township,42275,Logan Township,LOGAN TOWNSHIP,Logan township,Logan township,Logan township,Logan township,109,89,55,47,37,35,0,0,0,0,0,0,109,89,55,47,37,35
,Kansas,20,200,Smith County,183,1830,Martin township,45000,Martin Township,MARTIN TOWNSHIP,Martin township,Martin township,Martin township,Martin township,72,51,44,24,18,22,0,0,0,0,0,0,72,51,44,24,18,22
,Kansas,20,200,Smith County,183,1830,Oak township,51650,Oak Township,OAK TOWNSHIP,Oak township,Oak township,Oak township,Oak township,700,565,466,399,285,233,0,0,0,0,0,0,700,565,466,399,285,233
,Kansas,20,200,Smith County,183,1830,Pawnee township,54825,Pawnee Township,PAWNEE TOWNSHIP,Pawnee township,Pawnee township,Pawnee township,Pawnee township,112,82,56,35,24,36,0,0,0,0,0,0,112,82,56,35,24,36
,Kansas,20,200,Smith County,183,1830,Pleasant township,56300,Pleasant Township,PLEASANT TOWNSHIP,Pleasant township,Pleasant township,Pleasant township,Pleasant township,130,83,66,34,37,33,0,0,0,0,0,0,130,83,66,34,37,33
,Kansas,20,200,Smith County,183,1830,Swan township,69625,Swan Township,SWAN TOWNSHIP,Swan township,Swan township,Swan township,Swan township,75,72,57,42,48,28,0,0,0,0,0,0,75,72,57,42,48,28
,Kansas,20,200,Smith County,183,1830,Valley township,73175,Valley Township,VALLEY TOWNSHIP,Valley township,Valley township,Valley township,Valley township,132,106,89,75,56,46,0,0,0,0,0,0,132,106,89,75,56,46
,Kansas,20,200,Smith County,183,1830,Washington township,75775,Washington Township,WASHINGTON TOWNSHIP,Washington township,Washington township,Washington township,Washington township,103,93,75,63,57,61,0,0,0,0,0,0,103,93,75,63,57,61
,Kansas,20,200,Smith County,183,1830,Webster township,76275,Webster Township,WEBSTER TOWNSHIP,Webster township,Webster township,Webster township,Webster township,118,79,53,47,43,47,0,0,0,0,0,0,118,79,53,47,43,47
,Kansas,20,200,Smith County,183,1830,White Rock township,78000,White Rock Township,WHITE ROCK TOWNSHIP,White Rock township,White Rock township,White Rock township,White Rock township,100,82,60,49,43,37,0,0,0,0,0,0,100,82,60,49,43,37
,Kansas,20,200,Stafford County,185,1850,Albano township,800,Albano Township,ALBANO TOWNSHIP,Albano township,Albano township,Albano township,Albano township,81,76,61,56,53,28,0,0,0,0,0,0,81,76,61,56,53,28
,Kansas,20,200,Stafford County,185,1850,Byron township,9825,Byron Township,BYRON TOWNSHIP,Byron township,Byron township,Byron township,Byron township,115,106,88,80,66,63,0,0,0,0,0,0,115,106,88,80,66,63
,Kansas,20,200,Stafford County,185,1850,Clear Creek township,13825,Clear Creek Township,CLEAR CREEK TOWNSHIP,Clear Creek township,Clear Creek township,Clear Creek township,Clear Creek township,62,60,47,36,32,21,0,0,0,0,0,0,62,60,47,36,32,21
,Kansas,20,200,Stafford County,185,1850,Cleveland township,14125,Cleveland Township,CLEVELAND TOWNSHIP,Cleveland township,Cleveland township,Cleveland township,Cleveland township,124,91,102,68,51,65,0,0,0,0,0,0,124,91,102,68,51,65
,Kansas,20,200,Stafford County,185,1850,Douglas township,18375,Douglas Township,DOUGLAS TOWNSHIP,Douglas township,Douglas township,Douglas township,Douglas township,179,165,156,138,112,118,0,0,0,0,0,0,179,165,156,138,112,118
,Kansas,20,200,Stafford County,185,1850,East Cooper township,19350,East Cooper Township,EAST COOPER TOWNSHIP,East Cooper township,East Cooper township,East Cooper township,East Cooper township,94,77,84,90,49,55,0,0,0,0,0,0,94,77,84,90,49,55
,Kansas,20,200,Stafford County,185,1850,Fairview township,22675,Fairview Township,FAIRVIEW TOWNSHIP,Fairview township,Fairview township,Fairview township,Fairview township,154,122,117,98,92,65,0,0,0,0,0,0,154,122,117,98,92,65
,Kansas,20,200,Stafford County,185,1850,Farmington township,23250,Farmington Township,FARMINGTON TOWNSHIP,Farmington township,Farmington township,Farmington township,Farmington township,563,614,569,591,604,521,0,0,0,0,0,0,563,614,569,591,604,521
,Kansas,20,200,Stafford County,185,1850,Hayes township,31025,Hayes Township,HAYES TOWNSHIP,Hayes township,Hayes township,Hayes township,Hayes township,306,275,251,212,196,167,0,0,0,0,0,0,306,275,251,212,196,167
,Kansas,20,200,Stafford County,185,1850,Lincoln township,41225,Lincoln Township,LINCOLN TOWNSHIP,Lincoln township,Lincoln township,Lincoln township,Lincoln township,169,146,164,113,124,88,0,0,0,0,0,0,169,146,164,113,124,88
,Kansas,20,200,Stafford County,185,1850,North Seward township,51375,North Seward Township,NORTH SEWARD TOWNSHIP,North Seward township,North Seward township,North Seward township,North Seward township,211,224,249,186,183,129,0,0,0,0,0,0,211,224,249,186,183,129
,Kansas,20,200,Stafford County,185,1850,Ohio township,52475,Ohio Township,OHIO TOWNSHIP,Ohio township,Ohio township,Ohio township,Ohio township,498,453,441,409,380,377,0,0,0,0,0,0,498,453,441,409,380,377
,Kansas,20,200,Stafford County,185,1850,Putnam township,58050,Putnam Township,PUTNAM TOWNSHIP,Putnam township,Putnam township,Putnam township,Putnam township,33,39,42,19,24,13,0,0,0,0,0,0,33,39,42,19,24,13
,Kansas,20,200,Stafford County,185,1850,Richland township,59650,Richland Township,RICHLAND TOWNSHIP,Richland township,Richland township,Richland township,Richland township,77,80,77,70,40,63,0,0,0,0,0,0,77,80,77,70,40,63
,Kansas,20,200,Stafford County,185,1850,Rose Valley township,61300,Rose Valley Township,ROSE VALLEY TOWNSHIP,Rose Valley township,Rose Valley township,Rose Valley township,Rose Valley township,96,93,81,74,54,46,0,0,0,0,0,0,96,93,81,74,54,46
,Kansas,20,200,Stafford County,185,1850,South Seward township,66975,South Seward Township,SOUTH SEWARD TOWNSHIP,South Seward township,South Seward township,South Seward township,South Seward township,147,85,87,55,46,41,0,0,0,0,0,0,147,85,87,55,46,41
,Kansas,20,200,Stafford County,185,1850,St. John township,62300,St John Township,ST. JOHN TOWNSHIP,St. John township,St. John township,St. John township,St. John township,1185,1221,1093,1037,1036,975,0,0,0,0,0,0,1185,1221,1093,1037,1036,975
,Kansas,20,200,Stafford County,185,1850,Stafford township,67800,Stafford Township,STAFFORD TOWNSHIP,Stafford township,Stafford township,Stafford township,Stafford township,1587,1574,1461,1291,1159,1086,0,0,0,0,0,0,1587,1574,1461,1291,1159,1086
,Kansas,20,200,Stafford County,185,1850,Union township,72450,Union Township,UNION TOWNSHIP,Union township,Union township,Union township,Union township,60,58,38,41,26,39,0,0,0,0,0,0,60,58,38,41,26,39
,Kansas,20,200,Stafford County,185,1850,West Cooper township,76875,West Cooper Township,WEST COOPER TOWNSHIP,West Cooper township,West Cooper township,West Cooper township,West Cooper township,106,74,85,64,61,57,0,0,0,0,0,0,106,74,85,64,61,57
,Kansas,20,200,Stafford County,185,1850,York township,80800,York Township,YORK TOWNSHIP,York township,York township,York township,York township,96,61,72,61,49,55,0,0,0,0,0,0,96,61,72,61,49,55
,Kansas,20,200,Stanton County,187,1870,Big Bow township,6600,Big Bow Township,BIG BOW TOWNSHIP,Big Bow township,Big Bow township,Big Bow township,Big Bow township,536,442,415,338,248,213,0,0,0,0,0,0,536,442,415,338,248,213
,Kansas,20,200,Stanton County,187,1870,Manter township,44400,Manter Township,MANTER TOWNSHIP,Manter township,Manter township,Manter township,Manter township,479,426,354,312,276,252,0,0,0,0,0,0,479,426,354,312,276,252
,Kansas,20,200,Stanton County,187,1870,Stanton township,67975,Stanton Township,STANTON TOWNSHIP,Stanton township,Stanton township,Stanton township,Stanton township,1272,1471,1564,1756,1711,1619,0,0,0,0,0,0,1272,1471,1564,1756,1711,1619
,Kansas,20,200,Stevens County,189,1890,Banner township,4125,Banner Township,BANNER TOWNSHIP,Banner township,Banner township,Banner township,Banner township,181,199,204,164,192,201,0,0,0,0,0,0,181,199,204,164,192,201
,Kansas,20,200,Stevens County,189,1890,Center township,12200,Center Township,CENTER TOWNSHIP,Center township,Center township,Center township,Center township,3118,3521,3735,4131,4396,4148,2739,3165,3179,3751,3930,0,379,356,556,380,466,4148
,Kansas,20,200,Stevens County,189,1890,Harmony township,30150,Harmony Township,HARMONY TOWNSHIP,Harmony township,Harmony township,Harmony township,Harmony township,146,178,146,143,116,84,0,0,0,0,0,0,146,178,146,143,116,84
,Kansas,20,200,Stevens County,189,1890,Moscow township,48625,Moscow Township,MOSCOW TOWNSHIP,Moscow township,Moscow township,Moscow township,Moscow township,482,556,658,711,687,546,0,0,0,0,0,0,482,556,658,711,687,546
,Kansas,20,200,Stevens County,189,1890,Voorhees township,74200,Voorhees Township,VOORHEES TOWNSHIP,Voorhees township,Voorhees township,Voorhees township,Voorhees township,148,128,148,145,191,111,0,0,0,0,0,0,148,128,148,145,191,111
,Kansas,20,200,Stevens County,189,1890,West Center township,76800,West Center Township,WEST CENTER TOWNSHIP,West Center township,West Center township,West Center township,West Center township,123,154,157,169,142,160,0,0,0,0,6,0,123,154,157,169,136,160
,Kansas,20,200,Sumner County,191,1910,Avon township,3575,Avon Township,AVON TOWNSHIP,Avon township,Avon township,Avon township,Avon township,215,278,293,319,317,274,0,0,0,0,0,0,215,278,293,319,317,274
,Kansas,20,200,Sumner County,191,1910,Belle Plaine township,5525,Belle Plaine Township,BELLE PLAINE TOWNSHIP,Belle Plaine township,Belle Plaine township,Belle Plaine township,Belle Plaine township,2182,2926,3543,3504,3287,3082,0,0,0,0,0,0,2182,2926,3543,3504,3287,3082
,Kansas,20,200,Sumner County,191,1910,Bluff township,7750,Bluff Township,BLUFF TOWNSHIP,Bluff township,Bluff township,Bluff township,Bluff township,196,136,106,74,48,59,0,0,0,0,0,0,196,136,106,74,48,59
,Kansas,20,200,Sumner County,191,1910,Caldwell city,9900,Caldwell City,CALDWELL CITY,Caldwell city,Caldwell city,Caldwell city,Caldwell city,1540,1401,1351,1284,1068,1025,0,0,0,0,0,0,1540,1401,1351,1284,1068,1025
,Kansas,20,200,Sumner County,191,1910,Caldwell township,9925,Caldwell Township,CALDWELL TOWNSHIP,Caldwell township,Caldwell township,Caldwell township,Caldwell township,329,313,195,200,157,129,0,0,0,0,0,0,329,313,195,200,157,129
,Kansas,20,200,Sumner County,191,1910,Chikaskia township,13150,Chikaskia Township,CHIKASKIA TOWNSHIP,Chikaskia township,Chikaskia township,Chikaskia township,Chikaskia township,121,112,67,69,59,47,0,0,0,0,0,0,121,112,67,69,59,47
,Kansas,20,200,Sumner County,191,1910,Conway township,15300,Conway Township,CONWAY TOWNSHIP,Conway township,Conway township,Conway township,Conway township,1118,1244,1249,1286,1250,1081,0,0,0,0,0,0,1118,1244,1249,1286,1250,1081
,Kansas,20,200,Sumner County,191,1910,Creek township,16300,Creek Township,CREEK TOWNSHIP,Creek township,Creek township,Creek township,Creek township,244,177,223,241,243,181,0,0,0,0,0,0,244,177,223,241,243,181
,Kansas,20,200,Sumner County,191,1910,Dixon township,18200,Dixon Township,DIXON TOWNSHIP,Dixon township,Dixon township,Dixon township,Dixon township,801,783,726,738,657,606,0,0,0,0,0,0,801,783,726,738,657,606
,Kansas,20,200,Sumner County,191,1910,Downs township,18525,Downs Township,DOWNS TOWNSHIP,Downs township,Downs township,Downs township,Downs township,222,174,200,159,156,139,0,0,0,0,0,0,222,174,200,159,156,139
,Kansas,20,200,Sumner County,191,1910,Eden township,19800,Eden Township,EDEN TOWNSHIP,Eden township,Eden township,Eden township,Eden township,285,324,353,452,414,420,0,0,0,0,0,0,285,324,353,452,414,420
,Kansas,20,200,Sumner County,191,1910,Falls township,22875,Falls Township,FALLS TOWNSHIP,Falls township,Falls township,Falls township,Falls township,278,252,193,187,135,157,0,0,0,0,0,0,278,252,193,187,135,157
,Kansas,20,200,Sumner County,191,1910,Gore township,26975,Gore Township,GORE TOWNSHIP,Gore township,Gore township,Gore township,Gore township,1789,2229,2317,2220,2105,1837,1122,1260,1208,1320,1181,962,667,969,1109,900,924,875
,Kansas,20,200,Sumner County,191,1910,Greene township,28525,Greene Township,GREENE TOWNSHIP,Greene township,Greene township,Greene township,Greene township,107,92,91,80,75,79,0,0,0,0,0,0,107,92,91,80,75,79
,Kansas,20,200,Sumner County,191,1910,Guelph township,29175,Guelph Township,GUELPH TOWNSHIP,Guelph township,Guelph township,Guelph township,Guelph township,196,171,158,164,184,151,0,0,0,0,0,0,196,171,158,164,184,151
,Kansas,20,200,Sumner County,191,1910,Harmon township,30125,Harmon Township,HARMON TOWNSHIP,Harmon township,Harmon township,Harmon township,Harmon township,185,237,271,277,289,235,0,0,0,0,0,0,185,237,271,277,289,235
,Kansas,20,200,Sumner County,191,1910,Illinois township,33800,Illinois Township,ILLINOIS TOWNSHIP,Illinois township,Illinois township,Illinois township,Illinois township,134,130,133,178,173,171,0,0,0,0,0,0,134,130,133,178,173,171
,Kansas,20,200,Sumner County,191,1910,Jackson township,34925,Jackson Township,JACKSON TOWNSHIP,Jackson township,Jackson township,Jackson township,Jackson township,171,175,173,153,140,117,0,0,0,0,0,0,171,175,173,153,140,117
,Kansas,20,200,Sumner County,191,1910,London township,42400,London Township,LONDON TOWNSHIP,London township,London township,London township,London township,400,603,617,774,716,694,0,0,0,0,0,0,400,603,617,774,716,694
,Kansas,20,200,Sumner County,191,1910,Morris township,48375,Morris Township,MORRIS TOWNSHIP,Morris township,Morris township,Morris township,Morris township,63,48,58,35,25,39,0,0,0,0,0,0,63,48,58,35,25,39
,Kansas,20,200,Sumner County,191,1910,Osborne township,53335,Osborn Township,OSBORN TOWNSHIP,Osborne township,Osborne township,Osborne township,Osborne township,303,278,353,273,257,226,0,0,0,0,0,0,303,278,353,273,257,226
,Kansas,20,200,Sumner County,191,1910,Oxford township,53875,Oxford Township,OXFORD TOWNSHIP,Oxford township,Oxford township,Oxford township,Oxford township,1332,1346,1387,1403,1271,1259,0,0,0,0,0,0,1332,1346,1387,1403,1271,1259
,Kansas,20,200,Sumner County,191,1910,Palestine township,54175,Palestine Township,PALESTINE TOWNSHIP,Palestine township,Palestine township,Palestine township,Palestine township,207,271,258,249,230,209,0,0,0,0,0,0,207,271,258,249,230,209
,Kansas,20,200,Sumner County,191,1910,Ryan township,61950,Ryan Township,RYAN TOWNSHIP,Ryan township,Ryan township,Ryan township,Ryan township,316,239,238,239,177,143,0,0,0,0,0,0,316,239,238,239,177,143
,Kansas,20,200,Sumner County,191,1910,Seventy-Six township,64000,Seventy-Six Township,SEVENTY-SIX TOWNSHIP,Seventy-Six township,Seventy-Six township,Seventy-Six township,Seventy-Six township,271,248,253,238,245,274,0,0,0,0,0,0,271,248,253,238,245,274
,Kansas,20,200,Sumner County,191,1910,South Haven township,66675,South Haven Township,SOUTH HAVEN TOWNSHIP,South Haven township,South Haven township,South Haven township,South Haven township,726,733,710,670,567,524,0,0,0,0,0,0,726,733,710,670,567,524
,Kansas,20,200,Sumner County,191,1910,Springdale township,67575,Springdale Township,SPRINGDALE TOWNSHIP,Springdale township,Springdale township,Springdale township,Springdale township,526,565,685,761,753,669,0,0,0,0,0,0,526,565,685,761,753,669
,Kansas,20,200,Sumner County,191,1910,Sumner township,69225,Sumner Township,SUMNER TOWNSHIP,Sumner township,Sumner township,Sumner township,Sumner township,184,180,174,150,124,132,0,0,0,0,0,0,184,180,174,150,124,132
,Kansas,20,200,Sumner County,191,1910,Valverde township,73350,Valverde Township,VALVERDE TOWNSHIP,Valverde township,Valverde township,Valverde township,Valverde township,147,140,128,147,117,118,0,0,0,0,0,0,147,140,128,147,117,118
,Kansas,20,200,Sumner County,191,1910,Walton township,75300,Walton Township,WALTON TOWNSHIP,Walton township,Walton township,Walton township,Walton township,480,454,503,431,361,306,0,0,0,0,0,0,480,454,503,431,361,306
,Kansas,20,200,Sumner County,191,1910,Wellington city,76475,Wellington City,WELLINGTON CITY,Wellington city,Wellington city,Wellington city,Wellington city,8072,8212,8411,8647,8172,7715,8072,8212,8411,8446,7783,7390,0,0,0,201,389,325
,Kansas,20,200,Sumner County,191,1910,Wellington township,76500,Wellington Township,WELLINGTON TOWNSHIP,Wellington township,Wellington township,Wellington township,Wellington township,413,457,424,344,360,284,0,0,0,7,0,8,413,457,424,337,360,276
,Kansas,20,200,Thomas County,193,1930,Barrett township,4325,Barrett Township,BARRETT TOWNSHIP,Barrett township,Barrett township,Barrett township,Barrett township,160,178,153,124,95,109,0,0,0,0,0,0,160,178,153,124,95,109
,Kansas,20,200,Thomas County,193,1930,Colby city,14650,Colby City,COLBY CITY,Colby city,Colby city,Colby city,Colby city,4658,5544,5396,5450,5387,5570,4658,5544,5396,5443,5363,5397,0,0,0,7,24,173
,Kansas,20,200,Thomas County,193,1930,East Hale township,19475,East Hale Township,EAST HALE TOWNSHIP,East Hale township,East Hale township,East Hale township,East Hale township,197,146,143,137,115,105,0,0,0,0,0,0,197,146,143,137,115,105
,Kansas,20,200,Thomas County,193,1930,Kingery township,36925,Kingery Township,KINGERY TOWNSHIP,Kingery township,Kingery township,Kingery township,Kingery township,148,113,100,93,87,98,0,0,0,0,0,0,148,113,100,93,87,98
,Kansas,20,200,Thomas County,193,1930,Lacey township,37425,Lacey Township,LACEY TOWNSHIP,Lacey township,Lacey township,Lacey township,Lacey township,143,158,157,132,121,138,0,0,0,0,0,0,143,158,157,132,121,138
,Kansas,20,200,Thomas County,193,1930,Menlo township,45775,Menlo Township,MENLO TOWNSHIP,Menlo township,Menlo township,Menlo township,Menlo township,145,125,113,112,95,82,0,0,0,0,0,0,145,125,113,112,95,82
,Kansas,20,200,Thomas County,193,1930,Morgan township,48200,Morgan Township,MORGAN TOWNSHIP,Morgan township,Morgan township,Morgan township,Morgan township,455,568,759,755,662,618,0,0,0,111,100,70,455,568,759,644,562,548
,Kansas,20,200,Thomas County,193,1930,North Randall township,51300,North Randall Township,NORTH RANDALL TOWNSHIP,North Randall township,North Randall township,North Randall township,North Randall township,121,117,91,107,85,50,0,0,0,0,0,0,121,117,91,107,85,50
,Kansas,20,200,Thomas County,193,1930,Rovohl township,61525,Rovohl Township,ROVOHL TOWNSHIP,Rovohl township,Rovohl township,Rovohl township,Rovohl township,190,171,169,143,132,129,0,0,0,0,0,0,190,171,169,143,132,129
,Kansas,20,200,Thomas County,193,1930,Smith township,65900,Smith Township,SMITH TOWNSHIP,Smith township,Smith township,Smith township,Smith township,304,280,246,213,278,238,0,0,0,0,0,0,304,280,246,213,278,238
,Kansas,20,200,Thomas County,193,1930,South Randall township,66875,South Randall Township,SOUTH RANDALL TOWNSHIP,South Randall township,South Randall township,South Randall township,South Randall township,276,315,270,267,236,224,0,0,0,0,0,0,276,315,270,267,236,224
,Kansas,20,200,Thomas County,193,1930,Summers township,68975,Summers Township,SUMMERS TOWNSHIP,Summers township,Summers township,Summers township,Summers township,184,212,207,197,189,160,0,0,0,0,0,0,184,212,207,197,189,160
,Kansas,20,200,Thomas County,193,1930,Wendell township,76650,Wendell Township,WENDELL TOWNSHIP,Wendell township,Wendell township,Wendell township,Wendell township,118,114,80,84,57,48,0,0,0,0,0,0,118,114,80,84,57,48
,Kansas,20,200,Thomas County,193,1930,West Hale township,76975,West Hale Township,WEST HALE TOWNSHIP,West Hale township,West Hale township,West Hale township,West Hale township,402,410,374,366,361,361,0,0,0,0,0,0,402,410,374,366,361,361
,Kansas,20,200,Trego County,195,1950,Collyer township,14925,Collyer Township,COLLYER TOWNSHIP,Collyer township,Collyer township,Collyer township,Collyer township,596,523,435,368,312,287,0,0,0,0,0,0,596,523,435,368,312,287
,Kansas,20,200,Trego County,195,1950,Franklin township,24500,Franklin Township,FRANKLIN TOWNSHIP,Franklin township,Franklin township,Franklin township,Franklin township,182,130,88,60,39,32,0,0,0,0,0,0,182,130,88,60,39,32
,Kansas,20,200,Trego County,195,1950,Glencoe township,26425,Glencoe Township,GLENCOE TOWNSHIP,Glencoe township,Glencoe township,Glencoe township,Glencoe township,113,94,82,70,71,66,0,0,0,0,0,0,113,94,82,70,71,66
,Kansas,20,200,Trego County,195,1950,Ogallah township,52250,Ogallah Township,OGALLAH TOWNSHIP,Ogallah township,Ogallah township,Ogallah township,Ogallah township,326,288,240,214,173,155,0,0,0,0,0,0,326,288,240,214,173,155
,Kansas,20,200,Trego County,195,1950,Riverside township,60150,Riverside Township,RIVERSIDE TOWNSHIP,Riverside township,Riverside township,Riverside township,Riverside township,265,196,138,117,79,108,0,0,0,0,0,0,265,196,138,117,79,108
,Kansas,20,200,Trego County,195,1950,WaKeeney township,74475,Wa Keeney Township,WA KEENEY TOWNSHIP,WaKeeney township,WaKeeney township,WaKeeney township,WaKeeney township,2798,2792,2585,2398,2254,2105,0,0,0,0,0,0,2798,2792,2585,2398,2254,2105
,Kansas,20,200,Trego County,195,1950,Wilcox township,79137,Willcox Township,WILCOX TOWNSHIP,Wilcox township,Wilcox township,Wilcox township,Wilcox township,156,142,126,92,73,55,0,0,0,0,0,0,156,142,126,92,73,55
,Kansas,20,200,Wabaunsee County,197,1970,Alma township,1375,Alma Township,ALMA TOWNSHIP,Alma township,Alma township,Alma township,Alma township,1161,1201,1160,1137,1191,1160,0,0,0,0,0,0,1161,1201,1160,1137,1191,1160
,Kansas,20,200,Wabaunsee County,197,1970,Farmer township,23125,Farmer Township,FARMER TOWNSHIP,Farmer township,Farmer township,Farmer township,Farmer township,125,118,108,119,100,83,0,0,0,0,0,0,125,118,108,119,100,83
,Kansas,20,200,Wabaunsee County,197,1970,Garfield township,25850,Garfield Township,GARFIELD TOWNSHIP,Garfield township,Garfield township,Garfield township,Garfield township,606,619,629,590,595,561,0,0,0,0,0,0,606,619,629,590,595,561
,Kansas,20,200,Wabaunsee County,197,1970,Kaw township,36150,Kaw Township,KAW TOWNSHIP,Kaw township,Kaw township,Kaw township,Kaw township,225,257,230,242,261,250,0,0,0,0,0,0,225,257,230,242,261,250
,Kansas,20,200,Wabaunsee County,197,1970,Maple Hill township,44525,Maple Hill Township,MAPLE HILL TOWNSHIP,Maple Hill township,Maple Hill township,Maple Hill township,Maple Hill township,607,777,796,930,1136,1136,0,0,0,0,0,0,607,777,796,930,1136,1136
,Kansas,20,200,Wabaunsee County,197,1970,Mill Creek township,46725,Mill Creek Township,MILL CREEK TOWNSHIP,Mill Creek township,Mill Creek township,Mill Creek township,Mill Creek township,189,311,263,293,232,234,0,0,0,0,0,0,189,311,263,293,232,234
,Kansas,20,200,Wabaunsee County,197,1970,Mission Creek township,47300,Mission Creek Township,MISSION CREEK TOWNSHIP,Mission Creek township,Mission Creek township,Mission Creek township,Mission Creek township,412,453,448,495,496,485,0,0,0,0,0,0,412,453,448,495,496,485
,Kansas,20,200,Wabaunsee County,197,1970,Newbury township,50275,Newbury Township,NEWBURY TOWNSHIP,Newbury township,Newbury township,Newbury township,Newbury township,877,941,934,1045,1042,1091,0,0,0,0,0,0,877,941,934,1045,1042,1091
,Kansas,20,200,Wabaunsee County,197,1970,Plumb township,56800,Plumb Township,PLUMB TOWNSHIP,Plumb township,Plumb township,Plumb township,Plumb township,599,654,617,640,631,600,0,0,0,0,0,0,599,654,617,640,631,600
,Kansas,20,200,Wabaunsee County,197,1970,Rock Creek township,60650,Rock Creek Township,ROCK CREEK TOWNSHIP,Rock Creek township,Rock Creek township,Rock Creek township,Rock Creek township,155,113,92,84,53,45,0,0,0,0,0,0,155,113,92,84,53,45
,Kansas,20,200,Wabaunsee County,197,1970,Wabaunsee township,74250,Wabaunsee Township,WABAUNSEE TOWNSHIP,Wabaunsee township,Wabaunsee township,Wabaunsee township,Wabaunsee township,461,455,455,455,524,579,0,0,0,0,0,0,461,455,455,455,524,579
,Kansas,20,200,Wabaunsee County,197,1970,Washington township,75800,Washington Township,WASHINGTON TOWNSHIP,Washington township,Washington township,Washington township,Washington township,145,114,100,83,76,70,0,0,0,0,0,0,145,114,100,83,76,70
,Kansas,20,200,Wabaunsee County,197,1970,Wilmington township,79525,Wilmington Township,WILMINGTON TOWNSHIP,Wilmington township,Wilmington township,Wilmington township,Wilmington township,835,854,771,772,716,583,0,0,0,0,0,0,835,854,771,772,716,583
,Kansas,20,200,Wallace County,199,1990,Harrison township,30450,Harrison Township,HARRISON TOWNSHIP,Harrison township,Harrison township,Harrison township,Harrison township,140,114,108,85,69,91,0,0,0,0,0,0,140,114,108,85,69,91
,Kansas,20,200,Wallace County,199,1990,Morton township,10,Morton Township,MORTON TOWNSHIP,,,,,78,73,,,,,0,0,,,,,78,73,,,,
,Kansas,20,200,Wallace County,199,1990,North township,15,North Township,NORTH TOWNSHIP,,,,,12,12,,,,,0,0,,,,,12,12,,,,
,Kansas,20,200,Wallace County,199,1990,Sharon Springs township,64400,Sharon Springs Township,SHARON SPRINGS TOWNSHIP,Sharon Springs township,Sharon Springs township,Sharon Springs township,Sharon Springs township,1321,1264,1148,1096,935,925,0,0,0,0,0,0,1321,1264,1148,1096,935,925
,Kansas,20,200,Wallace County,199,1990,Wallace township,74775,Wallace Township,WALLACE TOWNSHIP,Wallace township,Wallace township,Wallace township,Wallace township,280,218,185,175,151,167,0,0,0,0,0,0,280,218,185,175,151,167
,Kansas,20,200,Wallace County,199,1990,Weskan township,76700,Weskan Township,WESKAN TOWNSHIP,Weskan township,Weskan township,Weskan township,Weskan township,384,364,380,393,330,329,0,0,0,0,0,0,384,364,380,393,330,329
,Kansas,20,200,Washington County,201,2010,Barnes township,4275,Barnes Township,BARNES TOWNSHIP,Barnes township,Barnes township,Barnes township,Barnes township,351,394,283,233,212,239,0,0,0,0,0,0,351,394,283,233,212,239
,Kansas,20,200,Washington County,201,2010,Brantford township,8250,Brantford Township,BRANTFORD TOWNSHIP,Brantford township,Brantford township,Brantford township,Brantford township,148,129,109,91,76,60,0,0,0,0,0,0,148,129,109,91,76,60
,Kansas,20,200,Washington County,201,2010,Charleston township,12625,Charleston Township,CHARLESTON TOWNSHIP,Charleston township,Charleston township,Charleston township,Charleston township,176,129,115,99,78,67,0,0,0,0,0,0,176,129,115,99,78,67
,Kansas,20,200,Washington County,201,2010,Clifton township,14225,Clifton Township,CLIFTON TOWNSHIP,Clifton township,Clifton township,Clifton township,Clifton township,589,567,463,459,426,351,0,0,0,0,0,0,589,567,463,459,426,351
,Kansas,20,200,Washington County,201,2010,Coleman township,14750,Coleman Township,COLEMAN TOWNSHIP,Coleman township,Coleman township,Coleman township,Coleman township,133,104,84,64,63,52,0,0,0,0,0,0,133,104,84,64,63,52
,Kansas,20,200,Washington County,201,2010,Farmington township,23275,Farmington Township,FARMINGTON TOWNSHIP,Farmington township,Farmington township,Farmington township,Farmington township,268,216,181,192,165,172,0,0,0,0,0,0,268,216,181,192,165,172
,Kansas,20,200,Washington County,201,2010,Franklin township,24525,Franklin Township,FRANKLIN TOWNSHIP,Franklin township,Franklin township,Franklin township,Franklin township,266,231,146,139,119,84,0,0,0,0,0,0,266,231,146,139,119,84
,Kansas,20,200,Washington County,201,2010,Grant township,28175,Grant Township,GRANT TOWNSHIP,Grant township,Grant township,Grant township,Grant township,109,55,43,25,22,57,0,0,0,0,0,0,109,55,43,25,22,57
,Kansas,20,200,Washington County,201,2010,Greenleaf township,28650,Greenleaf Township,GREENLEAF TOWNSHIP,Greenleaf township,Greenleaf township,Greenleaf township,Greenleaf township,600,585,479,450,403,415,0,0,0,0,0,0,600,585,479,450,403,415
,Kansas,20,200,Washington County,201,2010,Haddam township,29425,Haddam Township,HADDAM TOWNSHIP,Haddam township,Haddam township,Haddam township,Haddam township,477,385,290,246,155,158,0,0,0,0,0,0,477,385,290,246,155,158
,Kansas,20,200,Washington County,201,2010,Hanover township,29900,Hanover Township,HANOVER TOWNSHIP,Hanover township,Hanover township,Hanover township,Hanover township,1073,1071,968,884,887,913,0,0,0,0,0,0,1073,1071,968,884,887,913
,Kansas,20,200,Washington County,201,2010,Highland township,32025,Highland Township,HIGHLAND TOWNSHIP,Highland township,Highland township,Highland township,Highland township,92,80,33,22,35,24,0,0,0,0,0,0,92,80,33,22,35,24
,Kansas,20,200,Washington County,201,2010,Independence township,33950,Independence Township,INDEPENDENCE TOWNSHIP,Independence township,Independence township,Independence township,Independence township,294,229,210,169,132,101,0,0,0,0,0,0,294,229,210,169,132,101
,Kansas,20,200,Washington County,201,2010,Kimeo township,36850,Kimeo Township,KIMEO TOWNSHIP,Kimeo township,Kimeo township,Kimeo township,Kimeo township,138,124,85,75,53,54,0,0,0,0,0,0,138,124,85,75,53,54
,Kansas,20,200,Washington County,201,2010,Lincoln township,41250,Lincoln Township,LINCOLN TOWNSHIP,Lincoln township,Lincoln township,Lincoln township,Lincoln township,178,130,91,84,55,61,0,0,0,0,0,0,178,130,91,84,55,61
,Kansas,20,200,Washington County,201,2010,Linn township,41450,Linn Township,LINN TOWNSHIP,Linn township,Linn township,Linn township,Linn township,643,686,666,599,572,517,0,0,0,0,0,0,643,686,666,599,572,517
,Kansas,20,200,Washington County,201,2010,Little Blue township,41500,Little Blue Township,LITTLE BLUE TOWNSHIP,Little Blue township,Little Blue township,Little Blue township,Little Blue township,169,152,100,93,76,79,0,0,0,0,0,0,169,152,100,93,76,79
,Kansas,20,200,Washington County,201,2010,Logan township,42300,Logan Township,LOGAN TOWNSHIP,Logan township,Logan township,Logan township,Logan township,171,168,143,109,104,108,0,0,0,0,0,0,171,168,143,109,104,108
,Kansas,20,200,Washington County,201,2010,Lowe township,43025,Lowe Township,LOWE TOWNSHIP,Lowe township,Lowe township,Lowe township,Lowe township,132,120,86,76,61,49,0,0,0,0,0,0,132,120,86,76,61,49
,Kansas,20,200,Washington County,201,2010,Mill Creek township,46750,Mill Creek Township,MILL CREEK TOWNSHIP,Mill Creek township,Mill Creek township,Mill Creek township,Mill Creek township,397,333,292,274,228,178,0,0,0,0,0,0,397,333,292,274,228,178
,Kansas,20,200,Washington County,201,2010,Sheridan township,64775,Sheridan Township,SHERIDAN TOWNSHIP,Sheridan township,Sheridan township,Sheridan township,Sheridan township,186,160,121,119,101,92,0,0,0,0,0,0,186,160,121,119,101,92
,Kansas,20,200,Washington County,201,2010,Sherman township,65125,Sherman Township,SHERMAN TOWNSHIP,Sherman township,Sherman township,Sherman township,Sherman township,382,342,276,249,234,249,0,0,0,0,0,0,382,342,276,249,234,249
,Kansas,20,200,Washington County,201,2010,Strawberry township,68550,Strawberry Township,STRAWBERRY TOWNSHIP,Strawberry township,Strawberry township,Strawberry township,Strawberry township,230,227,160,130,126,142,0,0,0,0,0,0,230,227,160,130,126,142
,Kansas,20,200,Washington County,201,2010,Union township,72475,Union Township,UNION TOWNSHIP,Union township,Union township,Union township,Union township,208,192,142,161,104,65,0,0,0,0,0,0,208,192,142,161,104,65
,Kansas,20,200,Washington County,201,2010,Washington city,75825,Washington City,WASHINGTON CITY,Washington city,Washington city,Washington city,Washington city,1584,1488,1304,1223,1131,1071,0,0,0,0,0,0,1584,1488,1304,1223,1131,1071
,Kansas,20,200,Washington County,201,2010,Washington township,75850,Washington Township,WASHINGTON TOWNSHIP,Washington township,Washington township,Washington township,Washington township,255,246,203,218,181,172,0,0,0,0,0,0,255,246,203,218,181,172
,Kansas,20,200,Wichita County,203,2030,Beaver Township,5,Beaver Township,,,,,,280,,,,,,0,,,,,,280,,,,,
,Kansas,20,200,Wichita County,203,2030,Edwards Township,10,Edwards Township,,,,,,366,,,,,,0,,,,,,366,,,,,
,Kansas,20,200,Wichita County,203,2030,Leoti township,39575,Leoti Township,LEOTI TOWNSHIP,Leoti township,Leoti township,Leoti township,Leoti township,2360,3041,2758,2531,2234,2152,0,0,0,0,0,0,2360,3041,2758,2531,2234,2152
,Kansas,20,200,Wichita County,203,2030,Whitewoman Township,20,Whitewoman Township,,,,,,268,,,,,,0,,,,,,268,,,,,
,Kansas,20,200,Wilson County,205,2050,Cedar township,11375,Cedar Township,CEDAR TOWNSHIP,Cedar township,Cedar township,Cedar township,Cedar township,717,862,704,701,613,569,0,0,0,0,0,0,717,862,704,701,613,569
,Kansas,20,200,Wilson County,205,2050,Center township,12225,Center Township,CENTER TOWNSHIP,Center township,Center township,Center township,Center township,649,684,634,618,505,527,0,0,0,0,0,0,649,684,634,618,505,527
,Kansas,20,200,Wilson County,205,2050,Chetopa township,13000,Chetopa Township,CHETOPA TOWNSHIP,Chetopa township,Chetopa township,Chetopa township,Chetopa township,238,230,201,188,162,157,0,0,0,0,0,0,238,230,201,188,162,157
,Kansas,20,200,Wilson County,205,2050,Clifton township,14250,Clifton Township,CLIFTON TOWNSHIP,Clifton township,Clifton township,Clifton township,Clifton township,468,541,455,414,364,323,0,0,0,0,0,0,468,541,455,414,364,323
,Kansas,20,200,Wilson County,205,2050,Colfax township,14825,Colfax Township,COLFAX TOWNSHIP,Colfax township,Colfax township,Colfax township,Colfax township,402,525,442,452,403,389,0,0,0,0,0,0,402,525,442,452,403,389
,Kansas,20,200,Wilson County,205,2050,Duck Creek township,18800,Duck Creek Township,DUCK CREEK TOWNSHIP,Duck Creek township,Duck Creek township,Duck Creek township,Duck Creek township,126,131,109,103,87,76,0,0,0,0,0,0,126,131,109,103,87,76
,Kansas,20,200,Wilson County,205,2050,Fall River township,22825,Fall River Township,FALL RIVER TOWNSHIP,Fall River township,Fall River township,Fall River township,Fall River township,384,392,372,398,359,328,0,0,0,0,0,0,384,392,372,398,359,328
,Kansas,20,200,Wilson County,205,2050,Fredonia city,24575,Fredonia City,FREDONIA CITY,Fredonia city,Fredonia city,Fredonia city,Fredonia city,3080,3047,2599,2600,2482,2151,3080,3047,2599,0,0,0,0,0,0,2600,2482,2151
,Kansas,20,200,Wilson County,205,2050,Guilford township,29200,Guilford Township,GUILFORD TOWNSHIP,Guilford township,Guilford township,Guilford township,Guilford township,218,236,191,205,168,189,0,0,0,0,0,0,218,236,191,205,168,189
,Kansas,20,200,Wilson County,205,2050,Neodesha city,49650,Neodesha City,NEODESHA CITY,Neodesha city,Neodesha city,Neodesha city,Neodesha city,3295,3414,2837,2848,2486,2275,3295,3414,2837,2841,2484,0,0,0,0,7,2,2275
,Kansas,20,200,Wilson County,205,2050,Neodesha township,49675,Neodesha Township,NEODESHA TOWNSHIP,Neodesha township,Neodesha township,Neodesha township,Neodesha township,587,700,599,583,563,598,0,0,0,72,86,0,587,700,599,511,477,598
,Kansas,20,200,Wilson County,205,2050,Newark township,50200,Newark Township,NEWARK TOWNSHIP,Newark township,Newark township,Newark township,Newark township,218,235,228,226,271,234,0,0,0,0,0,0,218,235,228,226,271,234
,Kansas,20,200,Wilson County,205,2050,Pleasant Valley township,56650,Pleasant Valley Township,PLEASANT VALLEY TOWNSHIP,Pleasant Valley township,Pleasant Valley township,Pleasant Valley township,Pleasant Valley township,216,243,182,201,219,178,0,0,0,0,0,0,216,243,182,201,219,178
,Kansas,20,200,Wilson County,205,2050,Prairie township,57425,Prairie Township,PRAIRIE TOWNSHIP,Prairie township,Prairie township,Prairie township,Prairie township,162,113,134,118,130,102,0,0,0,0,0,0,162,113,134,118,130,102
,Kansas,20,200,Wilson County,205,2050,Talleyrand township,69900,Talleyrand Township,TALLEYRAND TOWNSHIP,Talleyrand township,Talleyrand township,Talleyrand township,Talleyrand township,243,273,216,232,227,206,0,0,0,0,0,0,243,273,216,232,227,206
,Kansas,20,200,Wilson County,205,2050,Verdigris township,73500,Verdigris Township,VERDIGRIS TOWNSHIP,Verdigris township,Verdigris township,Verdigris township,Verdigris township,256,427,331,394,322,278,0,0,0,0,0,0,256,427,331,394,322,278
,Kansas,20,200,Wilson County,205,2050,Webster township,76300,Webster Township,WEBSTER TOWNSHIP,Webster township,Webster township,Webster township,Webster township,58,75,55,51,48,44,0,0,0,0,0,0,58,75,55,51,48,44
,Kansas,20,200,Woodson County,207,2070,Belmont township,5,Belmont Township,BELMONT TOWNSHIP,,,,,124,135,,,,,0,0,,,,,124,135,,,,
,Kansas,20,200,Woodson County,207,2070,Center township,12250,Center Township,CENTER TOWNSHIP,Center township,Center township,Center township,Center township,391,309,647,594,527,591,0,0,0,0,0,0,391,309,647,594,527,591
,Kansas,20,200,Woodson County,207,2070,Eminence township,15,Eminence Township,EMINENCE TOWNSHIP,,,,,158,149,,,,,0,0,,,,,158,149,,,,
,Kansas,20,200,Woodson County,207,2070,Everett township,20,Everett Township,EVERETT TOWNSHIP,,,,,178,174,,,,,0,0,,,,,178,174,,,,
,Kansas,20,200,Woodson County,207,2070,Liberty township,40375,Liberty Township,LIBERTY TOWNSHIP,Liberty township,Liberty township,Liberty township,Liberty township,223,205,210,200,176,152,0,0,0,0,0,0,223,205,210,200,176,152
,Kansas,20,200,Woodson County,207,2070,Neosho Falls township,49850,Neosho Falls Township,NEOSHO FALLS TOWNSHIP,Neosho Falls township,Neosho Falls township,Neosho Falls township,Neosho Falls township,490,365,549,537,457,430,0,0,0,0,0,0,490,365,549,537,457,430
,Kansas,20,200,Woodson County,207,2070,North township,51025,North Township,NORTH TOWNSHIP,North township,North township,North township,North township,117,123,93,71,61,60,0,0,0,0,0,0,117,123,93,71,61,60
,Kansas,20,200,Woodson County,207,2070,Owl Creek township,40,Owl Creek Township,OWL CREEK TOWNSHIP,,,,,258,253,,,,,0,0,,,,,258,253,,,,
,Kansas,20,200,Woodson County,207,2070,Perry township,55475,Perry Township,PERRY TOWNSHIP,Perry township,Perry township,Perry township,Perry township,150,147,143,103,104,74,0,0,0,0,0,0,150,147,143,103,104,74
,Kansas,20,200,Woodson County,207,2070,Toronto township,71075,Toronto Township,TORONTO TOWNSHIP,Toronto township,Toronto township,Toronto township,Toronto township,733,742,659,684,567,456,0,0,0,0,0,0,733,742,659,684,567,456
,Kansas,20,200,Woodson County,207,2070,Yates Center city,80700,Yates Center City,YATES CENTER CITY,Yates Center city,Yates Center city,Yates Center city,Yates Center city,1967,1998,1815,1599,1417,1352,0,0,0,0,0,0,1967,1998,1815,1599,1417,1352
,Kansas,20,200,Wyandotte County,209,2090,Bonner Springs city,7975,Bonner Springs City,BONNER SPRINGS CITY,Bonner Springs city,Bonner Springs city,Bonner Springs city,Bonner Springs city,3662,6266,6410,6767,7308,7831,3662,6266,6410,5332,6132,6734,0,0,0,1435,1176,1097
,Kansas,20,200,Wyandotte County,209,2090,Delaware township,17475,Delaware Township,DELAWARE TOWNSHIP,Delaware township,Delaware township,Delaware township,Delaware township,4391,153,166,4200,31,37,0,0,0,3167,0,0,4391,153,166,1033,31,37
,Kansas,20,200,Wyandotte County,209,2090,Edwardsville city,20000,,EDWARDSVILLE CITY,Edwardsville city,,Edwardsville city,Edwardsville city,,3364,3979,,4340,4717,,3364,3979,,3349,3783,,0,0,,991,934
,Kansas,20,200,Wyandotte County,209,2090,Kansas City city,36000,Kansas City City,KANSAS CITY CITY,Kansas City city,Kansas City city,Kansas City city,Kansas City city,168213,161087,149767,146866,145786,156607,168213,161087,149767,140809,138467,149764,0,0,0,6057,7319,6843
,Kansas,20,200,Wyandotte County,209,2090,Lake Quivira city,37975,,LAKE QUIVIRA CITY,Lake Quivira city,Lake Quivira city,Lake Quivira city,Lake Quivira city,,58,40,49,40,53,,58,40,49,8,13,,0,0,0,32,40
,Kansas,20,200,Wyandotte County,209,2090,Prairie township,57450,Prairie Township,PRAIRIE TOWNSHIP,Prairie township,,,,1934,1346,1631,,,,0,0,0,,,,1934,1346,1631,,,
,Kansas,20,200,Wyandotte County,209,2090,Quindaro Township,25,Quindaro Township,,,,,,1924,,,,,,0,,,,,,1924,,,,,
,Kansas,20,200,Wyandotte County,209,2090,Shawnee township,30,Shawnee Township,SHAWNEE TOWNSHIP,,,,,1810,61,,,,,2,61,,,,,1808,0,,,,
,Kansas,20,200,Wyandotte County,209,2090,Wyandotte Township,35,Wyandotte Township,,,,,,4911,,,,,,0,,,,,,4911,,,,,